[03:47:02] INICIANDO ROBÔ SIPII v11 - SIPII + ASSET JSON
[03:47:02] ETAPA 1 — Coletando URLs dinâmicas (12 páginas CAIXA)...
[03:47:04]   [CAIXA] renda-fixa → +34 links (34 total)
[03:47:06]   [CAIXA] referenciados → +4 links (38 total)
[03:47:07]   [CAIXA] fundo-simples → +2 links (40 total)
[03:47:09]   [CAIXA] curto-prazo → +1 links (41 total)
[03:47:10]   [CAIXA] multimercado → +19 links (60 total)
[03:47:12]   [CAIXA] cambiais → +1 links (61 total)
[03:47:13]   [CAIXA] fundos-de-acoes → +10 links (71 total)
[03:47:14]   [CAIXA] fundos-de-indices → +2 links (73 total)
[03:47:16]   [CAIXA] renda-fixa → +8 links (81 total)
[03:47:17]   [CAIXA] empresa → +5 links (86 total)
[03:47:19]   [CAIXA] fmp-fgts → HTTP 404
[03:47:19]   [CAIXA] rpps → +8 links (94 total)
[03:47:20] [CAIXA] Total URLs dinâmicas: 94
[03:47:20] ETAPA 2 — Coletando dados do SIPII...
[03:47:28] [PF] Abrindo SIPII...
[03:47:46]   [PF] RENDA FIXA SIMPLES: 3 fundos.
[03:48:01]   [PF] RENDA FIXA: 39 fundos.
[03:48:07]   [PF] RENDA FIXA REFERENCIADO: 10 fundos.
[03:48:10]   [PF] RENDA FIXA CURTO PRAZO: 1 fundos.
[03:48:22]   [PF] MULTIMERCADO: 30 fundos.
[03:48:25]   [PF] CAMBIAL: 1 fundos.
[03:48:37]   [PF] ACOES: 29 fundos.
[03:48:40]   [PF] FUNDO DE INDICE: 1 fundos.
[03:48:45]   [PF] FUNDOS MUTUOS DE PRIVATIZACAO: 9 fundos.
[03:48:46] [PJ] Abrindo SIPII...
[03:49:04]   [PJ] RENDA FIXA SIMPLES: 5 fundos.
[03:49:19]   [PJ] RENDA FIXA: 38 fundos.
[03:49:23]   [PJ] RENDA FIXA REFERENCIADO: 7 fundos.
[03:49:27]   [PJ] RENDA FIXA CURTO PRAZO: 2 fundos.
[03:49:38]   [PJ] MULTIMERCADO: 27 fundos.
[03:49:41]   [PJ] CAMBIAL: 1 fundos.
[03:49:52]   [PJ] ACOES: 28 fundos.
[03:49:52] [GOV] Abrindo SIPII...
[03:50:10]   [GOV] RENDA FIXA: 2 fundos.
[03:50:13]   [GOV] RENDA FIXA REFERENCIADO: 3 fundos.
[03:50:17]   [GOV] RENDA FIXA CURTO PRAZO: 3 fundos.
[03:50:21]   [GOV] MULTIMERCADO: 6 fundos.
[03:50:25]   [GOV] ACOES: 4 fundos.
[03:50:25] [RPPS] Abrindo SIPII...
[03:50:53]   [RPPS] RENDA FIXA: 19 fundos.
[03:50:57]   [RPPS] RENDA FIXA REFERENCIADO: 4 fundos.
[03:51:04]   [RPPS] MULTIMERCADO: 14 fundos.
[03:51:11]   [RPPS] ACOES: 14 fundos.
[03:51:11] [TODOS] Abrindo SIPII...
[03:51:27]   [TODOS] RENDA FIXA SIMPLES: 2 fundos.
[03:51:42]   [TODOS] RENDA FIXA: 42 fundos.
[03:51:47]   [TODOS] RENDA FIXA REFERENCIADO: 8 fundos.
[03:51:51]   [TODOS] RENDA FIXA CURTO PRAZO: 3 fundos.
[03:51:58]   [TODOS] MULTIMERCADO: 14 fundos.
[03:52:01]   [TODOS] CAMBIAL: 1 fundos.
[03:52:11]   [TODOS] ACOES: 25 fundos.
[03:52:14]   [TODOS] FUNDO DE INDICE: 1 fundos.
[03:52:14] ETAPA 3 — Associando URLs (estáticas + dinâmicas)...
[03:52:14]   Dicionário estático : 116 entradas
[03:52:14]   URLs encontradas    : 148/171
[03:52:14]   Sem URL             : 23/171
[03:52:14]   Fundos SEM URL:
[03:52:14]     - CAIXA FIC FIF EXCLUSIVO FUNC RF CREDITO PRIVADO LP RESP LTDA
[03:52:14]     - CAIXA EXPERT VOX DESENV SUSTENTAVEL IS RF CRED PRIV LP - RESP LTDA (1) (2)
[03:52:14]     - CAIXA EXPERT ABSOLUTE CRETA FIC FIF RF CRED PRIV LP - RESP LTDA (1)
[03:52:14]     - CAIXA EXPERT VINLAND DEB IN INFRA RF CRED PRIV LP RESP LTDA (1) (2) (3)
[03:52:14]     - CAIXA SIGMA FUNCIONARIOS FIC FIF RF REF DI LP - RESP LTDA (2) (3)
[03:52:14]     - CAIXA CARTEIRA QUANT DUO FIC FIF MM LP RESP LTDA (1) (2) (3)
[03:52:14]     - CAIXA CARTEIRA QUANT QUALI FIC FIF MM LP RESP LTDA (1) (2) (3)
[03:52:14]     - CAIXA CARTEIRA QUANT UNO FIC FIF MM LP RESP LTDA (1) (2) (3)
[03:52:14]     - CAIXA FIC FIF FUNCIONARIOS ESTRATEGIA LIVRE MULTIMERCADO LP RESP LTDA (1)
[03:52:14]     - CAIXA HASHDEX NASDAQ CRYPTO INDEX FIC FIF MM RESP LTDA (1) (2)
[03:52:14]     - CAIXA FIC FIM CAPITAL PROTEGIDO CICLICO II LP - RL (1)
[03:52:14]     - CAIXA ATENA FIC FIF AÇÕES FUNCIONÁRIOS LIVRE QUANT RESP LTDA
[03:52:14]     - CAIXA ATENA FIC FIF AÇÕES LIVRE QUANT RESP LTDA
[03:52:14]     - CAIXA FMP-FGTS ELETROBRAS MIGRACAO
[03:52:14]     - CAIXA FMP-FGTS ELETROBRAS RESP LTDA
[03:52:14]     - CAIXA FMP-FGTS PETROBRÁS IV RESP LTDA
[03:52:14]     - CAIXA FMP-FGTS VALE RIO DOCE II RESP LTDA
[03:52:14]     - CAIXA FMP-FGTS CL ABSOLUTO RESP LTDA
[03:52:14]     - CAIXA FMP-FGTS VALE RIO DOCE MIGRAÇÃO RESP LTDA
[03:52:14]     - CAIXA FMP-FGTS PETROBRÁS II RESP LTDA
[03:52:14]     - CAIXA FMP-FGTS VALE RIO DOCE I RESP LTDA
[03:52:14]     - CAIXA FMP-FGTS PETROBRÁS III RESP LTDA
[03:52:14]     - CAIXA ATENA FIC FIF AÇÕES BRASIL LIVRE QUANT RESP LTDA
[03:52:14] ETAPA 4 — Baixando JSON da CAIXA Asset...
[03:52:16]   JSON Asset salvo: /home/runner/work/catalogo-fundos-caixa-v2/catalogo-fundos-caixa-v2/data/fundos_asset.json
[03:52:16]   Histórico JSON salvo: /home/runner/work/catalogo-fundos-caixa-v2/catalogo-fundos-caixa-v2/historico/json/fundos_asset_20260515.json
[03:52:16]   Fundos no JSON Asset: 196
[03:52:16]   Asset matches encontrados: 168/171
[03:52:16]   Asset sem match: 3/171
[03:52:16] CSV salvo: /home/runner/work/catalogo-fundos-caixa-v2/catalogo-fundos-caixa-v2/dados_atuais.csv
[03:52:16] Histórico CSV salvo: /home/runner/work/catalogo-fundos-caixa-v2/catalogo-fundos-caixa-v2/sipii_caixa_20260515.csv
[03:52:17] Excel salvo: /home/runner/work/catalogo-fundos-caixa-v2/catalogo-fundos-caixa-v2/sipii_caixa_20260515.xlsx
[03:52:17] JSON unificado salvo: /home/runner/work/catalogo-fundos-caixa-v2/catalogo-fundos-caixa-v2/data/fundos_unificado.json
[03:52:17] Histórico JSON unificado salvo: /home/runner/work/catalogo-fundos-caixa-v2/catalogo-fundos-caixa-v2/historico/json/fundos_unificado_20260515.json
[03:52:17] SUCESSO: 171 fundos consolidados e enriquecidos salvos.
[14:45:08] INICIANDO ROBÔ SIPII v11 - SIPII + ASSET JSON
[14:45:08] ETAPA 1 — Coletando URLs dinâmicas (12 páginas CAIXA)...
[14:45:12]   [CAIXA] renda-fixa → +34 links (34 total)
[14:45:13]   [CAIXA] referenciados → +4 links (38 total)
[14:45:15]   [CAIXA] fundo-simples → +2 links (40 total)
[14:45:16]   [CAIXA] curto-prazo → +1 links (41 total)
[14:45:18]   [CAIXA] multimercado → +19 links (60 total)
[14:45:20]   [CAIXA] cambiais → +1 links (61 total)
[14:45:22]   [CAIXA] fundos-de-acoes → +10 links (71 total)
[14:45:23]   [CAIXA] fundos-de-indices → +2 links (73 total)
[14:45:25]   [CAIXA] renda-fixa → +8 links (81 total)
[14:45:26]   [CAIXA] empresa → +5 links (86 total)
[14:45:28]   [CAIXA] fmp-fgts → HTTP 404
[14:45:28]   [CAIXA] rpps → +8 links (94 total)
[14:45:29] [CAIXA] Total URLs dinâmicas: 94
[14:45:29] ETAPA 2 — Coletando dados do SIPII...
[14:45:34] [PF] Abrindo SIPII...
[14:45:53]   [PF] RENDA FIXA SIMPLES: 3 fundos.
[14:46:09]   [PF] RENDA FIXA: 39 fundos.
[14:46:14]   [PF] RENDA FIXA REFERENCIADO: 10 fundos.
[14:46:18]   [PF] RENDA FIXA CURTO PRAZO: 1 fundos.
[14:46:30]   [PF] MULTIMERCADO: 30 fundos.
[14:46:34]   [PF] CAMBIAL: 1 fundos.
[14:46:46]   [PF] ACOES: 29 fundos.
[14:46:49]   [PF] FUNDO DE INDICE: 1 fundos.
[14:46:55]   [PF] FUNDOS MUTUOS DE PRIVATIZACAO: 9 fundos.
[14:46:55] [PJ] Abrindo SIPII...
[14:47:16]   [PJ] RENDA FIXA SIMPLES: 5 fundos.
[14:47:31]   [PJ] RENDA FIXA: 38 fundos.
[14:47:36]   [PJ] RENDA FIXA REFERENCIADO: 7 fundos.
[14:47:40]   [PJ] RENDA FIXA CURTO PRAZO: 2 fundos.
[14:47:51]   [PJ] MULTIMERCADO: 27 fundos.
[14:47:55]   [PJ] CAMBIAL: 1 fundos.
[14:48:07]   [PJ] ACOES: 28 fundos.
[14:48:08] [GOV] Abrindo SIPII...
[14:48:26]   [GOV] RENDA FIXA: 2 fundos.
[14:48:29]   [GOV] RENDA FIXA REFERENCIADO: 3 fundos.
[14:48:33]   [GOV] RENDA FIXA CURTO PRAZO: 3 fundos.
[14:48:38]   [GOV] MULTIMERCADO: 6 fundos.
[14:48:42]   [GOV] ACOES: 4 fundos.
[14:48:42] [RPPS] Abrindo SIPII...
[14:49:12]   [RPPS] RENDA FIXA: 19 fundos.
[14:49:16]   [RPPS] RENDA FIXA REFERENCIADO: 4 fundos.
[14:49:24]   [RPPS] MULTIMERCADO: 14 fundos.
[14:49:31]   [RPPS] ACOES: 14 fundos.
[14:49:31] [TODOS] Abrindo SIPII...
[14:49:50]   [TODOS] RENDA FIXA SIMPLES: 2 fundos.
[14:50:07]   [TODOS] RENDA FIXA: 42 fundos.
[14:50:12]   [TODOS] RENDA FIXA REFERENCIADO: 8 fundos.
[14:50:16]   [TODOS] RENDA FIXA CURTO PRAZO: 3 fundos.
[14:50:23]   [TODOS] MULTIMERCADO: 14 fundos.
[14:50:26]   [TODOS] CAMBIAL: 1 fundos.
[14:50:37]   [TODOS] ACOES: 25 fundos.
[14:50:41]   [TODOS] FUNDO DE INDICE: 1 fundos.
[14:50:41] ETAPA 3 — Associando URLs (estáticas + dinâmicas)...
[14:50:41]   Dicionário estático : 116 entradas
[14:50:41]   URLs encontradas    : 148/171
[14:50:41]   Sem URL             : 23/171
[14:50:41]   Fundos SEM URL:
[14:50:41]     - CAIXA FIC FIF EXCLUSIVO FUNC RF CREDITO PRIVADO LP RESP LTDA
[14:50:41]     - CAIXA EXPERT VOX DESENV SUSTENTAVEL IS RF CRED PRIV LP - RESP LTDA (2)
[14:50:41]     - CAIXA EXPERT ABSOLUTE CRETA FIC FIF RF CRED PRIV LP - RESP LTDA
[14:50:41]     - CAIXA EXPERT VINLAND DEB IN INFRA RF CRED PRIV LP RESP LTDA (2) (3)
[14:50:41]     - CAIXA SIGMA FUNCIONARIOS FIC FIF RF REF DI LP - RESP LTDA (2) (3)
[14:50:41]     - CAIXA CARTEIRA QUANT DUO FIC FIF MM LP RESP LTDA (2) (3)
[14:50:41]     - CAIXA CARTEIRA QUANT QUALI FIC FIF MM LP RESP LTDA (2) (3)
[14:50:41]     - CAIXA CARTEIRA QUANT UNO FIC FIF MM LP RESP LTDA (2) (3)
[14:50:41]     - CAIXA FIC FIF FUNCIONARIOS ESTRATEGIA LIVRE MULTIMERCADO LP RESP LTDA
[14:50:41]     - CAIXA HASHDEX NASDAQ CRYPTO INDEX FIC FIF MM RESP LTDA (2)
[14:50:41]     - CAIXA FIC FIM CAPITAL PROTEGIDO CICLICO II LP - RL
[14:50:41]     - CAIXA ATENA FIC FIF AÇÕES FUNCIONÁRIOS LIVRE QUANT RESP LTDA
[14:50:41]     - CAIXA ATENA FIC FIF AÇÕES LIVRE QUANT RESP LTDA
[14:50:41]     - CAIXA FMP-FGTS ELETROBRAS MIGRACAO
[14:50:41]     - CAIXA FMP-FGTS ELETROBRAS RESP LTDA
[14:50:41]     - CAIXA FMP-FGTS PETROBRÁS IV RESP LTDA
[14:50:41]     - CAIXA FMP-FGTS VALE RIO DOCE II RESP LTDA
[14:50:41]     - CAIXA FMP-FGTS CL ABSOLUTO RESP LTDA
[14:50:41]     - CAIXA FMP-FGTS VALE RIO DOCE MIGRAÇÃO RESP LTDA
[14:50:41]     - CAIXA FMP-FGTS PETROBRÁS II RESP LTDA
[14:50:41]     - CAIXA FMP-FGTS VALE RIO DOCE I RESP LTDA
[14:50:41]     - CAIXA FMP-FGTS PETROBRÁS III RESP LTDA
[14:50:41]     - CAIXA ATENA FIC FIF AÇÕES BRASIL LIVRE QUANT RESP LTDA
[14:50:41] ETAPA 4 — Baixando JSON da CAIXA Asset...
[14:50:46]   JSON Asset salvo: /home/runner/work/catalogo-fundos-caixa-v2/catalogo-fundos-caixa-v2/data/fundos_asset.json
[14:50:46]   Histórico JSON salvo: /home/runner/work/catalogo-fundos-caixa-v2/catalogo-fundos-caixa-v2/historico/json/fundos_asset_20260515.json
[14:50:46]   Fundos no JSON Asset: 196
[14:50:46]   Asset matches encontrados: 168/171
[14:50:46]   Asset sem match: 3/171
[14:50:46] CSV salvo: /home/runner/work/catalogo-fundos-caixa-v2/catalogo-fundos-caixa-v2/dados_atuais.csv
[14:50:46] Histórico CSV salvo: /home/runner/work/catalogo-fundos-caixa-v2/catalogo-fundos-caixa-v2/sipii_caixa_20260515.csv
[14:50:47] Excel salvo: /home/runner/work/catalogo-fundos-caixa-v2/catalogo-fundos-caixa-v2/sipii_caixa_20260515.xlsx
[14:50:47] JSON unificado salvo: /home/runner/work/catalogo-fundos-caixa-v2/catalogo-fundos-caixa-v2/data/fundos_unificado.json
[14:50:47] Histórico JSON unificado salvo: /home/runner/work/catalogo-fundos-caixa-v2/catalogo-fundos-caixa-v2/historico/json/fundos_unificado_20260515.json
[14:50:47] SUCESSO: 171 fundos consolidados e enriquecidos salvos.
[16:01:39] INICIANDO ROBÔ SIPII v11 - SIPII + ASSET JSON
[16:01:39] ETAPA 1 — Coletando URLs dinâmicas (12 páginas CAIXA)...
[16:01:42]   [CAIXA] renda-fixa → +34 links (34 total)
[16:01:43]   [CAIXA] referenciados → +4 links (38 total)
[16:01:45]   [CAIXA] fundo-simples → +2 links (40 total)
[16:01:47]   [CAIXA] curto-prazo → +1 links (41 total)
[16:01:48]   [CAIXA] multimercado → +19 links (60 total)
[16:01:50]   [CAIXA] cambiais → +1 links (61 total)
[16:01:52]   [CAIXA] fundos-de-acoes → +10 links (71 total)
[16:01:53]   [CAIXA] fundos-de-indices → +2 links (73 total)
[16:01:55]   [CAIXA] renda-fixa → +8 links (81 total)
[16:01:56]   [CAIXA] empresa → +5 links (86 total)
[16:01:58]   [CAIXA] fmp-fgts → HTTP 404
[16:01:59]   [CAIXA] rpps → +8 links (94 total)
[16:02:00] [CAIXA] Total URLs dinâmicas: 94
[16:02:00] ETAPA 2 — Coletando dados do SIPII...
[16:02:06] [PF] Abrindo SIPII...
[16:02:26]   [PF] RENDA FIXA SIMPLES: 3 fundos.
[16:02:40]   [PF] RENDA FIXA: 39 fundos.
[16:02:46]   [PF] RENDA FIXA REFERENCIADO: 10 fundos.
[16:02:49]   [PF] RENDA FIXA CURTO PRAZO: 1 fundos.
[16:03:01]   [PF] MULTIMERCADO: 30 fundos.
[16:03:04]   [PF] CAMBIAL: 1 fundos.
[16:03:17]   [PF] ACOES: 29 fundos.
[16:03:20]   [PF] FUNDO DE INDICE: 1 fundos.
[16:03:26]   [PF] FUNDOS MUTUOS DE PRIVATIZACAO: 9 fundos.
[16:03:26] [PJ] Abrindo SIPII...
[16:03:48]   [PJ] RENDA FIXA SIMPLES: 5 fundos.
[16:04:02]   [PJ] RENDA FIXA: 38 fundos.
[16:04:07]   [PJ] RENDA FIXA REFERENCIADO: 7 fundos.
[16:04:10]   [PJ] RENDA FIXA CURTO PRAZO: 2 fundos.
[16:04:21]   [PJ] MULTIMERCADO: 27 fundos.
[16:04:24]   [PJ] CAMBIAL: 1 fundos.
[16:04:35]   [PJ] ACOES: 28 fundos.
[16:04:36] [GOV] Abrindo SIPII...
[16:04:54]   [GOV] RENDA FIXA: 2 fundos.
[16:04:57]   [GOV] RENDA FIXA REFERENCIADO: 3 fundos.
[16:05:01]   [GOV] RENDA FIXA CURTO PRAZO: 3 fundos.
[16:05:05]   [GOV] MULTIMERCADO: 6 fundos.
[16:05:09]   [GOV] ACOES: 4 fundos.
[16:05:09] [RPPS] Abrindo SIPII...
[16:05:38]   [RPPS] RENDA FIXA: 19 fundos.
[16:05:42]   [RPPS] RENDA FIXA REFERENCIADO: 4 fundos.
[16:05:49]   [RPPS] MULTIMERCADO: 14 fundos.
[16:05:56]   [RPPS] ACOES: 14 fundos.
[16:05:56] [TODOS] Abrindo SIPII...
[16:06:15]   [TODOS] RENDA FIXA SIMPLES: 2 fundos.
[16:06:31]   [TODOS] RENDA FIXA: 42 fundos.
[16:06:36]   [TODOS] RENDA FIXA REFERENCIADO: 8 fundos.
[16:06:40]   [TODOS] RENDA FIXA CURTO PRAZO: 3 fundos.
[16:06:47]   [TODOS] MULTIMERCADO: 14 fundos.
[16:06:50]   [TODOS] CAMBIAL: 1 fundos.
[16:07:02]   [TODOS] ACOES: 25 fundos.
[16:07:05]   [TODOS] FUNDO DE INDICE: 1 fundos.
[16:07:05] ETAPA 3 — Associando URLs (estáticas + dinâmicas)...
[16:07:05]   Dicionário estático : 116 entradas
[16:07:05]   URLs encontradas    : 148/171
[16:07:05]   Sem URL             : 23/171
[16:07:05]   Fundos SEM URL:
[16:07:05]     - CAIXA FIC FIF EXCLUSIVO FUNC RF CREDITO PRIVADO LP RESP LTDA
[16:07:05]     - CAIXA EXPERT VOX DESENV SUSTENTAVEL IS RF CRED PRIV LP - RESP LTDA (2)
[16:07:05]     - CAIXA EXPERT ABSOLUTE CRETA FIC FIF RF CRED PRIV LP - RESP LTDA
[16:07:05]     - CAIXA EXPERT VINLAND DEB IN INFRA RF CRED PRIV LP RESP LTDA (2) (3)
[16:07:05]     - CAIXA SIGMA FUNCIONARIOS FIC FIF RF REF DI LP - RESP LTDA (2) (3)
[16:07:05]     - CAIXA CARTEIRA QUANT DUO FIC FIF MM LP RESP LTDA (2) (3)
[16:07:05]     - CAIXA CARTEIRA QUANT QUALI FIC FIF MM LP RESP LTDA (2) (3)
[16:07:05]     - CAIXA CARTEIRA QUANT UNO FIC FIF MM LP RESP LTDA (2) (3)
[16:07:05]     - CAIXA FIC FIF FUNCIONARIOS ESTRATEGIA LIVRE MULTIMERCADO LP RESP LTDA
[16:07:05]     - CAIXA HASHDEX NASDAQ CRYPTO INDEX FIC FIF MM RESP LTDA (2)
[16:07:05]     - CAIXA FIC FIM CAPITAL PROTEGIDO CICLICO II LP - RL
[16:07:05]     - CAIXA ATENA FIC FIF AÇÕES FUNCIONÁRIOS LIVRE QUANT RESP LTDA
[16:07:05]     - CAIXA ATENA FIC FIF AÇÕES LIVRE QUANT RESP LTDA
[16:07:05]     - CAIXA FMP-FGTS ELETROBRAS MIGRACAO
[16:07:05]     - CAIXA FMP-FGTS ELETROBRAS RESP LTDA
[16:07:05]     - CAIXA FMP-FGTS PETROBRÁS IV RESP LTDA
[16:07:05]     - CAIXA FMP-FGTS VALE RIO DOCE II RESP LTDA
[16:07:05]     - CAIXA FMP-FGTS CL ABSOLUTO RESP LTDA
[16:07:05]     - CAIXA FMP-FGTS VALE RIO DOCE MIGRAÇÃO RESP LTDA
[16:07:05]     - CAIXA FMP-FGTS PETROBRÁS II RESP LTDA
[16:07:05]     - CAIXA FMP-FGTS VALE RIO DOCE I RESP LTDA
[16:07:05]     - CAIXA FMP-FGTS PETROBRÁS III RESP LTDA
[16:07:05]     - CAIXA ATENA FIC FIF AÇÕES BRASIL LIVRE QUANT RESP LTDA
[16:07:05] ETAPA 4 — Baixando JSON da CAIXA Asset...
[16:07:08]   JSON Asset salvo: /home/runner/work/catalogo-fundos-caixa-v2/catalogo-fundos-caixa-v2/data/fundos_asset.json
[16:07:08]   Histórico JSON salvo: /home/runner/work/catalogo-fundos-caixa-v2/catalogo-fundos-caixa-v2/historico/json/fundos_asset_20260518.json
[16:07:08]   Fundos no JSON Asset: 196
[16:07:08]   Asset matches encontrados: 168/171
[16:07:08]   Asset sem match: 3/171
[16:07:08] CSV salvo: /home/runner/work/catalogo-fundos-caixa-v2/catalogo-fundos-caixa-v2/dados_atuais.csv
[16:07:08] Histórico CSV salvo: /home/runner/work/catalogo-fundos-caixa-v2/catalogo-fundos-caixa-v2/sipii_caixa_20260518.csv
[16:07:09] Excel salvo: /home/runner/work/catalogo-fundos-caixa-v2/catalogo-fundos-caixa-v2/sipii_caixa_20260518.xlsx
[16:07:09] JSON unificado salvo: /home/runner/work/catalogo-fundos-caixa-v2/catalogo-fundos-caixa-v2/data/fundos_unificado.json
[16:07:09] Histórico JSON unificado salvo: /home/runner/work/catalogo-fundos-caixa-v2/catalogo-fundos-caixa-v2/historico/json/fundos_unificado_20260518.json
[16:07:09] SUCESSO: 171 fundos consolidados e enriquecidos salvos.
[15:56:36] INICIANDO ROBÔ SIPII v11 - SIPII + ASSET JSON
[15:56:36] ETAPA 1 — Coletando URLs dinâmicas (12 páginas CAIXA)...
[15:56:42]   [CAIXA] renda-fixa → +34 links (34 total)
[15:56:44]   [CAIXA] referenciados → +4 links (38 total)
[15:56:46]   [CAIXA] fundo-simples → +2 links (40 total)
[15:56:48]   [CAIXA] curto-prazo → +1 links (41 total)
[15:56:51]   [CAIXA] multimercado → +19 links (60 total)
[15:56:54]   [CAIXA] cambiais → +1 links (61 total)
[15:56:56]   [CAIXA] fundos-de-acoes → +10 links (71 total)
[15:56:58]   [CAIXA] fundos-de-indices → +2 links (73 total)
[15:57:00]   [CAIXA] renda-fixa → +8 links (81 total)
[15:57:03]   [CAIXA] empresa → +5 links (86 total)
[15:57:04]   [CAIXA] fmp-fgts → HTTP 404
[15:57:07]   [CAIXA] rpps → +8 links (94 total)
[15:57:08] [CAIXA] Total URLs dinâmicas: 94
[15:57:08] ETAPA 2 — Coletando dados do SIPII...
[15:57:17] [PF] Abrindo SIPII...
[15:57:38]   [PF] RENDA FIXA SIMPLES: 3 fundos.
[15:57:54]   [PF] RENDA FIXA: 39 fundos.
[15:58:02]   [PF] RENDA FIXA REFERENCIADO: 10 fundos.
[15:58:05]   [PF] RENDA FIXA CURTO PRAZO: 1 fundos.
[15:58:19]   [PF] MULTIMERCADO: 30 fundos.
[15:58:23]   [PF] CAMBIAL: 1 fundos.
[15:58:37]   [PF] ACOES: 29 fundos.
[15:58:40]   [PF] FUNDO DE INDICE: 1 fundos.
[15:58:47]   [PF] FUNDOS MUTUOS DE PRIVATIZACAO: 9 fundos.
[15:58:47] [PJ] Abrindo SIPII...
[15:59:09]   [PJ] RENDA FIXA SIMPLES: 5 fundos.
[15:59:25]   [PJ] RENDA FIXA: 38 fundos.
[15:59:31]   [PJ] RENDA FIXA REFERENCIADO: 7 fundos.
[15:59:35]   [PJ] RENDA FIXA CURTO PRAZO: 2 fundos.
[15:59:48]   [PJ] MULTIMERCADO: 27 fundos.
[15:59:51]   [PJ] CAMBIAL: 1 fundos.
[16:00:05]   [PJ] ACOES: 28 fundos.
[16:00:05] [GOV] Abrindo SIPII...
[16:00:25]   [GOV] RENDA FIXA: 2 fundos.
[16:00:29]   [GOV] RENDA FIXA REFERENCIADO: 3 fundos.
[16:00:33]   [GOV] RENDA FIXA CURTO PRAZO: 3 fundos.
[16:00:37]   [GOV] MULTIMERCADO: 6 fundos.
[16:00:41]   [GOV] ACOES: 4 fundos.
[16:00:42] [RPPS] Abrindo SIPII...
[16:01:13]   [RPPS] RENDA FIXA: 19 fundos.
[16:01:18]   [RPPS] RENDA FIXA REFERENCIADO: 4 fundos.
[16:01:26]   [RPPS] MULTIMERCADO: 14 fundos.
[16:01:34]   [RPPS] ACOES: 14 fundos.
[16:01:34] [TODOS] Abrindo SIPII...
[16:01:53]   [TODOS] RENDA FIXA SIMPLES: 2 fundos.
[16:02:11]   [TODOS] RENDA FIXA: 42 fundos.
[16:02:17]   [TODOS] RENDA FIXA REFERENCIADO: 8 fundos.
[16:02:20]   [TODOS] RENDA FIXA CURTO PRAZO: 3 fundos.
[16:02:28]   [TODOS] MULTIMERCADO: 14 fundos.
[16:02:31]   [TODOS] CAMBIAL: 1 fundos.
[16:02:43]   [TODOS] ACOES: 25 fundos.
[16:02:47]   [TODOS] FUNDO DE INDICE: 1 fundos.
[16:02:47] ETAPA 3 — Associando URLs (estáticas + dinâmicas)...
[16:02:47]   Dicionário estático : 116 entradas
[16:02:47]   URLs encontradas    : 148/171
[16:02:47]   Sem URL             : 23/171
[16:02:47]   Fundos SEM URL:
[16:02:47]     - CAIXA FIC FIF EXCLUSIVO FUNC RF CREDITO PRIVADO LP RESP LTDA
[16:02:47]     - CAIXA EXPERT VOX DESENV SUSTENTAVEL IS RF CRED PRIV LP - RESP LTDA (2)
[16:02:47]     - CAIXA EXPERT ABSOLUTE CRETA FIC FIF RF CRED PRIV LP - RESP LTDA
[16:02:47]     - CAIXA EXPERT VINLAND DEB IN INFRA RF CRED PRIV LP RESP LTDA (2) (3)
[16:02:47]     - CAIXA SIGMA FUNCIONARIOS FIC FIF RF REF DI LP - RESP LTDA (2) (3)
[16:02:47]     - CAIXA CARTEIRA QUANT DUO FIC FIF MM LP RESP LTDA (2) (3)
[16:02:47]     - CAIXA CARTEIRA QUANT QUALI FIC FIF MM LP RESP LTDA (2) (3)
[16:02:47]     - CAIXA CARTEIRA QUANT UNO FIC FIF MM LP RESP LTDA (2) (3)
[16:02:47]     - CAIXA FIC FIF FUNCIONARIOS ESTRATEGIA LIVRE MULTIMERCADO LP RESP LTDA
[16:02:47]     - CAIXA HASHDEX NASDAQ CRYPTO INDEX FIC FIF MM RESP LTDA (2)
[16:02:47]     - CAIXA FIC FIM CAPITAL PROTEGIDO CICLICO II LP - RL
[16:02:47]     - CAIXA ATENA FIC FIF AÇÕES FUNCIONÁRIOS LIVRE QUANT RESP LTDA
[16:02:47]     - CAIXA ATENA FIC FIF AÇÕES LIVRE QUANT RESP LTDA
[16:02:47]     - CAIXA FMP-FGTS ELETROBRAS MIGRACAO
[16:02:47]     - CAIXA FMP-FGTS ELETROBRAS RESP LTDA
[16:02:47]     - CAIXA FMP-FGTS PETROBRÁS IV RESP LTDA
[16:02:47]     - CAIXA FMP-FGTS VALE RIO DOCE II RESP LTDA
[16:02:47]     - CAIXA FMP-FGTS CL ABSOLUTO RESP LTDA
[16:02:47]     - CAIXA FMP-FGTS VALE RIO DOCE MIGRAÇÃO RESP LTDA
[16:02:47]     - CAIXA FMP-FGTS PETROBRÁS II RESP LTDA
[16:02:47]     - CAIXA FMP-FGTS VALE RIO DOCE I RESP LTDA
[16:02:47]     - CAIXA FMP-FGTS PETROBRÁS III RESP LTDA
[16:02:47]     - CAIXA ATENA FIC FIF AÇÕES BRASIL LIVRE QUANT RESP LTDA
[16:02:47] ETAPA 4 — Baixando JSON da CAIXA Asset...
[16:02:52]   JSON Asset salvo: /home/runner/work/catalogo-fundos-caixa-v2/catalogo-fundos-caixa-v2/data/fundos_asset.json
[16:02:52]   Histórico JSON salvo: /home/runner/work/catalogo-fundos-caixa-v2/catalogo-fundos-caixa-v2/historico/json/fundos_asset_20260519.json
[16:02:52]   Fundos no JSON Asset: 196
[16:02:52]   Asset matches encontrados: 168/171
[16:02:52]   Asset sem match: 3/171
[16:02:52] CSV salvo: /home/runner/work/catalogo-fundos-caixa-v2/catalogo-fundos-caixa-v2/dados_atuais.csv
[16:02:52] Histórico CSV salvo: /home/runner/work/catalogo-fundos-caixa-v2/catalogo-fundos-caixa-v2/sipii_caixa_20260519.csv
[16:02:52] Excel salvo: /home/runner/work/catalogo-fundos-caixa-v2/catalogo-fundos-caixa-v2/sipii_caixa_20260519.xlsx
[16:02:52] JSON unificado salvo: /home/runner/work/catalogo-fundos-caixa-v2/catalogo-fundos-caixa-v2/data/fundos_unificado.json
[16:02:52] Histórico JSON unificado salvo: /home/runner/work/catalogo-fundos-caixa-v2/catalogo-fundos-caixa-v2/historico/json/fundos_unificado_20260519.json
[16:02:52] SUCESSO: 171 fundos consolidados e enriquecidos salvos.
[16:04:46] INICIANDO ROBÔ SIPII v11 - SIPII + ASSET JSON
[16:04:46] ETAPA 1 — Coletando URLs dinâmicas (12 páginas CAIXA)...
[16:04:47]   [CAIXA] renda-fixa → +34 links (34 total)
[16:04:49]   [CAIXA] referenciados → +4 links (38 total)
[16:04:50]   [CAIXA] fundo-simples → +2 links (40 total)
[16:04:52]   [CAIXA] curto-prazo → +1 links (41 total)
[16:04:53]   [CAIXA] multimercado → +19 links (60 total)
[16:04:55]   [CAIXA] cambiais → +1 links (61 total)
[16:04:57]   [CAIXA] fundos-de-acoes → +10 links (71 total)
[16:04:58]   [CAIXA] fundos-de-indices → +2 links (73 total)
[16:05:00]   [CAIXA] renda-fixa → +8 links (81 total)
[16:05:02]   [CAIXA] empresa → +5 links (86 total)
[16:05:03]   [CAIXA] fmp-fgts → HTTP 404
[16:05:04]   [CAIXA] rpps → +8 links (94 total)
[16:05:05] [CAIXA] Total URLs dinâmicas: 94
[16:05:05] ETAPA 2 — Coletando dados do SIPII...
[16:05:11] [PF] Abrindo SIPII...
[16:05:30]   [PF] RENDA FIXA SIMPLES: 3 fundos.
[16:05:44]   [PF] RENDA FIXA: 39 fundos.
[16:05:50]   [PF] RENDA FIXA REFERENCIADO: 10 fundos.
[16:05:53]   [PF] RENDA FIXA CURTO PRAZO: 1 fundos.
[16:06:05]   [PF] MULTIMERCADO: 30 fundos.
[16:06:08]   [PF] CAMBIAL: 1 fundos.
[16:06:19]   [PF] ACOES: 29 fundos.
[16:06:22]   [PF] FUNDO DE INDICE: 1 fundos.
[16:06:28]   [PF] FUNDOS MUTUOS DE PRIVATIZACAO: 9 fundos.
[16:06:28] [PJ] Abrindo SIPII...
[16:06:47]   [PJ] RENDA FIXA SIMPLES: 5 fundos.
[16:07:01]   [PJ] RENDA FIXA: 38 fundos.
[16:07:06]   [PJ] RENDA FIXA REFERENCIADO: 7 fundos.
[16:07:09]   [PJ] RENDA FIXA CURTO PRAZO: 2 fundos.
[16:07:20]   [PJ] MULTIMERCADO: 27 fundos.
[16:07:23]   [PJ] CAMBIAL: 1 fundos.
[16:07:34]   [PJ] ACOES: 28 fundos.
[16:07:35] [GOV] Abrindo SIPII...
[16:07:51]   [GOV] RENDA FIXA: 2 fundos.
[16:07:54]   [GOV] RENDA FIXA REFERENCIADO: 3 fundos.
[16:07:58]   [GOV] RENDA FIXA CURTO PRAZO: 3 fundos.
[16:08:02]   [GOV] MULTIMERCADO: 6 fundos.
[16:08:06]   [GOV] ACOES: 4 fundos.
[16:08:06] [RPPS] Abrindo SIPII...
[16:08:34]   [RPPS] RENDA FIXA: 19 fundos.
[16:08:38]   [RPPS] RENDA FIXA REFERENCIADO: 4 fundos.
[16:08:45]   [RPPS] MULTIMERCADO: 14 fundos.
[16:08:52]   [RPPS] ACOES: 14 fundos.
[16:08:52] [TODOS] Abrindo SIPII...
[16:09:09]   [TODOS] RENDA FIXA SIMPLES: 2 fundos.
[16:09:24]   [TODOS] RENDA FIXA: 42 fundos.
[16:09:29]   [TODOS] RENDA FIXA REFERENCIADO: 8 fundos.
[16:09:33]   [TODOS] RENDA FIXA CURTO PRAZO: 3 fundos.
[16:09:39]   [TODOS] MULTIMERCADO: 14 fundos.
[16:09:42]   [TODOS] CAMBIAL: 1 fundos.
[16:09:53]   [TODOS] ACOES: 25 fundos.
[16:09:56]   [TODOS] FUNDO DE INDICE: 1 fundos.
[16:09:56] ETAPA 3 — Associando URLs (estáticas + dinâmicas)...
[16:09:56]   Dicionário estático : 116 entradas
[16:09:56]   URLs encontradas    : 148/171
[16:09:56]   Sem URL             : 23/171
[16:09:56]   Fundos SEM URL:
[16:09:56]     - CAIXA FIC FIF EXCLUSIVO FUNC RF CREDITO PRIVADO LP RESP LTDA
[16:09:56]     - CAIXA EXPERT VOX DESENV SUSTENTAVEL IS RF CRED PRIV LP - RESP LTDA (2)
[16:09:56]     - CAIXA EXPERT ABSOLUTE CRETA FIC FIF RF CRED PRIV LP - RESP LTDA
[16:09:56]     - CAIXA EXPERT VINLAND DEB IN INFRA RF CRED PRIV LP RESP LTDA (2) (3)
[16:09:56]     - CAIXA SIGMA FUNCIONARIOS FIC FIF RF REF DI LP - RESP LTDA (2) (3)
[16:09:56]     - CAIXA CARTEIRA QUANT DUO FIC FIF MM LP RESP LTDA (2) (3)
[16:09:56]     - CAIXA CARTEIRA QUANT QUALI FIC FIF MM LP RESP LTDA (2) (3)
[16:09:56]     - CAIXA CARTEIRA QUANT UNO FIC FIF MM LP RESP LTDA (2) (3)
[16:09:56]     - CAIXA FIC FIF FUNCIONARIOS ESTRATEGIA LIVRE MULTIMERCADO LP RESP LTDA
[16:09:56]     - CAIXA HASHDEX NASDAQ CRYPTO INDEX FIC FIF MM RESP LTDA (2)
[16:09:56]     - CAIXA FIC FIM CAPITAL PROTEGIDO CICLICO II LP - RL
[16:09:56]     - CAIXA ATENA FIC FIF AÇÕES FUNCIONÁRIOS LIVRE QUANT RESP LTDA
[16:09:56]     - CAIXA ATENA FIC FIF AÇÕES LIVRE QUANT RESP LTDA
[16:09:56]     - CAIXA FMP-FGTS ELETROBRAS MIGRACAO
[16:09:56]     - CAIXA FMP-FGTS ELETROBRAS RESP LTDA
[16:09:56]     - CAIXA FMP-FGTS PETROBRÁS IV RESP LTDA
[16:09:56]     - CAIXA FMP-FGTS VALE RIO DOCE II RESP LTDA
[16:09:56]     - CAIXA FMP-FGTS CL ABSOLUTO RESP LTDA
[16:09:56]     - CAIXA FMP-FGTS VALE RIO DOCE MIGRAÇÃO RESP LTDA
[16:09:56]     - CAIXA FMP-FGTS PETROBRÁS II RESP LTDA
[16:09:56]     - CAIXA FMP-FGTS VALE RIO DOCE I RESP LTDA
[16:09:56]     - CAIXA FMP-FGTS PETROBRÁS III RESP LTDA
[16:09:56]     - CAIXA ATENA FIC FIF AÇÕES BRASIL LIVRE QUANT RESP LTDA
[16:09:56] ETAPA 4 — Baixando JSON da CAIXA Asset...
[16:09:58]   JSON Asset salvo: /home/runner/work/catalogo-fundos-caixa-v2/catalogo-fundos-caixa-v2/data/fundos_asset.json
[16:09:58]   Histórico JSON salvo: /home/runner/work/catalogo-fundos-caixa-v2/catalogo-fundos-caixa-v2/historico/json/fundos_asset_20260520.json
[16:09:58]   Fundos no JSON Asset: 196
[16:09:58]   Asset matches encontrados: 168/171
[16:09:58]   Asset sem match: 3/171
[16:09:58] CSV salvo: /home/runner/work/catalogo-fundos-caixa-v2/catalogo-fundos-caixa-v2/dados_atuais.csv
[16:09:58] Histórico CSV salvo: /home/runner/work/catalogo-fundos-caixa-v2/catalogo-fundos-caixa-v2/sipii_caixa_20260520.csv
[16:09:59] Excel salvo: /home/runner/work/catalogo-fundos-caixa-v2/catalogo-fundos-caixa-v2/sipii_caixa_20260520.xlsx
[16:09:59] JSON unificado salvo: /home/runner/work/catalogo-fundos-caixa-v2/catalogo-fundos-caixa-v2/data/fundos_unificado.json
[16:09:59] Histórico JSON unificado salvo: /home/runner/work/catalogo-fundos-caixa-v2/catalogo-fundos-caixa-v2/historico/json/fundos_unificado_20260520.json
[16:09:59] SUCESSO: 171 fundos consolidados e enriquecidos salvos.
[15:55:26] INICIANDO ROBÔ SIPII v11 - SIPII + ASSET JSON
[15:55:26] ETAPA 1 — Coletando URLs dinâmicas (12 páginas CAIXA)...
[15:55:29]   [CAIXA] renda-fixa → +34 links (34 total)
[15:55:31]   [CAIXA] referenciados → +4 links (38 total)
[15:55:32]   [CAIXA] fundo-simples → +2 links (40 total)
[15:55:34]   [CAIXA] curto-prazo → +1 links (41 total)
[15:55:35]   [CAIXA] multimercado → +19 links (60 total)
[15:55:38]   [CAIXA] cambiais → +1 links (61 total)
[15:55:39]   [CAIXA] fundos-de-acoes → +10 links (71 total)
[15:55:41]   [CAIXA] fundos-de-indices → +2 links (73 total)
[15:55:42]   [CAIXA] renda-fixa → +8 links (81 total)
[15:55:44]   [CAIXA] empresa → +5 links (86 total)
[15:55:45]   [CAIXA] fmp-fgts → HTTP 404
[15:55:46]   [CAIXA] rpps → +8 links (94 total)
[15:55:47] [CAIXA] Total URLs dinâmicas: 94
[15:55:47] ETAPA 2 — Coletando dados do SIPII...
[15:55:48] [PF] Abrindo SIPII...
[15:56:10]   [PF] RENDA FIXA SIMPLES: 3 fundos.
[15:56:25]   [PF] RENDA FIXA: 39 fundos.
[15:56:31]   [PF] RENDA FIXA REFERENCIADO: 10 fundos.
[15:56:35]   [PF] RENDA FIXA CURTO PRAZO: 1 fundos.
[15:56:47]   [PF] MULTIMERCADO: 30 fundos.
[15:56:51]   [PF] CAMBIAL: 1 fundos.
[15:57:03]   [PF] ACOES: 29 fundos.
[15:57:07]   [PF] FUNDO DE INDICE: 1 fundos.
[15:57:13]   [PF] FUNDOS MUTUOS DE PRIVATIZACAO: 9 fundos.
[15:57:13] [PJ] Abrindo SIPII...
[15:57:34]   [PJ] RENDA FIXA SIMPLES: 5 fundos.
[15:57:49]   [PJ] RENDA FIXA: 38 fundos.
[15:57:54]   [PJ] RENDA FIXA REFERENCIADO: 7 fundos.
[15:57:58]   [PJ] RENDA FIXA CURTO PRAZO: 2 fundos.
[15:58:09]   [PJ] MULTIMERCADO: 27 fundos.
[15:58:13]   [PJ] CAMBIAL: 1 fundos.
[15:58:25]   [PJ] ACOES: 28 fundos.
[15:58:25] [GOV] Abrindo SIPII...
[15:58:44]   [GOV] RENDA FIXA: 2 fundos.
[15:58:48]   [GOV] RENDA FIXA REFERENCIADO: 3 fundos.
[15:58:52]   [GOV] RENDA FIXA CURTO PRAZO: 3 fundos.
[15:58:56]   [GOV] MULTIMERCADO: 6 fundos.
[15:59:00]   [GOV] ACOES: 4 fundos.
[15:59:01] [RPPS] Abrindo SIPII...
[15:59:32]   [RPPS] RENDA FIXA: 19 fundos.
[15:59:36]   [RPPS] RENDA FIXA REFERENCIADO: 4 fundos.
[15:59:44]   [RPPS] MULTIMERCADO: 14 fundos.
[15:59:52]   [RPPS] ACOES: 14 fundos.
[15:59:52] [TODOS] Abrindo SIPII...
[16:00:12]   [TODOS] RENDA FIXA SIMPLES: 2 fundos.
[16:00:29]   [TODOS] RENDA FIXA: 42 fundos.
[16:00:34]   [TODOS] RENDA FIXA REFERENCIADO: 8 fundos.
[16:00:38]   [TODOS] RENDA FIXA CURTO PRAZO: 3 fundos.
[16:00:46]   [TODOS] MULTIMERCADO: 14 fundos.
[16:00:49]   [TODOS] CAMBIAL: 1 fundos.
[16:01:00]   [TODOS] ACOES: 25 fundos.
[16:01:04]   [TODOS] FUNDO DE INDICE: 1 fundos.
[16:01:04] ETAPA 3 — Associando URLs (estáticas + dinâmicas)...
[16:01:04]   Dicionário estático : 116 entradas
[16:01:04]   URLs encontradas    : 148/171
[16:01:04]   Sem URL             : 23/171
[16:01:04]   Fundos SEM URL:
[16:01:04]     - CAIXA FIC FIF EXCLUSIVO FUNC RF CREDITO PRIVADO LP RESP LTDA
[16:01:04]     - CAIXA EXPERT VOX DESENV SUSTENTAVEL IS RF CRED PRIV LP - RESP LTDA (2)
[16:01:04]     - CAIXA EXPERT ABSOLUTE CRETA FIC FIF RF CRED PRIV LP - RESP LTDA
[16:01:04]     - CAIXA EXPERT VINLAND DEB IN INFRA RF CRED PRIV LP RESP LTDA (2) (3)
[16:01:04]     - CAIXA SIGMA FUNCIONARIOS FIC FIF RF REF DI LP - RESP LTDA (2) (3)
[16:01:04]     - CAIXA CARTEIRA QUANT DUO FIC FIF MM LP RESP LTDA (2) (3)
[16:01:04]     - CAIXA CARTEIRA QUANT QUALI FIC FIF MM LP RESP LTDA (2) (3)
[16:01:04]     - CAIXA CARTEIRA QUANT UNO FIC FIF MM LP RESP LTDA (2) (3)
[16:01:04]     - CAIXA FIC FIF FUNCIONARIOS ESTRATEGIA LIVRE MULTIMERCADO LP RESP LTDA
[16:01:04]     - CAIXA HASHDEX NASDAQ CRYPTO INDEX FIC FIF MM RESP LTDA (2)
[16:01:04]     - CAIXA FIC FIM CAPITAL PROTEGIDO CICLICO II LP - RL
[16:01:04]     - CAIXA ATENA FIC FIF AÇÕES FUNCIONÁRIOS LIVRE QUANT RESP LTDA
[16:01:04]     - CAIXA ATENA FIC FIF AÇÕES LIVRE QUANT RESP LTDA
[16:01:04]     - CAIXA FMP-FGTS ELETROBRAS MIGRACAO
[16:01:04]     - CAIXA FMP-FGTS ELETROBRAS RESP LTDA
[16:01:04]     - CAIXA FMP-FGTS PETROBRÁS IV RESP LTDA
[16:01:04]     - CAIXA FMP-FGTS VALE RIO DOCE II RESP LTDA
[16:01:04]     - CAIXA FMP-FGTS CL ABSOLUTO RESP LTDA
[16:01:04]     - CAIXA FMP-FGTS VALE RIO DOCE MIGRAÇÃO RESP LTDA
[16:01:04]     - CAIXA FMP-FGTS PETROBRÁS II RESP LTDA
[16:01:04]     - CAIXA FMP-FGTS VALE RIO DOCE I RESP LTDA
[16:01:04]     - CAIXA FMP-FGTS PETROBRÁS III RESP LTDA
[16:01:04]     - CAIXA ATENA FIC FIF AÇÕES BRASIL LIVRE QUANT RESP LTDA
[16:01:04] ETAPA 4 — Baixando JSON da CAIXA Asset...
[16:01:06]   JSON Asset salvo: /home/runner/work/catalogo-fundos-caixa-v2/catalogo-fundos-caixa-v2/data/fundos_asset.json
[16:01:06]   Histórico JSON salvo: /home/runner/work/catalogo-fundos-caixa-v2/catalogo-fundos-caixa-v2/historico/json/fundos_asset_20260521.json
[16:01:06]   Fundos no JSON Asset: 196
[16:01:06]   Asset matches encontrados: 168/171
[16:01:06]   Asset sem match: 3/171
[16:01:06] CSV salvo: /home/runner/work/catalogo-fundos-caixa-v2/catalogo-fundos-caixa-v2/dados_atuais.csv
[16:01:06] Histórico CSV salvo: /home/runner/work/catalogo-fundos-caixa-v2/catalogo-fundos-caixa-v2/sipii_caixa_20260521.csv
[16:01:07] Excel salvo: /home/runner/work/catalogo-fundos-caixa-v2/catalogo-fundos-caixa-v2/sipii_caixa_20260521.xlsx
[16:01:07] JSON unificado salvo: /home/runner/work/catalogo-fundos-caixa-v2/catalogo-fundos-caixa-v2/data/fundos_unificado.json
[16:01:07] Histórico JSON unificado salvo: /home/runner/work/catalogo-fundos-caixa-v2/catalogo-fundos-caixa-v2/historico/json/fundos_unificado_20260521.json
[16:01:07] SUCESSO: 171 fundos consolidados e enriquecidos salvos.
[15:29:39] INICIANDO ROBÔ SIPII v11 - SIPII + ASSET JSON
[15:29:39] ETAPA 1 — Coletando URLs dinâmicas (12 páginas CAIXA)...
[15:29:41]   [CAIXA] renda-fixa → +34 links (34 total)
[15:29:42]   [CAIXA] referenciados → +4 links (38 total)
[15:29:45]   [CAIXA] fundo-simples → +2 links (40 total)
[15:29:46]   [CAIXA] curto-prazo → +1 links (41 total)
[15:29:48]   [CAIXA] multimercado → +19 links (60 total)
[15:29:51]   [CAIXA] cambiais → +1 links (61 total)
[15:29:52]   [CAIXA] fundos-de-acoes → +10 links (71 total)
[15:29:54]   [CAIXA] fundos-de-indices → +2 links (73 total)
[15:29:55]   [CAIXA] renda-fixa → +8 links (81 total)
[15:29:57]   [CAIXA] empresa → +5 links (86 total)
[15:29:58]   [CAIXA] fmp-fgts → HTTP 404
[15:29:58]   [CAIXA] rpps → +8 links (94 total)
[15:29:59] [CAIXA] Total URLs dinâmicas: 94
[15:30:00] ETAPA 2 — Coletando dados do SIPII...
[15:30:05] [PF] Abrindo SIPII...
[15:30:24]   [PF] RENDA FIXA SIMPLES: 3 fundos.
[15:30:40]   [PF] RENDA FIXA: 39 fundos.
[15:30:46]   [PF] RENDA FIXA REFERENCIADO: 10 fundos.
[15:30:49]   [PF] RENDA FIXA CURTO PRAZO: 1 fundos.
[15:31:02]   [PF] MULTIMERCADO: 30 fundos.
[15:31:05]   [PF] CAMBIAL: 1 fundos.
[15:31:18]   [PF] ACOES: 29 fundos.
[15:31:21]   [PF] FUNDO DE INDICE: 1 fundos.
[15:31:26]   [PF] FUNDOS MUTUOS DE PRIVATIZACAO: 9 fundos.
[15:31:27] [PJ] Abrindo SIPII...
[15:31:45]   [PJ] RENDA FIXA SIMPLES: 5 fundos.
[15:32:00]   [PJ] RENDA FIXA: 38 fundos.
[15:32:05]   [PJ] RENDA FIXA REFERENCIADO: 7 fundos.
[15:32:08]   [PJ] RENDA FIXA CURTO PRAZO: 2 fundos.
[15:32:20]   [PJ] MULTIMERCADO: 27 fundos.
[15:32:23]   [PJ] CAMBIAL: 1 fundos.
[15:32:35]   [PJ] ACOES: 28 fundos.
[15:32:36] [GOV] Abrindo SIPII...
[15:32:53]   [GOV] RENDA FIXA: 2 fundos.
[15:32:56]   [GOV] RENDA FIXA REFERENCIADO: 3 fundos.
[15:33:00]   [GOV] RENDA FIXA CURTO PRAZO: 3 fundos.
[15:33:05]   [GOV] MULTIMERCADO: 6 fundos.
[15:33:08]   [GOV] ACOES: 4 fundos.
[15:33:09] [RPPS] Abrindo SIPII...
[15:33:38]   [RPPS] RENDA FIXA: 19 fundos.
[15:33:42]   [RPPS] RENDA FIXA REFERENCIADO: 4 fundos.
[15:33:50]   [RPPS] MULTIMERCADO: 14 fundos.
[15:33:57]   [RPPS] ACOES: 14 fundos.
[15:33:57] [TODOS] Abrindo SIPII...
[15:34:14]   [TODOS] RENDA FIXA SIMPLES: 2 fundos.
[15:34:31]   [TODOS] RENDA FIXA: 42 fundos.
[15:34:36]   [TODOS] RENDA FIXA REFERENCIADO: 8 fundos.
[15:34:40]   [TODOS] RENDA FIXA CURTO PRAZO: 3 fundos.
[15:34:47]   [TODOS] MULTIMERCADO: 14 fundos.
[15:34:50]   [TODOS] CAMBIAL: 1 fundos.
[15:35:01]   [TODOS] ACOES: 25 fundos.
[15:35:04]   [TODOS] FUNDO DE INDICE: 1 fundos.
[15:35:04] ETAPA 3 — Associando URLs (estáticas + dinâmicas)...
[15:35:04]   Dicionário estático : 116 entradas
[15:35:04]   URLs encontradas    : 148/171
[15:35:04]   Sem URL             : 23/171
[15:35:04]   Fundos SEM URL:
[15:35:04]     - CAIXA FIC FIF EXCLUSIVO FUNC RF CREDITO PRIVADO LP RESP LTDA
[15:35:04]     - CAIXA EXPERT VOX DESENV SUSTENTAVEL IS RF CRED PRIV LP - RESP LTDA (2)
[15:35:04]     - CAIXA EXPERT ABSOLUTE CRETA FIC FIF RF CRED PRIV LP - RESP LTDA
[15:35:04]     - CAIXA EXPERT VINLAND DEB IN INFRA RF CRED PRIV LP RESP LTDA (2) (3)
[15:35:04]     - CAIXA SIGMA FUNCIONARIOS FIC FIF RF REF DI LP - RESP LTDA (2) (3)
[15:35:04]     - CAIXA CARTEIRA QUANT DUO FIC FIF MM LP RESP LTDA (2) (3)
[15:35:04]     - CAIXA CARTEIRA QUANT QUALI FIC FIF MM LP RESP LTDA (2) (3)
[15:35:04]     - CAIXA CARTEIRA QUANT UNO FIC FIF MM LP RESP LTDA (2) (3)
[15:35:04]     - CAIXA FIC FIF FUNCIONARIOS ESTRATEGIA LIVRE MULTIMERCADO LP RESP LTDA
[15:35:04]     - CAIXA HASHDEX NASDAQ CRYPTO INDEX FIC FIF MM RESP LTDA (2)
[15:35:04]     - CAIXA FIC FIM CAPITAL PROTEGIDO CICLICO II LP - RL
[15:35:04]     - CAIXA ATENA FIC FIF AÇÕES FUNCIONÁRIOS LIVRE QUANT RESP LTDA
[15:35:04]     - CAIXA ATENA FIC FIF AÇÕES LIVRE QUANT RESP LTDA
[15:35:04]     - CAIXA FMP-FGTS ELETROBRAS MIGRACAO
[15:35:04]     - CAIXA FMP-FGTS ELETROBRAS RESP LTDA
[15:35:04]     - CAIXA FMP-FGTS PETROBRÁS IV RESP LTDA
[15:35:04]     - CAIXA FMP-FGTS VALE RIO DOCE II RESP LTDA
[15:35:04]     - CAIXA FMP-FGTS CL ABSOLUTO RESP LTDA
[15:35:04]     - CAIXA FMP-FGTS VALE RIO DOCE MIGRAÇÃO RESP LTDA
[15:35:04]     - CAIXA FMP-FGTS PETROBRÁS II RESP LTDA
[15:35:04]     - CAIXA FMP-FGTS VALE RIO DOCE I RESP LTDA
[15:35:04]     - CAIXA FMP-FGTS PETROBRÁS III RESP LTDA
[15:35:04]     - CAIXA ATENA FIC FIF AÇÕES BRASIL LIVRE QUANT RESP LTDA
[15:35:04] ETAPA 4 — Baixando JSON da CAIXA Asset...
[15:35:08]   JSON Asset salvo: /home/runner/work/catalogo-fundos-caixa-v2/catalogo-fundos-caixa-v2/data/fundos_asset.json
[15:35:08]   Histórico JSON salvo: /home/runner/work/catalogo-fundos-caixa-v2/catalogo-fundos-caixa-v2/historico/json/fundos_asset_20260522.json
[15:35:08]   Fundos no JSON Asset: 196
[15:35:08]   Asset matches encontrados: 168/171
[15:35:08]   Asset sem match: 3/171
[15:35:08] CSV salvo: /home/runner/work/catalogo-fundos-caixa-v2/catalogo-fundos-caixa-v2/dados_atuais.csv
[15:35:08] Histórico CSV salvo: /home/runner/work/catalogo-fundos-caixa-v2/catalogo-fundos-caixa-v2/sipii_caixa_20260522.csv
[15:35:08] Excel salvo: /home/runner/work/catalogo-fundos-caixa-v2/catalogo-fundos-caixa-v2/sipii_caixa_20260522.xlsx
[15:35:08] JSON unificado salvo: /home/runner/work/catalogo-fundos-caixa-v2/catalogo-fundos-caixa-v2/data/fundos_unificado.json
[15:35:08] Histórico JSON unificado salvo: /home/runner/work/catalogo-fundos-caixa-v2/catalogo-fundos-caixa-v2/historico/json/fundos_unificado_20260522.json
[15:35:08] SUCESSO: 171 fundos consolidados e enriquecidos salvos.
[15:35:05] INICIANDO ROBÔ SIPII v11 - SIPII + ASSET JSON
[15:35:05] ETAPA 1 — Coletando URLs dinâmicas (12 páginas CAIXA)...
[15:35:07]   [CAIXA] renda-fixa → +34 links (34 total)
[15:35:09]   [CAIXA] referenciados → +4 links (38 total)
[15:35:10]   [CAIXA] fundo-simples → +2 links (40 total)
[15:35:12]   [CAIXA] curto-prazo → +1 links (41 total)
[15:35:13]   [CAIXA] multimercado → +19 links (60 total)
[15:35:15]   [CAIXA] cambiais → +1 links (61 total)
[15:35:17]   [CAIXA] fundos-de-acoes → +10 links (71 total)
[15:35:18]   [CAIXA] fundos-de-indices → +2 links (73 total)
[15:35:20]   [CAIXA] renda-fixa → +8 links (81 total)
[15:35:22]   [CAIXA] empresa → +5 links (86 total)
[15:35:23]   [CAIXA] fmp-fgts → HTTP 404
[15:35:23]   [CAIXA] rpps → +8 links (94 total)
[15:35:24] [CAIXA] Total URLs dinâmicas: 94
[15:35:24] ETAPA 2 — Coletando dados do SIPII...
[15:35:26] [PF] Abrindo SIPII...
[15:35:44]   [PF] RENDA FIXA SIMPLES: 3 fundos.
[15:36:00]   [PF] RENDA FIXA: 39 fundos.
[15:36:06]   [PF] RENDA FIXA REFERENCIADO: 10 fundos.
[15:36:09]   [PF] RENDA FIXA CURTO PRAZO: 1 fundos.
[15:36:20]   [PF] MULTIMERCADO: 30 fundos.
[15:36:23]   [PF] CAMBIAL: 1 fundos.
[15:36:35]   [PF] ACOES: 29 fundos.
[15:36:38]   [PF] FUNDO DE INDICE: 1 fundos.
[15:36:44]   [PF] FUNDOS MUTUOS DE PRIVATIZACAO: 9 fundos.
[15:36:45] [PJ] Abrindo SIPII...
[15:37:04]   [PJ] RENDA FIXA SIMPLES: 5 fundos.
[15:37:18]   [PJ] RENDA FIXA: 38 fundos.
[15:37:23]   [PJ] RENDA FIXA REFERENCIADO: 7 fundos.
[15:37:27]   [PJ] RENDA FIXA CURTO PRAZO: 2 fundos.
[15:37:39]   [PJ] MULTIMERCADO: 27 fundos.
[15:37:42]   [PJ] CAMBIAL: 1 fundos.
[15:37:54]   [PJ] ACOES: 28 fundos.
[15:37:54] [GOV] Abrindo SIPII...
[15:38:12]   [GOV] RENDA FIXA: 2 fundos.
[15:38:15]   [GOV] RENDA FIXA REFERENCIADO: 3 fundos.
[15:38:19]   [GOV] RENDA FIXA CURTO PRAZO: 3 fundos.
[15:38:23]   [GOV] MULTIMERCADO: 6 fundos.
[15:38:27]   [GOV] ACOES: 4 fundos.
[15:38:28] [RPPS] Abrindo SIPII...
[15:38:56]   [RPPS] RENDA FIXA: 19 fundos.
[15:39:00]   [RPPS] RENDA FIXA REFERENCIADO: 4 fundos.
[15:39:07]   [RPPS] MULTIMERCADO: 14 fundos.
[15:39:14]   [RPPS] ACOES: 14 fundos.
[15:39:14] [TODOS] Abrindo SIPII...
[15:39:32]   [TODOS] RENDA FIXA SIMPLES: 2 fundos.
[15:39:48]   [TODOS] RENDA FIXA: 42 fundos.
[15:39:53]   [TODOS] RENDA FIXA REFERENCIADO: 8 fundos.
[15:39:57]   [TODOS] RENDA FIXA CURTO PRAZO: 3 fundos.
[15:40:04]   [TODOS] MULTIMERCADO: 14 fundos.
[15:40:07]   [TODOS] CAMBIAL: 1 fundos.
[15:40:18]   [TODOS] ACOES: 25 fundos.
[15:40:21]   [TODOS] FUNDO DE INDICE: 1 fundos.
[15:40:22] ETAPA 3 — Associando URLs (estáticas + dinâmicas)...
[15:40:22]   Dicionário estático : 116 entradas
[15:40:22]   URLs encontradas    : 148/171
[15:40:22]   Sem URL             : 23/171
[15:40:22]   Fundos SEM URL:
[15:40:22]     - CAIXA FIC FIF EXCLUSIVO FUNC RF CREDITO PRIVADO LP RESP LTDA
[15:40:22]     - CAIXA EXPERT VOX DESENV SUSTENTAVEL IS RF CRED PRIV LP - RESP LTDA (2)
[15:40:22]     - CAIXA EXPERT ABSOLUTE CRETA FIC FIF RF CRED PRIV LP - RESP LTDA
[15:40:22]     - CAIXA EXPERT VINLAND DEB IN INFRA RF CRED PRIV LP RESP LTDA (2) (3)
[15:40:22]     - CAIXA SIGMA FUNCIONARIOS FIC FIF RF REF DI LP - RESP LTDA (2) (3)
[15:40:22]     - CAIXA CARTEIRA QUANT DUO FIC FIF MM LP RESP LTDA (2) (3)
[15:40:22]     - CAIXA CARTEIRA QUANT QUALI FIC FIF MM LP RESP LTDA (2) (3)
[15:40:22]     - CAIXA CARTEIRA QUANT UNO FIC FIF MM LP RESP LTDA (2) (3)
[15:40:22]     - CAIXA FIC FIF FUNCIONARIOS ESTRATEGIA LIVRE MULTIMERCADO LP RESP LTDA
[15:40:22]     - CAIXA HASHDEX NASDAQ CRYPTO INDEX FIC FIF MM RESP LTDA (2)
[15:40:22]     - CAIXA FIC FIM CAPITAL PROTEGIDO CICLICO II LP - RL
[15:40:22]     - CAIXA ATENA FIC FIF AÇÕES FUNCIONÁRIOS LIVRE QUANT RESP LTDA
[15:40:22]     - CAIXA ATENA FIC FIF AÇÕES LIVRE QUANT RESP LTDA
[15:40:22]     - CAIXA FMP-FGTS ELETROBRAS MIGRACAO
[15:40:22]     - CAIXA FMP-FGTS ELETROBRAS RESP LTDA
[15:40:22]     - CAIXA FMP-FGTS PETROBRÁS IV RESP LTDA
[15:40:22]     - CAIXA FMP-FGTS VALE RIO DOCE II RESP LTDA
[15:40:22]     - CAIXA FMP-FGTS CL ABSOLUTO RESP LTDA
[15:40:22]     - CAIXA FMP-FGTS VALE RIO DOCE MIGRAÇÃO RESP LTDA
[15:40:22]     - CAIXA FMP-FGTS PETROBRÁS II RESP LTDA
[15:40:22]     - CAIXA FMP-FGTS VALE RIO DOCE I RESP LTDA
[15:40:22]     - CAIXA FMP-FGTS PETROBRÁS III RESP LTDA
[15:40:22]     - CAIXA ATENA FIC FIF AÇÕES BRASIL LIVRE QUANT RESP LTDA
[15:40:22] ETAPA 4 — Baixando JSON da CAIXA Asset...
[15:40:24]   JSON Asset salvo: /home/runner/work/catalogo-fundos-caixa-v2/catalogo-fundos-caixa-v2/data/fundos_asset.json
[15:40:24]   Histórico JSON salvo: /home/runner/work/catalogo-fundos-caixa-v2/catalogo-fundos-caixa-v2/historico/json/fundos_asset_20260525.json
[15:40:24]   Fundos no JSON Asset: 196
[15:40:24]   Asset matches encontrados: 168/171
[15:40:24]   Asset sem match: 3/171
[15:40:24] CSV salvo: /home/runner/work/catalogo-fundos-caixa-v2/catalogo-fundos-caixa-v2/dados_atuais.csv
[15:40:24] Histórico CSV salvo: /home/runner/work/catalogo-fundos-caixa-v2/catalogo-fundos-caixa-v2/sipii_caixa_20260525.csv
[15:40:25] Excel salvo: /home/runner/work/catalogo-fundos-caixa-v2/catalogo-fundos-caixa-v2/sipii_caixa_20260525.xlsx
[15:40:25] JSON unificado salvo: /home/runner/work/catalogo-fundos-caixa-v2/catalogo-fundos-caixa-v2/data/fundos_unificado.json
[15:40:25] Histórico JSON unificado salvo: /home/runner/work/catalogo-fundos-caixa-v2/catalogo-fundos-caixa-v2/historico/json/fundos_unificado_20260525.json
[15:40:25] SUCESSO: 171 fundos consolidados e enriquecidos salvos.
[16:15:46] INICIANDO ROBÔ SIPII v11 - SIPII + ASSET JSON
[16:15:46] ETAPA 1 — Coletando URLs dinâmicas (12 páginas CAIXA)...
[16:15:48]   [CAIXA] renda-fixa → +34 links (34 total)
[16:15:49]   [CAIXA] referenciados → +4 links (38 total)
[16:15:51]   [CAIXA] fundo-simples → +2 links (40 total)
[16:15:53]   [CAIXA] curto-prazo → +1 links (41 total)
[16:15:54]   [CAIXA] multimercado → +19 links (60 total)
[16:15:56]   [CAIXA] cambiais → +1 links (61 total)
[16:15:57]   [CAIXA] fundos-de-acoes → +10 links (71 total)
[16:15:59]   [CAIXA] fundos-de-indices → +2 links (73 total)
[16:16:00]   [CAIXA] renda-fixa → +8 links (81 total)
[16:16:02]   [CAIXA] empresa → +5 links (86 total)
[16:16:03]   [CAIXA] fmp-fgts → HTTP 404
[16:16:04]   [CAIXA] rpps → +8 links (94 total)
[16:16:05] [CAIXA] Total URLs dinâmicas: 94
[16:16:05] ETAPA 2 — Coletando dados do SIPII...
[16:16:12] [PF] Abrindo SIPII...
[16:16:30]   [PF] RENDA FIXA SIMPLES: 3 fundos.
[16:16:45]   [PF] RENDA FIXA: 39 fundos.
[16:16:51]   [PF] RENDA FIXA REFERENCIADO: 10 fundos.
[16:16:54]   [PF] RENDA FIXA CURTO PRAZO: 1 fundos.
[16:17:06]   [PF] MULTIMERCADO: 30 fundos.
[16:17:09]   [PF] CAMBIAL: 1 fundos.
[16:17:21]   [PF] ACOES: 29 fundos.
[16:17:24]   [PF] FUNDO DE INDICE: 1 fundos.
[16:17:29]   [PF] FUNDOS MUTUOS DE PRIVATIZACAO: 9 fundos.
[16:17:30] [PJ] Abrindo SIPII...
[16:17:48]   [PJ] RENDA FIXA SIMPLES: 5 fundos.
[16:18:02]   [PJ] RENDA FIXA: 38 fundos.
[16:18:07]   [PJ] RENDA FIXA REFERENCIADO: 7 fundos.
[16:18:10]   [PJ] RENDA FIXA CURTO PRAZO: 2 fundos.
[16:18:21]   [PJ] MULTIMERCADO: 27 fundos.
[16:18:24]   [PJ] CAMBIAL: 1 fundos.
[16:18:36]   [PJ] ACOES: 28 fundos.
[16:18:36] [GOV] Abrindo SIPII...
[16:18:53]   [GOV] RENDA FIXA: 2 fundos.
[16:18:56]   [GOV] RENDA FIXA REFERENCIADO: 3 fundos.
[16:19:00]   [GOV] RENDA FIXA CURTO PRAZO: 3 fundos.
[16:19:04]   [GOV] MULTIMERCADO: 6 fundos.
[16:19:08]   [GOV] ACOES: 4 fundos.
[16:19:08] [RPPS] Abrindo SIPII...
[16:19:36]   [RPPS] RENDA FIXA: 19 fundos.
[16:19:40]   [RPPS] RENDA FIXA REFERENCIADO: 4 fundos.
[16:19:47]   [RPPS] MULTIMERCADO: 14 fundos.
[16:19:54]   [RPPS] ACOES: 14 fundos.
[16:19:54] [TODOS] Abrindo SIPII...
[16:20:11]   [TODOS] RENDA FIXA SIMPLES: 2 fundos.
[16:20:27]   [TODOS] RENDA FIXA: 42 fundos.
[16:20:32]   [TODOS] RENDA FIXA REFERENCIADO: 8 fundos.
[16:20:36]   [TODOS] RENDA FIXA CURTO PRAZO: 3 fundos.
[16:20:43]   [TODOS] MULTIMERCADO: 14 fundos.
[16:20:46]   [TODOS] CAMBIAL: 1 fundos.
[16:20:56]   [TODOS] ACOES: 25 fundos.
[16:21:00]   [TODOS] FUNDO DE INDICE: 1 fundos.
[16:21:00] ETAPA 3 — Associando URLs (estáticas + dinâmicas)...
[16:21:00]   Dicionário estático : 116 entradas
[16:21:00]   URLs encontradas    : 148/171
[16:21:00]   Sem URL             : 23/171
[16:21:00]   Fundos SEM URL:
[16:21:00]     - CAIXA FIC FIF EXCLUSIVO FUNC RF CREDITO PRIVADO LP RESP LTDA
[16:21:00]     - CAIXA EXPERT VOX DESENV SUSTENTAVEL IS RF CRED PRIV LP - RESP LTDA (2)
[16:21:00]     - CAIXA EXPERT ABSOLUTE CRETA FIC FIF RF CRED PRIV LP - RESP LTDA
[16:21:00]     - CAIXA EXPERT VINLAND DEB IN INFRA RF CRED PRIV LP RESP LTDA (2) (3)
[16:21:00]     - CAIXA SIGMA FUNCIONARIOS FIC FIF RF REF DI LP - RESP LTDA (2) (3)
[16:21:00]     - CAIXA CARTEIRA QUANT DUO FIC FIF MM LP RESP LTDA (2) (3)
[16:21:00]     - CAIXA CARTEIRA QUANT QUALI FIC FIF MM LP RESP LTDA (2) (3)
[16:21:00]     - CAIXA CARTEIRA QUANT UNO FIC FIF MM LP RESP LTDA (2) (3)
[16:21:00]     - CAIXA FIC FIF FUNCIONARIOS ESTRATEGIA LIVRE MULTIMERCADO LP RESP LTDA
[16:21:00]     - CAIXA HASHDEX NASDAQ CRYPTO INDEX FIC FIF MM RESP LTDA (2)
[16:21:00]     - CAIXA FIC FIM CAPITAL PROTEGIDO CICLICO II LP - RL
[16:21:00]     - CAIXA ATENA FIC FIF AÇÕES FUNCIONÁRIOS LIVRE QUANT RESP LTDA
[16:21:00]     - CAIXA ATENA FIC FIF AÇÕES LIVRE QUANT RESP LTDA
[16:21:00]     - CAIXA FMP-FGTS ELETROBRAS MIGRACAO
[16:21:00]     - CAIXA FMP-FGTS ELETROBRAS RESP LTDA
[16:21:00]     - CAIXA FMP-FGTS PETROBRÁS IV RESP LTDA
[16:21:00]     - CAIXA FMP-FGTS VALE RIO DOCE II RESP LTDA
[16:21:00]     - CAIXA FMP-FGTS CL ABSOLUTO RESP LTDA
[16:21:00]     - CAIXA FMP-FGTS VALE RIO DOCE MIGRAÇÃO RESP LTDA
[16:21:00]     - CAIXA FMP-FGTS PETROBRÁS II RESP LTDA
[16:21:00]     - CAIXA FMP-FGTS VALE RIO DOCE I RESP LTDA
[16:21:00]     - CAIXA FMP-FGTS PETROBRÁS III RESP LTDA
[16:21:00]     - CAIXA ATENA FIC FIF AÇÕES BRASIL LIVRE QUANT RESP LTDA
[16:21:00] ETAPA 4 — Baixando JSON da CAIXA Asset...
[16:21:02]   JSON Asset salvo: /home/runner/work/catalogo-fundos-caixa-v2/catalogo-fundos-caixa-v2/data/fundos_asset.json
[16:21:02]   Histórico JSON salvo: /home/runner/work/catalogo-fundos-caixa-v2/catalogo-fundos-caixa-v2/historico/json/fundos_asset_20260526.json
[16:21:02]   Fundos no JSON Asset: 196
[16:21:02]   Asset matches encontrados: 168/171
[16:21:02]   Asset sem match: 3/171
[16:21:02] CSV salvo: /home/runner/work/catalogo-fundos-caixa-v2/catalogo-fundos-caixa-v2/dados_atuais.csv
[16:21:02] Histórico CSV salvo: /home/runner/work/catalogo-fundos-caixa-v2/catalogo-fundos-caixa-v2/sipii_caixa_20260526.csv
[16:21:03] Excel salvo: /home/runner/work/catalogo-fundos-caixa-v2/catalogo-fundos-caixa-v2/sipii_caixa_20260526.xlsx
[16:21:03] JSON unificado salvo: /home/runner/work/catalogo-fundos-caixa-v2/catalogo-fundos-caixa-v2/data/fundos_unificado.json
[16:21:03] Histórico JSON unificado salvo: /home/runner/work/catalogo-fundos-caixa-v2/catalogo-fundos-caixa-v2/historico/json/fundos_unificado_20260526.json
[16:21:03] SUCESSO: 171 fundos consolidados e enriquecidos salvos.
[16:23:15] INICIANDO ROBÔ SIPII v11 - SIPII + ASSET JSON
[16:23:15] ETAPA 1 — Coletando URLs dinâmicas (12 páginas CAIXA)...
[16:23:17]   [CAIXA] renda-fixa → +34 links (34 total)
[16:23:18]   [CAIXA] referenciados → +4 links (38 total)
[16:23:20]   [CAIXA] fundo-simples → +2 links (40 total)
[16:23:21]   [CAIXA] curto-prazo → +1 links (41 total)
[16:23:23]   [CAIXA] multimercado → +19 links (60 total)
[16:23:25]   [CAIXA] cambiais → +1 links (61 total)
[16:23:27]   [CAIXA] fundos-de-acoes → +10 links (71 total)
[16:23:29]   [CAIXA] fundos-de-indices → +2 links (73 total)
[16:23:30]   [CAIXA] renda-fixa → +8 links (81 total)
[16:23:32]   [CAIXA] empresa → +5 links (86 total)
[16:23:33]   [CAIXA] fmp-fgts → HTTP 404
[16:23:33]   [CAIXA] rpps → +8 links (94 total)
[16:23:34] [CAIXA] Total URLs dinâmicas: 94
[16:23:34] ETAPA 2 — Coletando dados do SIPII...
[16:23:41] [PF] Abrindo SIPII...
[16:24:00]   [PF] RENDA FIXA SIMPLES: 3 fundos.
[16:24:16]   [PF] RENDA FIXA: 39 fundos.
[16:24:21]   [PF] RENDA FIXA REFERENCIADO: 10 fundos.
[16:24:24]   [PF] RENDA FIXA CURTO PRAZO: 1 fundos.
[16:24:37]   [PF] MULTIMERCADO: 30 fundos.
[16:24:40]   [PF] CAMBIAL: 1 fundos.
[16:24:53]   [PF] ACOES: 29 fundos.
[16:24:56]   [PF] FUNDO DE INDICE: 1 fundos.
[16:25:02]   [PF] FUNDOS MUTUOS DE PRIVATIZACAO: 9 fundos.
[16:25:02] [PJ] Abrindo SIPII...
[16:25:21]   [PJ] RENDA FIXA SIMPLES: 5 fundos.
[16:25:36]   [PJ] RENDA FIXA: 38 fundos.
[16:25:41]   [PJ] RENDA FIXA REFERENCIADO: 7 fundos.
[16:25:45]   [PJ] RENDA FIXA CURTO PRAZO: 2 fundos.
[16:25:56]   [PJ] MULTIMERCADO: 27 fundos.
[16:25:59]   [PJ] CAMBIAL: 1 fundos.
[16:26:11]   [PJ] ACOES: 28 fundos.
[16:26:12] [GOV] Abrindo SIPII...
[16:26:29]   [GOV] RENDA FIXA: 2 fundos.
[16:26:33]   [GOV] RENDA FIXA REFERENCIADO: 3 fundos.
[16:26:36]   [GOV] RENDA FIXA CURTO PRAZO: 3 fundos.
[16:26:41]   [GOV] MULTIMERCADO: 6 fundos.
[16:26:45]   [GOV] ACOES: 4 fundos.
[16:26:45] [RPPS] Abrindo SIPII...
[16:27:10]   [RPPS] RENDA FIXA: 19 fundos.
[16:27:14]   [RPPS] RENDA FIXA REFERENCIADO: 4 fundos.
[16:27:21]   [RPPS] MULTIMERCADO: 14 fundos.
[16:27:28]   [RPPS] ACOES: 14 fundos.
[16:27:29] [TODOS] Abrindo SIPII...
[16:27:46]   [TODOS] RENDA FIXA SIMPLES: 2 fundos.
[16:28:03]   [TODOS] RENDA FIXA: 42 fundos.
[16:28:08]   [TODOS] RENDA FIXA REFERENCIADO: 8 fundos.
[16:28:12]   [TODOS] RENDA FIXA CURTO PRAZO: 3 fundos.
[16:28:19]   [TODOS] MULTIMERCADO: 14 fundos.
[16:28:22]   [TODOS] CAMBIAL: 1 fundos.
[16:28:33]   [TODOS] ACOES: 25 fundos.
[16:28:36]   [TODOS] FUNDO DE INDICE: 1 fundos.
[16:28:36] ETAPA 3 — Associando URLs (estáticas + dinâmicas)...
[16:28:36]   Dicionário estático : 116 entradas
[16:28:36]   URLs encontradas    : 148/171
[16:28:36]   Sem URL             : 23/171
[16:28:36]   Fundos SEM URL:
[16:28:36]     - CAIXA FIC FIF EXCLUSIVO FUNC RF CREDITO PRIVADO LP RESP LTDA
[16:28:36]     - CAIXA EXPERT VOX DESENV SUSTENTAVEL IS RF CRED PRIV LP - RESP LTDA (2)
[16:28:36]     - CAIXA EXPERT ABSOLUTE CRETA FIC FIF RF CRED PRIV LP - RESP LTDA
[16:28:36]     - CAIXA EXPERT VINLAND DEB IN INFRA RF CRED PRIV LP RESP LTDA (2) (3)
[16:28:36]     - CAIXA SIGMA FUNCIONARIOS FIC FIF RF REF DI LP - RESP LTDA (2) (3)
[16:28:36]     - CAIXA CARTEIRA QUANT DUO FIC FIF MM LP RESP LTDA (2) (3)
[16:28:36]     - CAIXA CARTEIRA QUANT QUALI FIC FIF MM LP RESP LTDA (2) (3)
[16:28:36]     - CAIXA CARTEIRA QUANT UNO FIC FIF MM LP RESP LTDA (2) (3)
[16:28:36]     - CAIXA FIC FIF FUNCIONARIOS ESTRATEGIA LIVRE MULTIMERCADO LP RESP LTDA
[16:28:36]     - CAIXA HASHDEX NASDAQ CRYPTO INDEX FIC FIF MM RESP LTDA (2)
[16:28:36]     - CAIXA FIC FIM CAPITAL PROTEGIDO CICLICO II LP - RL
[16:28:36]     - CAIXA ATENA FIC FIF AÇÕES FUNCIONÁRIOS LIVRE QUANT RESP LTDA
[16:28:36]     - CAIXA ATENA FIC FIF AÇÕES LIVRE QUANT RESP LTDA
[16:28:36]     - CAIXA FMP-FGTS ELETROBRAS MIGRACAO
[16:28:36]     - CAIXA FMP-FGTS ELETROBRAS RESP LTDA
[16:28:36]     - CAIXA FMP-FGTS PETROBRÁS IV RESP LTDA
[16:28:36]     - CAIXA FMP-FGTS VALE RIO DOCE II RESP LTDA
[16:28:36]     - CAIXA FMP-FGTS CL ABSOLUTO RESP LTDA
[16:28:36]     - CAIXA FMP-FGTS VALE RIO DOCE MIGRAÇÃO RESP LTDA
[16:28:36]     - CAIXA FMP-FGTS PETROBRÁS II RESP LTDA
[16:28:36]     - CAIXA FMP-FGTS VALE RIO DOCE I RESP LTDA
[16:28:36]     - CAIXA FMP-FGTS PETROBRÁS III RESP LTDA
[16:28:36]     - CAIXA ATENA FIC FIF AÇÕES BRASIL LIVRE QUANT RESP LTDA
[16:28:36] ETAPA 4 — Baixando JSON da CAIXA Asset...
[16:28:38]   JSON Asset salvo: /home/runner/work/catalogo-fundos-caixa-v2/catalogo-fundos-caixa-v2/data/fundos_asset.json
[16:28:38]   Histórico JSON salvo: /home/runner/work/catalogo-fundos-caixa-v2/catalogo-fundos-caixa-v2/historico/json/fundos_asset_20260527.json
[16:28:38]   Fundos no JSON Asset: 196
[16:28:38]   Asset matches encontrados: 168/171
[16:28:38]   Asset sem match: 3/171
[16:28:38] CSV salvo: /home/runner/work/catalogo-fundos-caixa-v2/catalogo-fundos-caixa-v2/dados_atuais.csv
[16:28:38] Histórico CSV salvo: /home/runner/work/catalogo-fundos-caixa-v2/catalogo-fundos-caixa-v2/sipii_caixa_20260527.csv
[16:28:39] Excel salvo: /home/runner/work/catalogo-fundos-caixa-v2/catalogo-fundos-caixa-v2/sipii_caixa_20260527.xlsx
[16:28:39] JSON unificado salvo: /home/runner/work/catalogo-fundos-caixa-v2/catalogo-fundos-caixa-v2/data/fundos_unificado.json
[16:28:39] Histórico JSON unificado salvo: /home/runner/work/catalogo-fundos-caixa-v2/catalogo-fundos-caixa-v2/historico/json/fundos_unificado_20260527.json
[16:28:39] SUCESSO: 171 fundos consolidados e enriquecidos salvos.
[16:37:30] INICIANDO ROBÔ SIPII v11 - SIPII + ASSET JSON
[16:37:30] ETAPA 1 — Coletando URLs dinâmicas (12 páginas CAIXA)...
[16:37:32]   [CAIXA] renda-fixa → +34 links (34 total)
[16:37:33]   [CAIXA] referenciados → +4 links (38 total)
[16:37:35]   [CAIXA] fundo-simples → +2 links (40 total)
[16:37:36]   [CAIXA] curto-prazo → +1 links (41 total)
[16:37:38]   [CAIXA] multimercado → +19 links (60 total)
[16:37:40]   [CAIXA] cambiais → +1 links (61 total)
[16:37:42]   [CAIXA] fundos-de-acoes → +10 links (71 total)
[16:37:43]   [CAIXA] fundos-de-indices → +2 links (73 total)
[16:37:45]   [CAIXA] renda-fixa → +8 links (81 total)
[16:37:46]   [CAIXA] empresa → +5 links (86 total)
[16:37:47]   [CAIXA] fmp-fgts → HTTP 404
[16:37:48]   [CAIXA] rpps → +8 links (94 total)
[16:37:49] [CAIXA] Total URLs dinâmicas: 94
[16:37:49] ETAPA 2 — Coletando dados do SIPII...
[16:37:58] [PF] Abrindo SIPII...
[16:38:18]   [PF] RENDA FIXA SIMPLES: 3 fundos.
[16:38:34]   [PF] RENDA FIXA: 39 fundos.
[16:38:40]   [PF] RENDA FIXA REFERENCIADO: 10 fundos.
[16:38:43]   [PF] RENDA FIXA CURTO PRAZO: 1 fundos.
[16:38:56]   [PF] MULTIMERCADO: 30 fundos.
[16:38:59]   [PF] CAMBIAL: 1 fundos.
[16:39:11]   [PF] ACOES: 29 fundos.
[16:39:15]   [PF] FUNDO DE INDICE: 1 fundos.
[16:39:21]   [PF] FUNDOS MUTUOS DE PRIVATIZACAO: 9 fundos.
[16:39:21] [PJ] Abrindo SIPII...
[16:39:41]   [PJ] RENDA FIXA SIMPLES: 5 fundos.
[16:39:57]   [PJ] RENDA FIXA: 38 fundos.
[16:40:02]   [PJ] RENDA FIXA REFERENCIADO: 7 fundos.
[16:40:05]   [PJ] RENDA FIXA CURTO PRAZO: 2 fundos.
[16:40:16]   [PJ] MULTIMERCADO: 27 fundos.
[16:40:19]   [PJ] CAMBIAL: 1 fundos.
[16:40:31]   [PJ] ACOES: 28 fundos.
[16:40:31] [GOV] Abrindo SIPII...
[16:40:49]   [GOV] RENDA FIXA: 2 fundos.
[16:40:52]   [GOV] RENDA FIXA REFERENCIADO: 3 fundos.
[16:40:56]   [GOV] RENDA FIXA CURTO PRAZO: 3 fundos.
[16:41:00]   [GOV] MULTIMERCADO: 6 fundos.
[16:41:04]   [GOV] ACOES: 4 fundos.
[16:41:05] [RPPS] Abrindo SIPII...
[16:41:32]   [RPPS] RENDA FIXA: 19 fundos.
[16:41:36]   [RPPS] RENDA FIXA REFERENCIADO: 4 fundos.
[16:41:44]   [RPPS] MULTIMERCADO: 14 fundos.
[16:41:51]   [RPPS] ACOES: 14 fundos.
[16:41:51] [TODOS] Abrindo SIPII...
[16:42:09]   [TODOS] RENDA FIXA SIMPLES: 2 fundos.
[16:42:26]   [TODOS] RENDA FIXA: 42 fundos.
[16:42:32]   [TODOS] RENDA FIXA REFERENCIADO: 8 fundos.
[16:42:35]   [TODOS] RENDA FIXA CURTO PRAZO: 3 fundos.
[16:42:43]   [TODOS] MULTIMERCADO: 14 fundos.
[16:42:46]   [TODOS] CAMBIAL: 1 fundos.
[16:42:57]   [TODOS] ACOES: 25 fundos.
[16:43:00]   [TODOS] FUNDO DE INDICE: 1 fundos.
[16:43:00] ETAPA 3 — Associando URLs (estáticas + dinâmicas)...
[16:43:00]   Dicionário estático : 116 entradas
[16:43:00]   URLs encontradas    : 148/171
[16:43:00]   Sem URL             : 23/171
[16:43:00]   Fundos SEM URL:
[16:43:00]     - CAIXA FIC FIF EXCLUSIVO FUNC RF CREDITO PRIVADO LP RESP LTDA
[16:43:00]     - CAIXA EXPERT VOX DESENV SUSTENTAVEL IS RF CRED PRIV LP - RESP LTDA (2)
[16:43:00]     - CAIXA EXPERT ABSOLUTE CRETA FIC FIF RF CRED PRIV LP - RESP LTDA
[16:43:00]     - CAIXA EXPERT VINLAND DEB IN INFRA RF CRED PRIV LP RESP LTDA (2) (3)
[16:43:00]     - CAIXA SIGMA FUNCIONARIOS FIC FIF RF REF DI LP - RESP LTDA (2) (3)
[16:43:00]     - CAIXA CARTEIRA QUANT DUO FIC FIF MM LP RESP LTDA (2) (3)
[16:43:00]     - CAIXA CARTEIRA QUANT QUALI FIC FIF MM LP RESP LTDA (2) (3)
[16:43:00]     - CAIXA CARTEIRA QUANT UNO FIC FIF MM LP RESP LTDA (2) (3)
[16:43:00]     - CAIXA FIC FIF FUNCIONARIOS ESTRATEGIA LIVRE MULTIMERCADO LP RESP LTDA
[16:43:00]     - CAIXA HASHDEX NASDAQ CRYPTO INDEX FIC FIF MM RESP LTDA (2)
[16:43:00]     - CAIXA FIC FIM CAPITAL PROTEGIDO CICLICO II LP - RL
[16:43:00]     - CAIXA ATENA FIC FIF AÇÕES FUNCIONÁRIOS LIVRE QUANT RESP LTDA
[16:43:00]     - CAIXA ATENA FIC FIF AÇÕES LIVRE QUANT RESP LTDA
[16:43:00]     - CAIXA FMP-FGTS ELETROBRAS MIGRACAO
[16:43:00]     - CAIXA FMP-FGTS ELETROBRAS RESP LTDA
[16:43:00]     - CAIXA FMP-FGTS PETROBRÁS IV RESP LTDA
[16:43:00]     - CAIXA FMP-FGTS VALE RIO DOCE II RESP LTDA
[16:43:00]     - CAIXA FMP-FGTS CL ABSOLUTO RESP LTDA
[16:43:00]     - CAIXA FMP-FGTS VALE RIO DOCE MIGRAÇÃO RESP LTDA
[16:43:00]     - CAIXA FMP-FGTS PETROBRÁS II RESP LTDA
[16:43:00]     - CAIXA FMP-FGTS VALE RIO DOCE I RESP LTDA
[16:43:00]     - CAIXA FMP-FGTS PETROBRÁS III RESP LTDA
[16:43:00]     - CAIXA ATENA FIC FIF AÇÕES BRASIL LIVRE QUANT RESP LTDA
[16:43:00] ETAPA 4 — Baixando JSON da CAIXA Asset...
[16:43:02]   JSON Asset salvo: /home/runner/work/catalogo-fundos-caixa-v2/catalogo-fundos-caixa-v2/data/fundos_asset.json
[16:43:02]   Histórico JSON salvo: /home/runner/work/catalogo-fundos-caixa-v2/catalogo-fundos-caixa-v2/historico/json/fundos_asset_20260528.json
[16:43:02]   Fundos no JSON Asset: 196
[16:43:02]   Asset matches encontrados: 168/171
[16:43:02]   Asset sem match: 3/171
[16:43:02] CSV salvo: /home/runner/work/catalogo-fundos-caixa-v2/catalogo-fundos-caixa-v2/dados_atuais.csv
[16:43:02] Histórico CSV salvo: /home/runner/work/catalogo-fundos-caixa-v2/catalogo-fundos-caixa-v2/sipii_caixa_20260528.csv
[16:43:03] Excel salvo: /home/runner/work/catalogo-fundos-caixa-v2/catalogo-fundos-caixa-v2/sipii_caixa_20260528.xlsx
[16:43:03] JSON unificado salvo: /home/runner/work/catalogo-fundos-caixa-v2/catalogo-fundos-caixa-v2/data/fundos_unificado.json
[16:43:03] Histórico JSON unificado salvo: /home/runner/work/catalogo-fundos-caixa-v2/catalogo-fundos-caixa-v2/historico/json/fundos_unificado_20260528.json
[16:43:03] SUCESSO: 171 fundos consolidados e enriquecidos salvos.
[16:13:11] INICIANDO ROBÔ SIPII v11 - SIPII + ASSET JSON
[16:13:11] ETAPA 1 — Coletando URLs dinâmicas (12 páginas CAIXA)...
[16:13:15]   [CAIXA] renda-fixa → +34 links (34 total)
[16:13:16]   [CAIXA] referenciados → +4 links (38 total)
[16:13:18]   [CAIXA] fundo-simples → +2 links (40 total)
[16:13:19]   [CAIXA] curto-prazo → +1 links (41 total)
[16:13:21]   [CAIXA] multimercado → +19 links (60 total)
[16:13:23]   [CAIXA] cambiais → +1 links (61 total)
[16:13:24]   [CAIXA] fundos-de-acoes → +10 links (71 total)
[16:13:29]   [CAIXA] fundos-de-indices → +2 links (73 total)
[16:13:30]   [CAIXA] renda-fixa → +8 links (81 total)
[16:13:32]   [CAIXA] empresa → +5 links (86 total)
[16:13:33]   [CAIXA] fmp-fgts → HTTP 404
[16:13:34]   [CAIXA] rpps → +8 links (94 total)
[16:13:35] [CAIXA] Total URLs dinâmicas: 94
[16:13:35] ETAPA 2 — Coletando dados do SIPII...
[16:14:14] [PF] Abrindo SIPII...
[16:14:38]   [PF] RENDA FIXA SIMPLES: 3 fundos.
[16:14:54]   [PF] RENDA FIXA: 39 fundos.
[16:15:00]   [PF] RENDA FIXA REFERENCIADO: 10 fundos.
[16:15:03]   [PF] RENDA FIXA CURTO PRAZO: 1 fundos.
[16:15:15]   [PF] MULTIMERCADO: 30 fundos.
[16:15:19]   [PF] CAMBIAL: 1 fundos.
[16:15:31]   [PF] ACOES: 29 fundos.
[16:15:34]   [PF] FUNDO DE INDICE: 1 fundos.
[16:15:40]   [PF] FUNDOS MUTUOS DE PRIVATIZACAO: 9 fundos.
[16:15:40] [PJ] Abrindo SIPII...
[16:16:01]   [PJ] RENDA FIXA SIMPLES: 5 fundos.
[16:16:15]   [PJ] RENDA FIXA: 38 fundos.
[16:16:20]   [PJ] RENDA FIXA REFERENCIADO: 7 fundos.
[16:16:24]   [PJ] RENDA FIXA CURTO PRAZO: 2 fundos.
[16:16:35]   [PJ] MULTIMERCADO: 27 fundos.
[16:16:38]   [PJ] CAMBIAL: 1 fundos.
[16:16:51]   [PJ] ACOES: 28 fundos.
[16:16:52] [GOV] Abrindo SIPII...
[16:17:11]   [GOV] RENDA FIXA: 2 fundos.
[16:17:15]   [GOV] RENDA FIXA REFERENCIADO: 3 fundos.
[16:17:18]   [GOV] RENDA FIXA CURTO PRAZO: 3 fundos.
[16:17:23]   [GOV] MULTIMERCADO: 6 fundos.
[16:17:27]   [GOV] ACOES: 4 fundos.
[16:17:27] [RPPS] Abrindo SIPII...
[16:17:58]   [RPPS] RENDA FIXA: 19 fundos.
[16:18:02]   [RPPS] RENDA FIXA REFERENCIADO: 4 fundos.
[16:18:09]   [RPPS] MULTIMERCADO: 14 fundos.
[16:18:17]   [RPPS] ACOES: 14 fundos.
[16:18:17] [TODOS] Abrindo SIPII...
[16:18:35]   [TODOS] RENDA FIXA SIMPLES: 2 fundos.
[16:18:52]   [TODOS] RENDA FIXA: 42 fundos.
[16:18:57]   [TODOS] RENDA FIXA REFERENCIADO: 8 fundos.
[16:19:01]   [TODOS] RENDA FIXA CURTO PRAZO: 3 fundos.
[16:19:08]   [TODOS] MULTIMERCADO: 14 fundos.
[16:19:11]   [TODOS] CAMBIAL: 1 fundos.
[16:19:22]   [TODOS] ACOES: 25 fundos.
[16:19:26]   [TODOS] FUNDO DE INDICE: 1 fundos.
[16:19:26] ETAPA 3 — Associando URLs (estáticas + dinâmicas)...
[16:19:26]   Dicionário estático : 116 entradas
[16:19:26]   URLs encontradas    : 148/171
[16:19:26]   Sem URL             : 23/171
[16:19:26]   Fundos SEM URL:
[16:19:26]     - CAIXA FIC FIF EXCLUSIVO FUNC RF CREDITO PRIVADO LP RESP LTDA
[16:19:26]     - CAIXA EXPERT VOX DESENV SUSTENTAVEL IS RF CRED PRIV LP - RESP LTDA (2)
[16:19:26]     - CAIXA EXPERT ABSOLUTE CRETA FIC FIF RF CRED PRIV LP - RESP LTDA
[16:19:26]     - CAIXA EXPERT VINLAND DEB IN INFRA RF CRED PRIV LP RESP LTDA (2) (3)
[16:19:26]     - CAIXA SIGMA FUNCIONARIOS FIC FIF RF REF DI LP - RESP LTDA (2) (3)
[16:19:26]     - CAIXA CARTEIRA QUANT DUO FIC FIF MM LP RESP LTDA (2) (3)
[16:19:26]     - CAIXA CARTEIRA QUANT QUALI FIC FIF MM LP RESP LTDA (2) (3)
[16:19:26]     - CAIXA CARTEIRA QUANT UNO FIC FIF MM LP RESP LTDA (2) (3)
[16:19:26]     - CAIXA FIC FIF FUNCIONARIOS ESTRATEGIA LIVRE MULTIMERCADO LP RESP LTDA
[16:19:26]     - CAIXA HASHDEX NASDAQ CRYPTO INDEX FIC FIF MM RESP LTDA (2)
[16:19:26]     - CAIXA FIC FIM CAPITAL PROTEGIDO CICLICO II LP - RL
[16:19:26]     - CAIXA ATENA FIC FIF AÇÕES FUNCIONÁRIOS LIVRE QUANT RESP LTDA
[16:19:26]     - CAIXA ATENA FIC FIF AÇÕES LIVRE QUANT RESP LTDA
[16:19:26]     - CAIXA FMP-FGTS ELETROBRAS MIGRACAO
[16:19:26]     - CAIXA FMP-FGTS ELETROBRAS RESP LTDA
[16:19:26]     - CAIXA FMP-FGTS PETROBRÁS IV RESP LTDA
[16:19:26]     - CAIXA FMP-FGTS VALE RIO DOCE II RESP LTDA
[16:19:26]     - CAIXA FMP-FGTS CL ABSOLUTO RESP LTDA
[16:19:26]     - CAIXA FMP-FGTS VALE RIO DOCE MIGRAÇÃO RESP LTDA
[16:19:26]     - CAIXA FMP-FGTS PETROBRÁS II RESP LTDA
[16:19:26]     - CAIXA FMP-FGTS VALE RIO DOCE I RESP LTDA
[16:19:26]     - CAIXA FMP-FGTS PETROBRÁS III RESP LTDA
[16:19:26]     - CAIXA ATENA FIC FIF AÇÕES BRASIL LIVRE QUANT RESP LTDA
[16:19:26] ETAPA 4 — Baixando JSON da CAIXA Asset...
[16:19:28]   JSON Asset salvo: /home/runner/work/catalogo-fundos-caixa-v2/catalogo-fundos-caixa-v2/data/fundos_asset.json
[16:19:28]   Histórico JSON salvo: /home/runner/work/catalogo-fundos-caixa-v2/catalogo-fundos-caixa-v2/historico/json/fundos_asset_20260529.json
[16:19:28]   Fundos no JSON Asset: 196
[16:19:28]   Asset matches encontrados: 168/171
[16:19:28]   Asset sem match: 3/171
[16:19:28] CSV salvo: /home/runner/work/catalogo-fundos-caixa-v2/catalogo-fundos-caixa-v2/dados_atuais.csv
[16:19:28] Histórico CSV salvo: /home/runner/work/catalogo-fundos-caixa-v2/catalogo-fundos-caixa-v2/sipii_caixa_20260529.csv
[16:19:29] Excel salvo: /home/runner/work/catalogo-fundos-caixa-v2/catalogo-fundos-caixa-v2/sipii_caixa_20260529.xlsx
[16:19:29] JSON unificado salvo: /home/runner/work/catalogo-fundos-caixa-v2/catalogo-fundos-caixa-v2/data/fundos_unificado.json
[16:19:29] Histórico JSON unificado salvo: /home/runner/work/catalogo-fundos-caixa-v2/catalogo-fundos-caixa-v2/historico/json/fundos_unificado_20260529.json
[16:19:29] SUCESSO: 171 fundos consolidados e enriquecidos salvos.
[18:22:36] INICIANDO ROBÔ SIPII v11 - SIPII + ASSET JSON
[18:22:36] ETAPA 1 — Coletando URLs dinâmicas (12 páginas CAIXA)...
[18:22:38]   [CAIXA] renda-fixa → +34 links (34 total)
[18:22:39]   [CAIXA] referenciados → +4 links (38 total)
[18:22:41]   [CAIXA] fundo-simples → +2 links (40 total)
[18:22:42]   [CAIXA] curto-prazo → +1 links (41 total)
[18:22:44]   [CAIXA] multimercado → +19 links (60 total)
[18:22:46]   [CAIXA] cambiais → +1 links (61 total)
[18:22:47]   [CAIXA] fundos-de-acoes → +10 links (71 total)
[18:22:49]   [CAIXA] fundos-de-indices → +2 links (73 total)
[18:22:50]   [CAIXA] renda-fixa → +8 links (81 total)
[18:22:51]   [CAIXA] empresa → +5 links (86 total)
[18:22:53]   [CAIXA] fmp-fgts → HTTP 404
[18:22:53]   [CAIXA] rpps → +8 links (94 total)
[18:22:54] [CAIXA] Total URLs dinâmicas: 94
[18:22:54] ETAPA 2 — Coletando dados do SIPII...
[18:22:59] [PF] Abrindo SIPII...
[18:23:17]   [PF] RENDA FIXA SIMPLES: 3 fundos.
[18:23:32]   [PF] RENDA FIXA: 39 fundos.
[18:23:38]   [PF] RENDA FIXA REFERENCIADO: 10 fundos.
[18:23:41]   [PF] RENDA FIXA CURTO PRAZO: 1 fundos.
[18:23:53]   [PF] MULTIMERCADO: 30 fundos.
[18:23:56]   [PF] CAMBIAL: 1 fundos.
[18:24:08]   [PF] ACOES: 29 fundos.
[18:24:11]   [PF] FUNDO DE INDICE: 1 fundos.
[18:24:17]   [PF] FUNDOS MUTUOS DE PRIVATIZACAO: 9 fundos.
[18:24:17] [PJ] Abrindo SIPII...
[18:24:36]   [PJ] RENDA FIXA SIMPLES: 5 fundos.
[18:24:51]   [PJ] RENDA FIXA: 38 fundos.
[18:24:56]   [PJ] RENDA FIXA REFERENCIADO: 7 fundos.
[18:24:59]   [PJ] RENDA FIXA CURTO PRAZO: 2 fundos.
[18:25:10]   [PJ] MULTIMERCADO: 27 fundos.
[18:25:13]   [PJ] CAMBIAL: 1 fundos.
[18:25:25]   [PJ] ACOES: 28 fundos.
[18:25:25] [GOV] Abrindo SIPII...
[18:25:42]   [GOV] RENDA FIXA: 2 fundos.
[18:25:46]   [GOV] RENDA FIXA REFERENCIADO: 3 fundos.
[18:25:49]   [GOV] RENDA FIXA CURTO PRAZO: 3 fundos.
[18:25:54]   [GOV] MULTIMERCADO: 6 fundos.
[18:25:58]   [GOV] ACOES: 4 fundos.
[18:25:58] [RPPS] Abrindo SIPII...
[18:26:27]   [RPPS] RENDA FIXA: 19 fundos.
[18:26:31]   [RPPS] RENDA FIXA REFERENCIADO: 4 fundos.
[18:26:37]   [RPPS] MULTIMERCADO: 14 fundos.
[18:26:44]   [RPPS] ACOES: 14 fundos.
[18:26:45] [TODOS] Abrindo SIPII...
[18:27:02]   [TODOS] RENDA FIXA SIMPLES: 2 fundos.
[18:27:17]   [TODOS] RENDA FIXA: 42 fundos.
[18:27:22]   [TODOS] RENDA FIXA REFERENCIADO: 8 fundos.
[18:27:26]   [TODOS] RENDA FIXA CURTO PRAZO: 3 fundos.
[18:27:33]   [TODOS] MULTIMERCADO: 14 fundos.
[18:27:36]   [TODOS] CAMBIAL: 1 fundos.
[18:27:46]   [TODOS] ACOES: 25 fundos.
[18:27:49]   [TODOS] FUNDO DE INDICE: 1 fundos.
[18:27:49] ETAPA 3 — Associando URLs (estáticas + dinâmicas)...
[18:27:49]   Dicionário estático : 116 entradas
[18:27:49]   URLs encontradas    : 148/171
[18:27:49]   Sem URL             : 23/171
[18:27:49]   Fundos SEM URL:
[18:27:49]     - CAIXA FIC FIF EXCLUSIVO FUNC RF CREDITO PRIVADO LP RESP LTDA
[18:27:49]     - CAIXA EXPERT VOX DESENV SUSTENTAVEL IS RF CRED PRIV LP - RESP LTDA (2)
[18:27:49]     - CAIXA EXPERT ABSOLUTE CRETA FIC FIF RF CRED PRIV LP - RESP LTDA
[18:27:49]     - CAIXA EXPERT VINLAND DEB IN INFRA RF CRED PRIV LP RESP LTDA (2) (3)
[18:27:49]     - CAIXA SIGMA FUNCIONARIOS FIC FIF RF REF DI LP - RESP LTDA (2) (3)
[18:27:49]     - CAIXA CARTEIRA QUANT DUO FIC FIF MM LP RESP LTDA (2) (3)
[18:27:49]     - CAIXA CARTEIRA QUANT QUALI FIC FIF MM LP RESP LTDA (2) (3)
[18:27:49]     - CAIXA CARTEIRA QUANT UNO FIC FIF MM LP RESP LTDA (2) (3)
[18:27:49]     - CAIXA FIC FIF FUNCIONARIOS ESTRATEGIA LIVRE MULTIMERCADO LP RESP LTDA
[18:27:49]     - CAIXA HASHDEX NASDAQ CRYPTO INDEX FIC FIF MM RESP LTDA (2)
[18:27:49]     - CAIXA FIC FIM CAPITAL PROTEGIDO CICLICO II LP - RL
[18:27:49]     - CAIXA ATENA FIC FIF AÇÕES FUNCIONÁRIOS LIVRE QUANT RESP LTDA
[18:27:49]     - CAIXA ATENA FIC FIF AÇÕES LIVRE QUANT RESP LTDA
[18:27:49]     - CAIXA FMP-FGTS ELETROBRAS MIGRACAO
[18:27:49]     - CAIXA FMP-FGTS ELETROBRAS RESP LTDA
[18:27:49]     - CAIXA FMP-FGTS PETROBRÁS IV RESP LTDA
[18:27:49]     - CAIXA FMP-FGTS VALE RIO DOCE II RESP LTDA
[18:27:49]     - CAIXA FMP-FGTS CL ABSOLUTO RESP LTDA
[18:27:49]     - CAIXA FMP-FGTS VALE RIO DOCE MIGRAÇÃO RESP LTDA
[18:27:49]     - CAIXA FMP-FGTS PETROBRÁS II RESP LTDA
[18:27:49]     - CAIXA FMP-FGTS VALE RIO DOCE I RESP LTDA
[18:27:49]     - CAIXA FMP-FGTS PETROBRÁS III RESP LTDA
[18:27:49]     - CAIXA ATENA FIC FIF AÇÕES BRASIL LIVRE QUANT RESP LTDA
[18:27:49] ETAPA 4 — Baixando JSON da CAIXA Asset...
[18:27:51]   JSON Asset salvo: /home/runner/work/catalogo-fundos-caixa-v2/catalogo-fundos-caixa-v2/data/fundos_asset.json
[18:27:51]   Histórico JSON salvo: /home/runner/work/catalogo-fundos-caixa-v2/catalogo-fundos-caixa-v2/historico/json/fundos_asset_20260601.json
[18:27:51]   Fundos no JSON Asset: 196
[18:27:51]   Asset matches encontrados: 168/171
[18:27:51]   Asset sem match: 3/171
[18:27:51] CSV salvo: /home/runner/work/catalogo-fundos-caixa-v2/catalogo-fundos-caixa-v2/dados_atuais.csv
[18:27:51] Histórico CSV salvo: /home/runner/work/catalogo-fundos-caixa-v2/catalogo-fundos-caixa-v2/sipii_caixa_20260601.csv
[18:27:52] Excel salvo: /home/runner/work/catalogo-fundos-caixa-v2/catalogo-fundos-caixa-v2/sipii_caixa_20260601.xlsx
[18:27:52] JSON unificado salvo: /home/runner/work/catalogo-fundos-caixa-v2/catalogo-fundos-caixa-v2/data/fundos_unificado.json
[18:27:52] Histórico JSON unificado salvo: /home/runner/work/catalogo-fundos-caixa-v2/catalogo-fundos-caixa-v2/historico/json/fundos_unificado_20260601.json
[18:27:52] SUCESSO: 171 fundos consolidados e enriquecidos salvos.
[16:59:48] INICIANDO ROBÔ SIPII v11 - SIPII + ASSET JSON
[16:59:48] ETAPA 1 — Coletando URLs dinâmicas (12 páginas CAIXA)...
[16:59:50]   [CAIXA] renda-fixa → +34 links (34 total)
[16:59:52]   [CAIXA] referenciados → +4 links (38 total)
[16:59:53]   [CAIXA] fundo-simples → +2 links (40 total)
[16:59:55]   [CAIXA] curto-prazo → +1 links (41 total)
[16:59:56]   [CAIXA] multimercado → +19 links (60 total)
[16:59:58]   [CAIXA] cambiais → +1 links (61 total)
[17:00:00]   [CAIXA] fundos-de-acoes → +10 links (71 total)
[17:00:01]   [CAIXA] fundos-de-indices → +2 links (73 total)
[17:00:03]   [CAIXA] renda-fixa → +8 links (81 total)
[17:00:04]   [CAIXA] empresa → +5 links (86 total)
[17:00:06]   [CAIXA] fmp-fgts → HTTP 404
[17:00:06]   [CAIXA] rpps → +8 links (94 total)
[17:00:07] [CAIXA] Total URLs dinâmicas: 94
[17:00:07] ETAPA 2 — Coletando dados do SIPII...
[17:00:15] [PF] Abrindo SIPII...
[17:00:33]   [PF] RENDA FIXA SIMPLES: 3 fundos.
[17:00:49]   [PF] RENDA FIXA: 39 fundos.
[17:00:54]   [PF] RENDA FIXA REFERENCIADO: 10 fundos.
[17:00:57]   [PF] RENDA FIXA CURTO PRAZO: 1 fundos.
[17:01:09]   [PF] MULTIMERCADO: 30 fundos.
[17:01:13]   [PF] CAMBIAL: 1 fundos.
[17:01:25]   [PF] ACOES: 29 fundos.
[17:01:28]   [PF] FUNDO DE INDICE: 1 fundos.
[17:01:34]   [PF] FUNDOS MUTUOS DE PRIVATIZACAO: 9 fundos.
[17:01:34] [PJ] Abrindo SIPII...
[17:01:53]   [PJ] RENDA FIXA SIMPLES: 5 fundos.
[17:02:08]   [PJ] RENDA FIXA: 38 fundos.
[17:02:13]   [PJ] RENDA FIXA REFERENCIADO: 7 fundos.
[17:02:16]   [PJ] RENDA FIXA CURTO PRAZO: 2 fundos.
[17:02:27]   [PJ] MULTIMERCADO: 27 fundos.
[17:02:30]   [PJ] CAMBIAL: 1 fundos.
[17:02:42]   [PJ] ACOES: 28 fundos.
[17:02:42] [GOV] Abrindo SIPII...
[17:02:59]   [GOV] RENDA FIXA: 2 fundos.
[17:03:02]   [GOV] RENDA FIXA REFERENCIADO: 3 fundos.
[17:03:06]   [GOV] RENDA FIXA CURTO PRAZO: 3 fundos.
[17:03:10]   [GOV] MULTIMERCADO: 6 fundos.
[17:03:14]   [GOV] ACOES: 4 fundos.
[17:03:14] [RPPS] Abrindo SIPII...
[17:03:42]   [RPPS] RENDA FIXA: 19 fundos.
[17:03:46]   [RPPS] RENDA FIXA REFERENCIADO: 4 fundos.
[17:03:53]   [RPPS] MULTIMERCADO: 14 fundos.
[17:04:00]   [RPPS] ACOES: 14 fundos.
[17:04:00] [TODOS] Abrindo SIPII...
[17:04:17]   [TODOS] RENDA FIXA SIMPLES: 2 fundos.
[17:04:34]   [TODOS] RENDA FIXA: 42 fundos.
[17:04:39]   [TODOS] RENDA FIXA REFERENCIADO: 8 fundos.
[17:04:42]   [TODOS] RENDA FIXA CURTO PRAZO: 3 fundos.
[17:04:49]   [TODOS] MULTIMERCADO: 14 fundos.
[17:04:52]   [TODOS] CAMBIAL: 1 fundos.
[17:05:02]   [TODOS] ACOES: 25 fundos.
[17:05:06]   [TODOS] FUNDO DE INDICE: 1 fundos.
[17:05:06] ETAPA 3 — Associando URLs (estáticas + dinâmicas)...
[17:05:06]   Dicionário estático : 116 entradas
[17:05:06]   URLs encontradas    : 148/171
[17:05:06]   Sem URL             : 23/171
[17:05:06]   Fundos SEM URL:
[17:05:06]     - CAIXA FIC FIF EXCLUSIVO FUNC RF CREDITO PRIVADO LP RESP LTDA
[17:05:06]     - CAIXA EXPERT VOX DESENV SUSTENTAVEL IS RF CRED PRIV LP - RESP LTDA (2)
[17:05:06]     - CAIXA EXPERT ABSOLUTE CRETA FIC FIF RF CRED PRIV LP - RESP LTDA
[17:05:06]     - CAIXA EXPERT VINLAND DEB IN INFRA RF CRED PRIV LP RESP LTDA (2) (3)
[17:05:06]     - CAIXA SIGMA FUNCIONARIOS FIC FIF RF REF DI LP - RESP LTDA (2) (3)
[17:05:06]     - CAIXA CARTEIRA QUANT DUO FIC FIF MM LP RESP LTDA (2) (3)
[17:05:06]     - CAIXA CARTEIRA QUANT QUALI FIC FIF MM LP RESP LTDA (2) (3)
[17:05:06]     - CAIXA CARTEIRA QUANT UNO FIC FIF MM LP RESP LTDA (2) (3)
[17:05:06]     - CAIXA FIC FIF FUNCIONARIOS ESTRATEGIA LIVRE MULTIMERCADO LP RESP LTDA
[17:05:06]     - CAIXA HASHDEX NASDAQ CRYPTO INDEX FIC FIF MM RESP LTDA (2)
[17:05:06]     - CAIXA FIC FIM CAPITAL PROTEGIDO CICLICO II LP - RL
[17:05:06]     - CAIXA ATENA FIC FIF AÇÕES FUNCIONÁRIOS LIVRE QUANT RESP LTDA
[17:05:06]     - CAIXA ATENA FIC FIF AÇÕES LIVRE QUANT RESP LTDA
[17:05:06]     - CAIXA FMP-FGTS ELETROBRAS MIGRACAO
[17:05:06]     - CAIXA FMP-FGTS ELETROBRAS RESP LTDA
[17:05:06]     - CAIXA FMP-FGTS PETROBRÁS IV RESP LTDA
[17:05:06]     - CAIXA FMP-FGTS VALE RIO DOCE II RESP LTDA
[17:05:06]     - CAIXA FMP-FGTS CL ABSOLUTO RESP LTDA
[17:05:06]     - CAIXA FMP-FGTS VALE RIO DOCE MIGRAÇÃO RESP LTDA
[17:05:06]     - CAIXA FMP-FGTS PETROBRÁS II RESP LTDA
[17:05:06]     - CAIXA FMP-FGTS VALE RIO DOCE I RESP LTDA
[17:05:06]     - CAIXA FMP-FGTS PETROBRÁS III RESP LTDA
[17:05:06]     - CAIXA ATENA FIC FIF AÇÕES BRASIL LIVRE QUANT RESP LTDA
[17:05:06] ETAPA 4 — Baixando JSON da CAIXA Asset...
[17:05:07]   JSON Asset salvo: /home/runner/work/catalogo-fundos-caixa-v2/catalogo-fundos-caixa-v2/data/fundos_asset.json
[17:05:07]   Histórico JSON salvo: /home/runner/work/catalogo-fundos-caixa-v2/catalogo-fundos-caixa-v2/historico/json/fundos_asset_20260602.json
[17:05:07]   Fundos no JSON Asset: 196
[17:05:07]   Asset matches encontrados: 168/171
[17:05:07]   Asset sem match: 3/171
[17:05:07] CSV salvo: /home/runner/work/catalogo-fundos-caixa-v2/catalogo-fundos-caixa-v2/dados_atuais.csv
[17:05:07] Histórico CSV salvo: /home/runner/work/catalogo-fundos-caixa-v2/catalogo-fundos-caixa-v2/sipii_caixa_20260602.csv
[17:05:08] Excel salvo: /home/runner/work/catalogo-fundos-caixa-v2/catalogo-fundos-caixa-v2/sipii_caixa_20260602.xlsx
[17:05:08] JSON unificado salvo: /home/runner/work/catalogo-fundos-caixa-v2/catalogo-fundos-caixa-v2/data/fundos_unificado.json
[17:05:08] Histórico JSON unificado salvo: /home/runner/work/catalogo-fundos-caixa-v2/catalogo-fundos-caixa-v2/historico/json/fundos_unificado_20260602.json
[17:05:08] SUCESSO: 171 fundos consolidados e enriquecidos salvos.
[17:25:36] INICIANDO ROBÔ SIPII v11 - SIPII + ASSET JSON
[17:25:36] ETAPA 1 — Coletando URLs dinâmicas (12 páginas CAIXA)...
[17:25:38]   [CAIXA] renda-fixa → +34 links (34 total)
[17:25:40]   [CAIXA] referenciados → +4 links (38 total)
[17:25:41]   [CAIXA] fundo-simples → +2 links (40 total)
[17:25:43]   [CAIXA] curto-prazo → +1 links (41 total)
[17:25:44]   [CAIXA] multimercado → +19 links (60 total)
[17:25:46]   [CAIXA] cambiais → +1 links (61 total)
[17:25:48]   [CAIXA] fundos-de-acoes → +10 links (71 total)
[17:25:49]   [CAIXA] fundos-de-indices → +2 links (73 total)
[17:25:51]   [CAIXA] renda-fixa → +8 links (81 total)
[17:25:52]   [CAIXA] empresa → +5 links (86 total)
[17:25:54]   [CAIXA] fmp-fgts → HTTP 404
[17:25:54]   [CAIXA] rpps → +8 links (94 total)
[17:25:55] [CAIXA] Total URLs dinâmicas: 94
[17:25:55] ETAPA 2 — Coletando dados do SIPII...
[17:25:56] [PF] Abrindo SIPII...
[17:26:14]   [PF] RENDA FIXA SIMPLES: 3 fundos.
[17:26:27]   [PF] RENDA FIXA: 39 fundos.
[17:26:32]   [PF] RENDA FIXA REFERENCIADO: 10 fundos.
[17:26:35]   [PF] RENDA FIXA CURTO PRAZO: 1 fundos.
[17:26:46]   [PF] MULTIMERCADO: 30 fundos.
[17:26:49]   [PF] CAMBIAL: 1 fundos.
[17:26:59]   [PF] ACOES: 29 fundos.
[17:27:03]   [PF] FUNDO DE INDICE: 1 fundos.
[17:27:08]   [PF] FUNDOS MUTUOS DE PRIVATIZACAO: 9 fundos.
[17:27:08] [PJ] Abrindo SIPII...
[17:27:26]   [PJ] RENDA FIXA SIMPLES: 5 fundos.
[17:27:39]   [PJ] RENDA FIXA: 38 fundos.
[17:27:43]   [PJ] RENDA FIXA REFERENCIADO: 7 fundos.
[17:27:46]   [PJ] RENDA FIXA CURTO PRAZO: 2 fundos.
[17:27:57]   [PJ] MULTIMERCADO: 27 fundos.
[17:27:59]   [PJ] CAMBIAL: 1 fundos.
[17:28:10]   [PJ] ACOES: 28 fundos.
[17:28:10] [GOV] Abrindo SIPII...
[17:28:27]   [GOV] RENDA FIXA: 2 fundos.
[17:28:30]   [GOV] RENDA FIXA REFERENCIADO: 3 fundos.
[17:28:34]   [GOV] RENDA FIXA CURTO PRAZO: 3 fundos.
[17:28:38]   [GOV] MULTIMERCADO: 6 fundos.
[17:28:41]   [GOV] ACOES: 4 fundos.
[17:28:42] [RPPS] Abrindo SIPII...
[17:29:09]   [RPPS] RENDA FIXA: 19 fundos.
[17:29:12]   [RPPS] RENDA FIXA REFERENCIADO: 4 fundos.
[17:29:18]   [RPPS] MULTIMERCADO: 14 fundos.
[17:29:25]   [RPPS] ACOES: 14 fundos.
[17:29:25] [TODOS] Abrindo SIPII...
[17:29:41]   [TODOS] RENDA FIXA SIMPLES: 2 fundos.
[17:29:56]   [TODOS] RENDA FIXA: 42 fundos.
[17:30:01]   [TODOS] RENDA FIXA REFERENCIADO: 8 fundos.
[17:30:04]   [TODOS] RENDA FIXA CURTO PRAZO: 3 fundos.
[17:30:11]   [TODOS] MULTIMERCADO: 14 fundos.
[17:30:13]   [TODOS] CAMBIAL: 1 fundos.
[17:30:23]   [TODOS] ACOES: 25 fundos.
[17:30:26]   [TODOS] FUNDO DE INDICE: 1 fundos.
[17:30:26] ETAPA 3 — Associando URLs (estáticas + dinâmicas)...
[17:30:26]   Dicionário estático : 116 entradas
[17:30:26]   URLs encontradas    : 148/171
[17:30:26]   Sem URL             : 23/171
[17:30:26]   Fundos SEM URL:
[17:30:26]     - CAIXA FIC FIF EXCLUSIVO FUNC RF CREDITO PRIVADO LP RESP LTDA
[17:30:26]     - CAIXA EXPERT VOX DESENV SUSTENTAVEL IS RF CRED PRIV LP - RESP LTDA (2)
[17:30:26]     - CAIXA EXPERT ABSOLUTE CRETA FIC FIF RF CRED PRIV LP - RESP LTDA
[17:30:26]     - CAIXA EXPERT VINLAND DEB IN INFRA RF CRED PRIV LP RESP LTDA (2) (3)
[17:30:26]     - CAIXA SIGMA FUNCIONARIOS FIC FIF RF REF DI LP - RESP LTDA (2) (3)
[17:30:26]     - CAIXA CARTEIRA QUANT DUO FIC FIF MM LP RESP LTDA (2) (3)
[17:30:26]     - CAIXA CARTEIRA QUANT QUALI FIC FIF MM LP RESP LTDA (2) (3)
[17:30:26]     - CAIXA CARTEIRA QUANT UNO FIC FIF MM LP RESP LTDA (2) (3)
[17:30:26]     - CAIXA FIC FIF FUNCIONARIOS ESTRATEGIA LIVRE MULTIMERCADO LP RESP LTDA
[17:30:26]     - CAIXA HASHDEX NASDAQ CRYPTO INDEX FIC FIF MM RESP LTDA (2)
[17:30:26]     - CAIXA FIC FIM CAPITAL PROTEGIDO CICLICO II LP - RL
[17:30:26]     - CAIXA ATENA FIC FIF AÇÕES FUNCIONÁRIOS LIVRE QUANT RESP LTDA
[17:30:26]     - CAIXA ATENA FIC FIF AÇÕES LIVRE QUANT RESP LTDA
[17:30:26]     - CAIXA FMP-FGTS ELETROBRAS MIGRACAO
[17:30:26]     - CAIXA FMP-FGTS ELETROBRAS RESP LTDA
[17:30:26]     - CAIXA FMP-FGTS PETROBRÁS IV RESP LTDA
[17:30:26]     - CAIXA FMP-FGTS VALE RIO DOCE II RESP LTDA
[17:30:26]     - CAIXA FMP-FGTS CL ABSOLUTO RESP LTDA
[17:30:26]     - CAIXA FMP-FGTS VALE RIO DOCE MIGRAÇÃO RESP LTDA
[17:30:26]     - CAIXA FMP-FGTS PETROBRÁS II RESP LTDA
[17:30:26]     - CAIXA FMP-FGTS VALE RIO DOCE I RESP LTDA
[17:30:26]     - CAIXA FMP-FGTS PETROBRÁS III RESP LTDA
[17:30:26]     - CAIXA ATENA FIC FIF AÇÕES BRASIL LIVRE QUANT RESP LTDA
[17:30:26] ETAPA 4 — Baixando JSON da CAIXA Asset...
[17:30:28]   JSON Asset salvo: /home/runner/work/catalogo-fundos-caixa-v2/catalogo-fundos-caixa-v2/data/fundos_asset.json
[17:30:28]   Histórico JSON salvo: /home/runner/work/catalogo-fundos-caixa-v2/catalogo-fundos-caixa-v2/historico/json/fundos_asset_20260603.json
[17:30:28]   Fundos no JSON Asset: 196
[17:30:28]   Asset matches encontrados: 168/171
[17:30:28]   Asset sem match: 3/171
[17:30:28] CSV salvo: /home/runner/work/catalogo-fundos-caixa-v2/catalogo-fundos-caixa-v2/dados_atuais.csv
[17:30:28] Histórico CSV salvo: /home/runner/work/catalogo-fundos-caixa-v2/catalogo-fundos-caixa-v2/sipii_caixa_20260603.csv
[17:30:29] Excel salvo: /home/runner/work/catalogo-fundos-caixa-v2/catalogo-fundos-caixa-v2/sipii_caixa_20260603.xlsx
[17:30:29] JSON unificado salvo: /home/runner/work/catalogo-fundos-caixa-v2/catalogo-fundos-caixa-v2/data/fundos_unificado.json
[17:30:29] Histórico JSON unificado salvo: /home/runner/work/catalogo-fundos-caixa-v2/catalogo-fundos-caixa-v2/historico/json/fundos_unificado_20260603.json
[17:30:29] SUCESSO: 171 fundos consolidados e enriquecidos salvos.
[15:56:39] INICIANDO ROBÔ SIPII v11 - SIPII + ASSET JSON
[15:56:39] ETAPA 1 — Coletando URLs dinâmicas (12 páginas CAIXA)...
[15:56:41]   [CAIXA] renda-fixa → +34 links (34 total)
[15:56:43]   [CAIXA] referenciados → +4 links (38 total)
[15:56:44]   [CAIXA] fundo-simples → +2 links (40 total)
[15:56:46]   [CAIXA] curto-prazo → +1 links (41 total)
[15:56:47]   [CAIXA] multimercado → +19 links (60 total)
[15:56:49]   [CAIXA] cambiais → +1 links (61 total)
[15:56:51]   [CAIXA] fundos-de-acoes → +10 links (71 total)
[15:56:52]   [CAIXA] fundos-de-indices → +2 links (73 total)
[15:56:54]   [CAIXA] renda-fixa → +8 links (81 total)
[15:56:55]   [CAIXA] empresa → +5 links (86 total)
[15:56:57]   [CAIXA] fmp-fgts → HTTP 404
[15:56:57]   [CAIXA] rpps → +8 links (94 total)
[15:56:58] [CAIXA] Total URLs dinâmicas: 94
[15:56:58] ETAPA 2 — Coletando dados do SIPII...
[15:57:05] [PF] Abrindo SIPII...
[15:57:24]   [PF] RENDA FIXA SIMPLES: 3 fundos.
[15:57:38]   [PF] RENDA FIXA: 39 fundos.
[15:57:44]   [PF] RENDA FIXA REFERENCIADO: 10 fundos.
[15:57:47]   [PF] RENDA FIXA CURTO PRAZO: 1 fundos.
[15:57:59]   [PF] MULTIMERCADO: 30 fundos.
[15:58:02]   [PF] CAMBIAL: 1 fundos.
[15:58:14]   [PF] ACOES: 29 fundos.
[15:58:17]   [PF] FUNDO DE INDICE: 1 fundos.
[15:58:22]   [PF] FUNDOS MUTUOS DE PRIVATIZACAO: 9 fundos.
[15:58:22] [PJ] Abrindo SIPII...
[15:58:42]   [PJ] RENDA FIXA SIMPLES: 5 fundos.
[15:58:56]   [PJ] RENDA FIXA: 38 fundos.
[15:59:01]   [PJ] RENDA FIXA REFERENCIADO: 7 fundos.
[15:59:04]   [PJ] RENDA FIXA CURTO PRAZO: 2 fundos.
[15:59:15]   [PJ] MULTIMERCADO: 27 fundos.
[15:59:18]   [PJ] CAMBIAL: 1 fundos.
[15:59:29]   [PJ] ACOES: 28 fundos.
[15:59:29] [GOV] Abrindo SIPII...
[15:59:46]   [GOV] RENDA FIXA: 2 fundos.
[15:59:50]   [GOV] RENDA FIXA REFERENCIADO: 3 fundos.
[15:59:53]   [GOV] RENDA FIXA CURTO PRAZO: 3 fundos.
[15:59:58]   [GOV] MULTIMERCADO: 6 fundos.
[16:00:01]   [GOV] ACOES: 4 fundos.
[16:00:02] [RPPS] Abrindo SIPII...
[16:00:29]   [RPPS] RENDA FIXA: 19 fundos.
[16:00:33]   [RPPS] RENDA FIXA REFERENCIADO: 4 fundos.
[16:00:38]   [RPPS] MULTIMERCADO: 14 fundos.
[16:00:45]   [RPPS] ACOES: 14 fundos.
[16:00:45] [TODOS] Abrindo SIPII...
[16:01:03]   [TODOS] RENDA FIXA SIMPLES: 2 fundos.
[16:01:18]   [TODOS] RENDA FIXA: 42 fundos.
[16:01:23]   [TODOS] RENDA FIXA REFERENCIADO: 8 fundos.
[16:01:27]   [TODOS] RENDA FIXA CURTO PRAZO: 3 fundos.
[16:01:34]   [TODOS] MULTIMERCADO: 14 fundos.
[16:01:37]   [TODOS] CAMBIAL: 1 fundos.
[16:01:47]   [TODOS] ACOES: 25 fundos.
[16:01:50]   [TODOS] FUNDO DE INDICE: 1 fundos.
[16:01:50] ETAPA 3 — Associando URLs (estáticas + dinâmicas)...
[16:01:50]   Dicionário estático : 116 entradas
[16:01:50]   URLs encontradas    : 148/171
[16:01:50]   Sem URL             : 23/171
[16:01:50]   Fundos SEM URL:
[16:01:50]     - CAIXA FIC FIF EXCLUSIVO FUNC RF CREDITO PRIVADO LP RESP LTDA
[16:01:50]     - CAIXA EXPERT VOX DESENV SUSTENTAVEL IS RF CRED PRIV LP - RESP LTDA (1) (2)
[16:01:50]     - CAIXA EXPERT ABSOLUTE CRETA FIC FIF RF CRED PRIV LP - RESP LTDA (1)
[16:01:50]     - CAIXA EXPERT VINLAND DEB IN INFRA RF CRED PRIV LP RESP LTDA (1) (2) (3)
[16:01:50]     - CAIXA SIGMA FUNCIONARIOS FIC FIF RF REF DI LP - RESP LTDA (2) (3)
[16:01:50]     - CAIXA CARTEIRA QUANT DUO FIC FIF MM LP RESP LTDA (1) (2) (3)
[16:01:50]     - CAIXA CARTEIRA QUANT QUALI FIC FIF MM LP RESP LTDA (1) (2) (3)
[16:01:50]     - CAIXA CARTEIRA QUANT UNO FIC FIF MM LP RESP LTDA (1) (2) (3)
[16:01:50]     - CAIXA FIC FIF FUNCIONARIOS ESTRATEGIA LIVRE MULTIMERCADO LP RESP LTDA (1)
[16:01:50]     - CAIXA HASHDEX NASDAQ CRYPTO INDEX FIC FIF MM RESP LTDA (1) (2)
[16:01:50]     - CAIXA FIC FIM CAPITAL PROTEGIDO CICLICO II LP - RL (1)
[16:01:50]     - CAIXA ATENA FIC FIF AÇÕES FUNCIONÁRIOS LIVRE QUANT RESP LTDA
[16:01:50]     - CAIXA ATENA FIC FIF AÇÕES LIVRE QUANT RESP LTDA
[16:01:50]     - CAIXA FMP-FGTS ELETROBRAS MIGRACAO
[16:01:50]     - CAIXA FMP-FGTS ELETROBRAS RESP LTDA
[16:01:50]     - CAIXA FMP-FGTS PETROBRÁS IV RESP LTDA
[16:01:50]     - CAIXA FMP-FGTS VALE RIO DOCE II RESP LTDA
[16:01:50]     - CAIXA FMP-FGTS CL ABSOLUTO RESP LTDA
[16:01:50]     - CAIXA FMP-FGTS VALE RIO DOCE MIGRAÇÃO RESP LTDA
[16:01:50]     - CAIXA FMP-FGTS PETROBRÁS II RESP LTDA
[16:01:50]     - CAIXA FMP-FGTS VALE RIO DOCE I RESP LTDA
[16:01:50]     - CAIXA FMP-FGTS PETROBRÁS III RESP LTDA
[16:01:50]     - CAIXA ATENA FIC FIF AÇÕES BRASIL LIVRE QUANT RESP LTDA
[16:01:50] ETAPA 4 — Baixando JSON da CAIXA Asset...
[16:01:54]   JSON Asset salvo: /home/runner/work/catalogo-fundos-caixa-v2/catalogo-fundos-caixa-v2/data/fundos_asset.json
[16:01:54]   Histórico JSON salvo: /home/runner/work/catalogo-fundos-caixa-v2/catalogo-fundos-caixa-v2/historico/json/fundos_asset_20260604.json
[16:01:54]   Fundos no JSON Asset: 196
[16:01:54]   Asset matches encontrados: 168/171
[16:01:54]   Asset sem match: 3/171
[16:01:54] CSV salvo: /home/runner/work/catalogo-fundos-caixa-v2/catalogo-fundos-caixa-v2/dados_atuais.csv
[16:01:54] Histórico CSV salvo: /home/runner/work/catalogo-fundos-caixa-v2/catalogo-fundos-caixa-v2/sipii_caixa_20260604.csv
[16:01:55] Excel salvo: /home/runner/work/catalogo-fundos-caixa-v2/catalogo-fundos-caixa-v2/sipii_caixa_20260604.xlsx
[16:01:55] JSON unificado salvo: /home/runner/work/catalogo-fundos-caixa-v2/catalogo-fundos-caixa-v2/data/fundos_unificado.json
[16:01:55] Histórico JSON unificado salvo: /home/runner/work/catalogo-fundos-caixa-v2/catalogo-fundos-caixa-v2/historico/json/fundos_unificado_20260604.json
[16:01:55] SUCESSO: 171 fundos consolidados e enriquecidos salvos.
[15:33:26] INICIANDO ROBÔ SIPII v11 - SIPII + ASSET JSON
[15:33:26] ETAPA 1 — Coletando URLs dinâmicas (12 páginas CAIXA)...
[15:33:28]   [CAIXA] renda-fixa → +34 links (34 total)
[15:33:30]   [CAIXA] referenciados → +4 links (38 total)
[15:33:32]   [CAIXA] fundo-simples → +2 links (40 total)
[15:33:33]   [CAIXA] curto-prazo → +1 links (41 total)
[15:33:35]   [CAIXA] multimercado → +19 links (60 total)
[15:33:37]   [CAIXA] cambiais → +1 links (61 total)
[15:33:39]   [CAIXA] fundos-de-acoes → +10 links (71 total)
[15:33:40]   [CAIXA] fundos-de-indices → +2 links (73 total)
[15:33:42]   [CAIXA] renda-fixa → +8 links (81 total)
[15:33:44]   [CAIXA] empresa → +5 links (86 total)
[15:33:45]   [CAIXA] fmp-fgts → HTTP 404
[15:33:45]   [CAIXA] rpps → +8 links (94 total)
[15:33:46] [CAIXA] Total URLs dinâmicas: 94
[15:33:46] ETAPA 2 — Coletando dados do SIPII...
[15:33:47] [PF] Abrindo SIPII...
[15:34:06]   [PF] RENDA FIXA SIMPLES: 3 fundos.
[15:34:21]   [PF] RENDA FIXA: 39 fundos.
[15:34:27]   [PF] RENDA FIXA REFERENCIADO: 10 fundos.
[15:34:30]   [PF] RENDA FIXA CURTO PRAZO: 1 fundos.
[15:34:42]   [PF] MULTIMERCADO: 30 fundos.
[15:34:46]   [PF] CAMBIAL: 1 fundos.
[15:34:58]   [PF] ACOES: 29 fundos.
[15:35:01]   [PF] FUNDO DE INDICE: 1 fundos.
[15:35:06]   [PF] FUNDOS MUTUOS DE PRIVATIZACAO: 9 fundos.
[15:35:07] [PJ] Abrindo SIPII...
[15:35:27]   [PJ] RENDA FIXA SIMPLES: 5 fundos.
[15:35:41]   [PJ] RENDA FIXA: 38 fundos.
[15:35:46]   [PJ] RENDA FIXA REFERENCIADO: 7 fundos.
[15:35:49]   [PJ] RENDA FIXA CURTO PRAZO: 2 fundos.
[15:36:00]   [PJ] MULTIMERCADO: 27 fundos.
[15:36:03]   [PJ] CAMBIAL: 1 fundos.
[15:36:14]   [PJ] ACOES: 28 fundos.
[15:36:14] [GOV] Abrindo SIPII...
[15:36:31]   [GOV] RENDA FIXA: 2 fundos.
[15:36:34]   [GOV] RENDA FIXA REFERENCIADO: 3 fundos.
[15:36:38]   [GOV] RENDA FIXA CURTO PRAZO: 3 fundos.
[15:36:42]   [GOV] MULTIMERCADO: 6 fundos.
[15:36:46]   [GOV] ACOES: 4 fundos.
[15:36:46] [RPPS] Abrindo SIPII...
[15:37:15]   [RPPS] RENDA FIXA: 19 fundos.
[15:37:19]   [RPPS] RENDA FIXA REFERENCIADO: 4 fundos.
[15:37:26]   [RPPS] MULTIMERCADO: 14 fundos.
[15:37:32]   [RPPS] ACOES: 14 fundos.
[15:37:33] [TODOS] Abrindo SIPII...
[15:37:51]   [TODOS] RENDA FIXA SIMPLES: 2 fundos.
[15:38:07]   [TODOS] RENDA FIXA: 42 fundos.
[15:38:12]   [TODOS] RENDA FIXA REFERENCIADO: 8 fundos.
[15:38:16]   [TODOS] RENDA FIXA CURTO PRAZO: 3 fundos.
[15:38:23]   [TODOS] MULTIMERCADO: 14 fundos.
[15:38:26]   [TODOS] CAMBIAL: 1 fundos.
[15:38:36]   [TODOS] ACOES: 25 fundos.
[15:38:39]   [TODOS] FUNDO DE INDICE: 1 fundos.
[15:38:40] ETAPA 3 — Associando URLs (estáticas + dinâmicas)...
[15:38:40]   Dicionário estático : 116 entradas
[15:38:40]   URLs encontradas    : 148/171
[15:38:40]   Sem URL             : 23/171
[15:38:40]   Fundos SEM URL:
[15:38:40]     - CAIXA FIC FIF EXCLUSIVO FUNC RF CREDITO PRIVADO LP RESP LTDA
[15:38:40]     - CAIXA EXPERT VOX DESENV SUSTENTAVEL IS RF CRED PRIV LP - RESP LTDA (2)
[15:38:40]     - CAIXA EXPERT ABSOLUTE CRETA FIC FIF RF CRED PRIV LP - RESP LTDA
[15:38:40]     - CAIXA EXPERT VINLAND DEB IN INFRA RF CRED PRIV LP RESP LTDA (2) (3)
[15:38:40]     - CAIXA SIGMA FUNCIONARIOS FIC FIF RF REF DI LP - RESP LTDA (2) (3)
[15:38:40]     - CAIXA CARTEIRA QUANT DUO FIC FIF MM LP RESP LTDA (2) (3)
[15:38:40]     - CAIXA CARTEIRA QUANT QUALI FIC FIF MM LP RESP LTDA (2) (3)
[15:38:40]     - CAIXA CARTEIRA QUANT UNO FIC FIF MM LP RESP LTDA (2) (3)
[15:38:40]     - CAIXA FIC FIF FUNCIONARIOS ESTRATEGIA LIVRE MULTIMERCADO LP RESP LTDA
[15:38:40]     - CAIXA HASHDEX NASDAQ CRYPTO INDEX FIC FIF MM RESP LTDA (2)
[15:38:40]     - CAIXA FIC FIM CAPITAL PROTEGIDO CICLICO II LP - RL
[15:38:40]     - CAIXA ATENA FIC FIF AÇÕES FUNCIONÁRIOS LIVRE QUANT RESP LTDA
[15:38:40]     - CAIXA ATENA FIC FIF AÇÕES LIVRE QUANT RESP LTDA
[15:38:40]     - CAIXA FMP-FGTS ELETROBRAS MIGRACAO
[15:38:40]     - CAIXA FMP-FGTS ELETROBRAS RESP LTDA
[15:38:40]     - CAIXA FMP-FGTS PETROBRÁS IV RESP LTDA
[15:38:40]     - CAIXA FMP-FGTS VALE RIO DOCE II RESP LTDA
[15:38:40]     - CAIXA FMP-FGTS CL ABSOLUTO RESP LTDA
[15:38:40]     - CAIXA FMP-FGTS VALE RIO DOCE MIGRAÇÃO RESP LTDA
[15:38:40]     - CAIXA FMP-FGTS PETROBRÁS II RESP LTDA
[15:38:40]     - CAIXA FMP-FGTS VALE RIO DOCE I RESP LTDA
[15:38:40]     - CAIXA FMP-FGTS PETROBRÁS III RESP LTDA
[15:38:40]     - CAIXA ATENA FIC FIF AÇÕES BRASIL LIVRE QUANT RESP LTDA
[15:38:40] ETAPA 4 — Baixando JSON da CAIXA Asset...
[15:38:42]   JSON Asset salvo: /home/runner/work/catalogo-fundos-caixa-v2/catalogo-fundos-caixa-v2/data/fundos_asset.json
[15:38:42]   Histórico JSON salvo: /home/runner/work/catalogo-fundos-caixa-v2/catalogo-fundos-caixa-v2/historico/json/fundos_asset_20260605.json
[15:38:42]   Fundos no JSON Asset: 196
[15:38:42]   Asset matches encontrados: 168/171
[15:38:42]   Asset sem match: 3/171
[15:38:42] CSV salvo: /home/runner/work/catalogo-fundos-caixa-v2/catalogo-fundos-caixa-v2/dados_atuais.csv
[15:38:42] Histórico CSV salvo: /home/runner/work/catalogo-fundos-caixa-v2/catalogo-fundos-caixa-v2/sipii_caixa_20260605.csv
[15:38:42] Excel salvo: /home/runner/work/catalogo-fundos-caixa-v2/catalogo-fundos-caixa-v2/sipii_caixa_20260605.xlsx
[15:38:42] JSON unificado salvo: /home/runner/work/catalogo-fundos-caixa-v2/catalogo-fundos-caixa-v2/data/fundos_unificado.json
[15:38:42] Histórico JSON unificado salvo: /home/runner/work/catalogo-fundos-caixa-v2/catalogo-fundos-caixa-v2/historico/json/fundos_unificado_20260605.json
[15:38:42] SUCESSO: 171 fundos consolidados e enriquecidos salvos.
[16:34:33] INICIANDO ROBÔ SIPII v11 - SIPII + ASSET JSON
[16:34:33] ETAPA 1 — Coletando URLs dinâmicas (12 páginas CAIXA)...
[16:34:37]   [CAIXA] renda-fixa → +34 links (34 total)
[16:34:39]   [CAIXA] referenciados → +4 links (38 total)
[16:34:40]   [CAIXA] fundo-simples → +2 links (40 total)
[16:34:42]   [CAIXA] curto-prazo → +1 links (41 total)
[16:34:43]   [CAIXA] multimercado → +19 links (60 total)
[16:34:46]   [CAIXA] cambiais → +1 links (61 total)
[16:34:47]   [CAIXA] fundos-de-acoes → +10 links (71 total)
[16:34:49]   [CAIXA] fundos-de-indices → +2 links (73 total)
[16:34:50]   [CAIXA] renda-fixa → +8 links (81 total)
[16:34:52]   [CAIXA] empresa → +5 links (86 total)
[16:34:53]   [CAIXA] fmp-fgts → HTTP 404
[16:34:54]   [CAIXA] rpps → +8 links (94 total)
[16:34:55] [CAIXA] Total URLs dinâmicas: 94
[16:34:55] ETAPA 2 — Coletando dados do SIPII...
[16:34:57] [PF] Abrindo SIPII...
[16:35:17]   [PF] RENDA FIXA SIMPLES: 3 fundos.
[16:35:32]   [PF] RENDA FIXA: 39 fundos.
[16:35:38]   [PF] RENDA FIXA REFERENCIADO: 10 fundos.
[16:35:41]   [PF] RENDA FIXA CURTO PRAZO: 1 fundos.
[16:35:54]   [PF] MULTIMERCADO: 30 fundos.
[16:35:58]   [PF] CAMBIAL: 1 fundos.
[16:36:10]   [PF] ACOES: 29 fundos.
[16:36:13]   [PF] FUNDO DE INDICE: 1 fundos.
[16:36:19]   [PF] FUNDOS MUTUOS DE PRIVATIZACAO: 9 fundos.
[16:36:19] [PJ] Abrindo SIPII...
[16:36:40]   [PJ] RENDA FIXA SIMPLES: 5 fundos.
[16:36:54]   [PJ] RENDA FIXA: 38 fundos.
[16:37:00]   [PJ] RENDA FIXA REFERENCIADO: 7 fundos.
[16:37:03]   [PJ] RENDA FIXA CURTO PRAZO: 2 fundos.
[16:37:15]   [PJ] MULTIMERCADO: 27 fundos.
[16:37:18]   [PJ] CAMBIAL: 1 fundos.
[16:37:31]   [PJ] ACOES: 28 fundos.
[16:37:31] [GOV] Abrindo SIPII...
[16:37:49]   [GOV] RENDA FIXA: 2 fundos.
[16:37:53]   [GOV] RENDA FIXA REFERENCIADO: 3 fundos.
[16:37:56]   [GOV] RENDA FIXA CURTO PRAZO: 3 fundos.
[16:38:01]   [GOV] MULTIMERCADO: 6 fundos.
[16:38:05]   [GOV] ACOES: 4 fundos.
[16:38:05] [RPPS] Abrindo SIPII...
[16:38:35]   [RPPS] RENDA FIXA: 19 fundos.
[16:38:39]   [RPPS] RENDA FIXA REFERENCIADO: 4 fundos.
[16:38:46]   [RPPS] MULTIMERCADO: 14 fundos.
[16:38:53]   [RPPS] ACOES: 14 fundos.
[16:38:53] [TODOS] Abrindo SIPII...
[16:39:11]   [TODOS] RENDA FIXA SIMPLES: 2 fundos.
[16:39:27]   [TODOS] RENDA FIXA: 42 fundos.
[16:39:33]   [TODOS] RENDA FIXA REFERENCIADO: 8 fundos.
[16:39:36]   [TODOS] RENDA FIXA CURTO PRAZO: 3 fundos.
[16:39:44]   [TODOS] MULTIMERCADO: 14 fundos.
[16:39:47]   [TODOS] CAMBIAL: 1 fundos.
[16:39:57]   [TODOS] ACOES: 25 fundos.
[16:40:01]   [TODOS] FUNDO DE INDICE: 1 fundos.
[16:40:01] ETAPA 3 — Associando URLs (estáticas + dinâmicas)...
[16:40:01]   Dicionário estático : 116 entradas
[16:40:01]   URLs encontradas    : 148/171
[16:40:01]   Sem URL             : 23/171
[16:40:01]   Fundos SEM URL:
[16:40:01]     - CAIXA FIC FIF EXCLUSIVO FUNC RF CREDITO PRIVADO LP RESP LTDA
[16:40:01]     - CAIXA EXPERT VOX DESENV SUSTENTAVEL IS RF CRED PRIV LP - RESP LTDA (2)
[16:40:01]     - CAIXA EXPERT ABSOLUTE CRETA FIC FIF RF CRED PRIV LP - RESP LTDA
[16:40:01]     - CAIXA EXPERT VINLAND DEB IN INFRA RF CRED PRIV LP RESP LTDA (2) (3)
[16:40:01]     - CAIXA SIGMA FUNCIONARIOS FIC FIF RF REF DI LP - RESP LTDA (2) (3)
[16:40:01]     - CAIXA CARTEIRA QUANT DUO FIC FIF MM LP RESP LTDA (2) (3)
[16:40:01]     - CAIXA CARTEIRA QUANT QUALI FIC FIF MM LP RESP LTDA (2) (3)
[16:40:01]     - CAIXA CARTEIRA QUANT UNO FIC FIF MM LP RESP LTDA (2) (3)
[16:40:01]     - CAIXA FIC FIF FUNCIONARIOS ESTRATEGIA LIVRE MULTIMERCADO LP RESP LTDA
[16:40:01]     - CAIXA HASHDEX NASDAQ CRYPTO INDEX FIC FIF MM RESP LTDA (2)
[16:40:01]     - CAIXA FIC FIM CAPITAL PROTEGIDO CICLICO II LP - RL
[16:40:01]     - CAIXA ATENA FIC FIF AÇÕES FUNCIONÁRIOS LIVRE QUANT RESP LTDA
[16:40:01]     - CAIXA ATENA FIC FIF AÇÕES LIVRE QUANT RESP LTDA
[16:40:01]     - CAIXA FMP-FGTS ELETROBRAS MIGRACAO
[16:40:01]     - CAIXA FMP-FGTS ELETROBRAS RESP LTDA
[16:40:01]     - CAIXA FMP-FGTS PETROBRÁS IV RESP LTDA
[16:40:01]     - CAIXA FMP-FGTS VALE RIO DOCE II RESP LTDA
[16:40:01]     - CAIXA FMP-FGTS CL ABSOLUTO RESP LTDA
[16:40:01]     - CAIXA FMP-FGTS VALE RIO DOCE MIGRAÇÃO RESP LTDA
[16:40:01]     - CAIXA FMP-FGTS PETROBRÁS II RESP LTDA
[16:40:01]     - CAIXA FMP-FGTS VALE RIO DOCE I RESP LTDA
[16:40:01]     - CAIXA FMP-FGTS PETROBRÁS III RESP LTDA
[16:40:01]     - CAIXA ATENA FIC FIF AÇÕES BRASIL LIVRE QUANT RESP LTDA
[16:40:01] ETAPA 4 — Baixando JSON da CAIXA Asset...
[16:40:07]   JSON Asset salvo: /home/runner/work/catalogo-fundos-caixa-v2/catalogo-fundos-caixa-v2/data/fundos_asset.json
[16:40:07]   Histórico JSON salvo: /home/runner/work/catalogo-fundos-caixa-v2/catalogo-fundos-caixa-v2/historico/json/fundos_asset_20260608.json
[16:40:07]   Fundos no JSON Asset: 196
[16:40:07]   Asset matches encontrados: 168/171
[16:40:07]   Asset sem match: 3/171
[16:40:07] CSV salvo: /home/runner/work/catalogo-fundos-caixa-v2/catalogo-fundos-caixa-v2/dados_atuais.csv
[16:40:07] Histórico CSV salvo: /home/runner/work/catalogo-fundos-caixa-v2/catalogo-fundos-caixa-v2/sipii_caixa_20260608.csv
[16:40:08] Excel salvo: /home/runner/work/catalogo-fundos-caixa-v2/catalogo-fundos-caixa-v2/sipii_caixa_20260608.xlsx
[16:40:08] JSON unificado salvo: /home/runner/work/catalogo-fundos-caixa-v2/catalogo-fundos-caixa-v2/data/fundos_unificado.json
[16:40:08] Histórico JSON unificado salvo: /home/runner/work/catalogo-fundos-caixa-v2/catalogo-fundos-caixa-v2/historico/json/fundos_unificado_20260608.json
[16:40:08] SUCESSO: 171 fundos consolidados e enriquecidos salvos.
[15:37:24] INICIANDO ROBÔ SIPII v11 - SIPII + ASSET JSON
[15:37:24] ETAPA 1 — Coletando URLs dinâmicas (12 páginas CAIXA)...
[15:37:26]   [CAIXA] renda-fixa → +34 links (34 total)
[15:37:28]   [CAIXA] referenciados → +4 links (38 total)
[15:37:30]   [CAIXA] fundo-simples → +2 links (40 total)
[15:37:31]   [CAIXA] curto-prazo → +1 links (41 total)
[15:37:33]   [CAIXA] multimercado → +19 links (60 total)
[15:37:35]   [CAIXA] cambiais → +1 links (61 total)
[15:37:37]   [CAIXA] fundos-de-acoes → +10 links (71 total)
[15:37:38]   [CAIXA] fundos-de-indices → +2 links (73 total)
[15:37:40]   [CAIXA] renda-fixa → +8 links (81 total)
[15:37:41]   [CAIXA] empresa → +5 links (86 total)
[15:37:43]   [CAIXA] fmp-fgts → HTTP 404
[15:37:43]   [CAIXA] rpps → +8 links (94 total)
[15:37:44] [CAIXA] Total URLs dinâmicas: 94
[15:37:44] ETAPA 2 — Coletando dados do SIPII...
[15:37:54] [PF] Abrindo SIPII...
[15:38:13]   [PF] RENDA FIXA SIMPLES: 3 fundos.
[15:38:29]   [PF] RENDA FIXA: 39 fundos.
[15:38:35]   [PF] RENDA FIXA REFERENCIADO: 10 fundos.
[15:38:38]   [PF] RENDA FIXA CURTO PRAZO: 1 fundos.
[15:38:50]   [PF] MULTIMERCADO: 30 fundos.
[15:38:54]   [PF] CAMBIAL: 1 fundos.
[15:39:07]   [PF] ACOES: 29 fundos.
[15:39:10]   [PF] FUNDO DE INDICE: 1 fundos.
[15:39:16]   [PF] FUNDOS MUTUOS DE PRIVATIZACAO: 9 fundos.
[15:39:16] [PJ] Abrindo SIPII...
[15:39:36]   [PJ] RENDA FIXA SIMPLES: 5 fundos.
[15:39:51]   [PJ] RENDA FIXA: 38 fundos.
[15:39:56]   [PJ] RENDA FIXA REFERENCIADO: 7 fundos.
[15:40:00]   [PJ] RENDA FIXA CURTO PRAZO: 2 fundos.
[15:40:12]   [PJ] MULTIMERCADO: 27 fundos.
[15:40:15]   [PJ] CAMBIAL: 1 fundos.
[15:40:28]   [PJ] ACOES: 28 fundos.
[15:40:28] [GOV] Abrindo SIPII...
[15:40:45]   [GOV] RENDA FIXA: 2 fundos.
[15:40:49]   [GOV] RENDA FIXA REFERENCIADO: 3 fundos.
[15:40:53]   [GOV] RENDA FIXA CURTO PRAZO: 3 fundos.
[15:40:57]   [GOV] MULTIMERCADO: 6 fundos.
[15:41:01]   [GOV] ACOES: 4 fundos.
[15:41:01] [RPPS] Abrindo SIPII...
[15:41:30]   [RPPS] RENDA FIXA: 19 fundos.
[15:41:34]   [RPPS] RENDA FIXA REFERENCIADO: 4 fundos.
[15:41:41]   [RPPS] MULTIMERCADO: 14 fundos.
[15:41:48]   [RPPS] ACOES: 14 fundos.
[15:41:49] [TODOS] Abrindo SIPII...
[15:42:05]   [TODOS] RENDA FIXA SIMPLES: 2 fundos.
[15:42:23]   [TODOS] RENDA FIXA: 42 fundos.
[15:42:29]   [TODOS] RENDA FIXA REFERENCIADO: 8 fundos.
[15:42:33]   [TODOS] RENDA FIXA CURTO PRAZO: 3 fundos.
[15:42:40]   [TODOS] MULTIMERCADO: 14 fundos.
[15:42:43]   [TODOS] CAMBIAL: 1 fundos.
[15:42:55]   [TODOS] ACOES: 25 fundos.
[15:42:58]   [TODOS] FUNDO DE INDICE: 1 fundos.
[15:42:58] ETAPA 3 — Associando URLs (estáticas + dinâmicas)...
[15:42:58]   Dicionário estático : 116 entradas
[15:42:58]   URLs encontradas    : 148/171
[15:42:58]   Sem URL             : 23/171
[15:42:58]   Fundos SEM URL:
[15:42:58]     - CAIXA FIC FIF EXCLUSIVO FUNC RF CREDITO PRIVADO LP RESP LTDA
[15:42:58]     - CAIXA EXPERT VOX DESENV SUSTENTAVEL IS RF CRED PRIV LP - RESP LTDA (1) (2)
[15:42:58]     - CAIXA EXPERT ABSOLUTE CRETA FIC FIF RF CRED PRIV LP - RESP LTDA (1)
[15:42:58]     - CAIXA EXPERT VINLAND DEB IN INFRA RF CRED PRIV LP RESP LTDA (1) (2) (3)
[15:42:58]     - CAIXA SIGMA FUNCIONARIOS FIC FIF RF REF DI LP - RESP LTDA (2) (3)
[15:42:58]     - CAIXA CARTEIRA QUANT DUO FIC FIF MM LP RESP LTDA (1) (2) (3)
[15:42:58]     - CAIXA CARTEIRA QUANT QUALI FIC FIF MM LP RESP LTDA (1) (2) (3)
[15:42:58]     - CAIXA CARTEIRA QUANT UNO FIC FIF MM LP RESP LTDA (1) (2) (3)
[15:42:58]     - CAIXA FIC FIF FUNCIONARIOS ESTRATEGIA LIVRE MULTIMERCADO LP RESP LTDA (1)
[15:42:58]     - CAIXA HASHDEX NASDAQ CRYPTO INDEX FIC FIF MM RESP LTDA (1) (2)
[15:42:58]     - CAIXA FIC FIM CAPITAL PROTEGIDO CICLICO II LP - RL (1)
[15:42:58]     - CAIXA ATENA FIC FIF AÇÕES FUNCIONÁRIOS LIVRE QUANT RESP LTDA
[15:42:58]     - CAIXA ATENA FIC FIF AÇÕES LIVRE QUANT RESP LTDA
[15:42:58]     - CAIXA FMP-FGTS ELETROBRAS MIGRACAO
[15:42:58]     - CAIXA FMP-FGTS ELETROBRAS RESP LTDA
[15:42:58]     - CAIXA FMP-FGTS PETROBRÁS IV RESP LTDA
[15:42:58]     - CAIXA FMP-FGTS VALE RIO DOCE II RESP LTDA
[15:42:58]     - CAIXA FMP-FGTS CL ABSOLUTO RESP LTDA
[15:42:58]     - CAIXA FMP-FGTS VALE RIO DOCE MIGRAÇÃO RESP LTDA
[15:42:58]     - CAIXA FMP-FGTS PETROBRÁS II RESP LTDA
[15:42:58]     - CAIXA FMP-FGTS VALE RIO DOCE I RESP LTDA
[15:42:58]     - CAIXA FMP-FGTS PETROBRÁS III RESP LTDA
[15:42:58]     - CAIXA ATENA FIC FIF AÇÕES BRASIL LIVRE QUANT RESP LTDA
[15:42:58] ETAPA 4 — Baixando JSON da CAIXA Asset...
[15:43:00]   JSON Asset salvo: /home/runner/work/catalogo-fundos-caixa-v2/catalogo-fundos-caixa-v2/data/fundos_asset.json
[15:43:00]   Histórico JSON salvo: /home/runner/work/catalogo-fundos-caixa-v2/catalogo-fundos-caixa-v2/historico/json/fundos_asset_20260609.json
[15:43:00]   Fundos no JSON Asset: 196
[15:43:00]   Asset matches encontrados: 168/171
[15:43:00]   Asset sem match: 3/171
[15:43:01] CSV salvo: /home/runner/work/catalogo-fundos-caixa-v2/catalogo-fundos-caixa-v2/dados_atuais.csv
[15:43:01] Histórico CSV salvo: /home/runner/work/catalogo-fundos-caixa-v2/catalogo-fundos-caixa-v2/sipii_caixa_20260609.csv
[15:43:01] Excel salvo: /home/runner/work/catalogo-fundos-caixa-v2/catalogo-fundos-caixa-v2/sipii_caixa_20260609.xlsx
[15:43:01] JSON unificado salvo: /home/runner/work/catalogo-fundos-caixa-v2/catalogo-fundos-caixa-v2/data/fundos_unificado.json
[15:43:01] Histórico JSON unificado salvo: /home/runner/work/catalogo-fundos-caixa-v2/catalogo-fundos-caixa-v2/historico/json/fundos_unificado_20260609.json
[15:43:01] SUCESSO: 171 fundos consolidados e enriquecidos salvos.
[16:13:22] INICIANDO ROBÔ SIPII v11 - SIPII + ASSET JSON
[16:13:22] ETAPA 1 — Coletando URLs dinâmicas (12 páginas CAIXA)...
[16:13:24]   [CAIXA] renda-fixa → +34 links (34 total)
[16:13:26]   [CAIXA] referenciados → +4 links (38 total)
[16:13:27]   [CAIXA] fundo-simples → +2 links (40 total)
[16:13:28]   [CAIXA] curto-prazo → +1 links (41 total)
[16:13:30]   [CAIXA] multimercado → +19 links (60 total)
[16:13:32]   [CAIXA] cambiais → +1 links (61 total)
[16:13:33]   [CAIXA] fundos-de-acoes → +10 links (71 total)
[16:13:35]   [CAIXA] fundos-de-indices → +2 links (73 total)
[16:13:36]   [CAIXA] renda-fixa → +8 links (81 total)
[16:13:38]   [CAIXA] empresa → +5 links (86 total)
[16:13:39]   [CAIXA] fmp-fgts → HTTP 404
[16:13:40]   [CAIXA] rpps → +8 links (94 total)
[16:13:41] [CAIXA] Total URLs dinâmicas: 94
[16:13:41] ETAPA 2 — Coletando dados do SIPII...
[16:13:48] [PF] Abrindo SIPII...
[16:14:06]   [PF] RENDA FIXA SIMPLES: 3 fundos.
[16:14:21]   [PF] RENDA FIXA: 39 fundos.
[16:14:27]   [PF] RENDA FIXA REFERENCIADO: 10 fundos.
[16:14:30]   [PF] RENDA FIXA CURTO PRAZO: 1 fundos.
[16:14:41]   [PF] MULTIMERCADO: 30 fundos.
[16:14:45]   [PF] CAMBIAL: 1 fundos.
[16:14:57]   [PF] ACOES: 29 fundos.
[16:15:00]   [PF] FUNDO DE INDICE: 1 fundos.
[16:15:05]   [PF] FUNDOS MUTUOS DE PRIVATIZACAO: 9 fundos.
[16:15:06] [PJ] Abrindo SIPII...
[16:15:24]   [PJ] RENDA FIXA SIMPLES: 5 fundos.
[16:15:39]   [PJ] RENDA FIXA: 38 fundos.
[16:15:44]   [PJ] RENDA FIXA REFERENCIADO: 7 fundos.
[16:15:47]   [PJ] RENDA FIXA CURTO PRAZO: 2 fundos.
[16:15:59]   [PJ] MULTIMERCADO: 27 fundos.
[16:16:02]   [PJ] CAMBIAL: 1 fundos.
[16:16:14]   [PJ] ACOES: 28 fundos.
[16:16:14] [GOV] Abrindo SIPII...
[16:16:31]   [GOV] RENDA FIXA: 2 fundos.
[16:16:34]   [GOV] RENDA FIXA REFERENCIADO: 3 fundos.
[16:16:38]   [GOV] RENDA FIXA CURTO PRAZO: 3 fundos.
[16:16:42]   [GOV] MULTIMERCADO: 6 fundos.
[16:16:46]   [GOV] ACOES: 4 fundos.
[16:16:46] [RPPS] Abrindo SIPII...
[16:17:14]   [RPPS] RENDA FIXA: 19 fundos.
[16:17:18]   [RPPS] RENDA FIXA REFERENCIADO: 4 fundos.
[16:17:25]   [RPPS] MULTIMERCADO: 14 fundos.
[16:17:32]   [RPPS] ACOES: 14 fundos.
[16:17:33] [TODOS] Abrindo SIPII...
[16:17:49]   [TODOS] RENDA FIXA SIMPLES: 2 fundos.
[16:18:06]   [TODOS] RENDA FIXA: 42 fundos.
[16:18:11]   [TODOS] RENDA FIXA REFERENCIADO: 8 fundos.
[16:18:15]   [TODOS] RENDA FIXA CURTO PRAZO: 3 fundos.
[16:18:22]   [TODOS] MULTIMERCADO: 14 fundos.
[16:18:25]   [TODOS] CAMBIAL: 1 fundos.
[16:18:35]   [TODOS] ACOES: 25 fundos.
[16:18:38]   [TODOS] FUNDO DE INDICE: 1 fundos.
[16:18:38] ETAPA 3 — Associando URLs (estáticas + dinâmicas)...
[16:18:38]   Dicionário estático : 116 entradas
[16:18:38]   URLs encontradas    : 148/171
[16:18:38]   Sem URL             : 23/171
[16:18:38]   Fundos SEM URL:
[16:18:38]     - CAIXA FIC FIF EXCLUSIVO FUNC RF CREDITO PRIVADO LP RESP LTDA
[16:18:38]     - CAIXA EXPERT VOX DESENV SUSTENTAVEL IS RF CRED PRIV LP - RESP LTDA (2)
[16:18:38]     - CAIXA EXPERT ABSOLUTE CRETA FIC FIF RF CRED PRIV LP - RESP LTDA
[16:18:38]     - CAIXA EXPERT VINLAND DEB IN INFRA RF CRED PRIV LP RESP LTDA (2) (3)
[16:18:38]     - CAIXA SIGMA FUNCIONARIOS FIC FIF RF REF DI LP - RESP LTDA (2) (3)
[16:18:38]     - CAIXA CARTEIRA QUANT DUO FIC FIF MM LP RESP LTDA (2) (3)
[16:18:38]     - CAIXA CARTEIRA QUANT QUALI FIC FIF MM LP RESP LTDA (2) (3)
[16:18:38]     - CAIXA CARTEIRA QUANT UNO FIC FIF MM LP RESP LTDA (2) (3)
[16:18:38]     - CAIXA FIC FIF FUNCIONARIOS ESTRATEGIA LIVRE MULTIMERCADO LP RESP LTDA
[16:18:38]     - CAIXA HASHDEX NASDAQ CRYPTO INDEX FIC FIF MM RESP LTDA (2)
[16:18:38]     - CAIXA FIC FIM CAPITAL PROTEGIDO CICLICO II LP - RL
[16:18:38]     - CAIXA ATENA FIC FIF AÇÕES FUNCIONÁRIOS LIVRE QUANT RESP LTDA
[16:18:38]     - CAIXA ATENA FIC FIF AÇÕES LIVRE QUANT RESP LTDA
[16:18:38]     - CAIXA FMP-FGTS ELETROBRAS MIGRACAO
[16:18:38]     - CAIXA FMP-FGTS ELETROBRAS RESP LTDA
[16:18:38]     - CAIXA FMP-FGTS PETROBRÁS IV RESP LTDA
[16:18:38]     - CAIXA FMP-FGTS VALE RIO DOCE II RESP LTDA
[16:18:38]     - CAIXA FMP-FGTS CL ABSOLUTO RESP LTDA
[16:18:38]     - CAIXA FMP-FGTS VALE RIO DOCE MIGRAÇÃO RESP LTDA
[16:18:38]     - CAIXA FMP-FGTS PETROBRÁS II RESP LTDA
[16:18:38]     - CAIXA FMP-FGTS VALE RIO DOCE I RESP LTDA
[16:18:38]     - CAIXA FMP-FGTS PETROBRÁS III RESP LTDA
[16:18:38]     - CAIXA ATENA FIC FIF AÇÕES BRASIL LIVRE QUANT RESP LTDA
[16:18:38] ETAPA 4 — Baixando JSON da CAIXA Asset...
[16:18:40]   JSON Asset salvo: /home/runner/work/catalogo-fundos-caixa-v2/catalogo-fundos-caixa-v2/data/fundos_asset.json
[16:18:40]   Histórico JSON salvo: /home/runner/work/catalogo-fundos-caixa-v2/catalogo-fundos-caixa-v2/historico/json/fundos_asset_20260610.json
[16:18:40]   Fundos no JSON Asset: 196
[16:18:40]   Asset matches encontrados: 168/171
[16:18:40]   Asset sem match: 3/171
[16:18:40] CSV salvo: /home/runner/work/catalogo-fundos-caixa-v2/catalogo-fundos-caixa-v2/dados_atuais.csv
[16:18:40] Histórico CSV salvo: /home/runner/work/catalogo-fundos-caixa-v2/catalogo-fundos-caixa-v2/sipii_caixa_20260610.csv
[16:18:41] Excel salvo: /home/runner/work/catalogo-fundos-caixa-v2/catalogo-fundos-caixa-v2/sipii_caixa_20260610.xlsx
[16:18:41] JSON unificado salvo: /home/runner/work/catalogo-fundos-caixa-v2/catalogo-fundos-caixa-v2/data/fundos_unificado.json
[16:18:41] Histórico JSON unificado salvo: /home/runner/work/catalogo-fundos-caixa-v2/catalogo-fundos-caixa-v2/historico/json/fundos_unificado_20260610.json
[16:18:41] SUCESSO: 171 fundos consolidados e enriquecidos salvos.
[16:33:36] INICIANDO ROBÔ SIPII v11 - SIPII + ASSET JSON
[16:33:36] ETAPA 1 — Coletando URLs dinâmicas (12 páginas CAIXA)...
[16:33:39]   [CAIXA] renda-fixa → +34 links (34 total)
[16:33:40]   [CAIXA] referenciados → +4 links (38 total)
[16:33:43]   [CAIXA] fundo-simples → +2 links (40 total)
[16:33:44]   [CAIXA] curto-prazo → +1 links (41 total)
[16:33:46]   [CAIXA] multimercado → +19 links (60 total)
[16:33:48]   [CAIXA] cambiais → +1 links (61 total)
[16:33:49]   [CAIXA] fundos-de-acoes → +10 links (71 total)
[16:33:51]   [CAIXA] fundos-de-indices → +2 links (73 total)
[16:33:52]   [CAIXA] renda-fixa → +8 links (81 total)
[16:33:54]   [CAIXA] empresa → +5 links (86 total)
[16:33:55]   [CAIXA] fmp-fgts → HTTP 404
[16:33:55]   [CAIXA] rpps → +8 links (94 total)
[16:33:56] [CAIXA] Total URLs dinâmicas: 94
[16:33:56] ETAPA 2 — Coletando dados do SIPII...
[16:34:04] [PF] Abrindo SIPII...
[16:34:23]   [PF] RENDA FIXA SIMPLES: 3 fundos.
[16:34:38]   [PF] RENDA FIXA: 39 fundos.
[16:34:44]   [PF] RENDA FIXA REFERENCIADO: 10 fundos.
[16:34:47]   [PF] RENDA FIXA CURTO PRAZO: 1 fundos.
[16:35:00]   [PF] MULTIMERCADO: 30 fundos.
[16:35:03]   [PF] CAMBIAL: 1 fundos.
[16:35:16]   [PF] ACOES: 29 fundos.
[16:35:20]   [PF] FUNDO DE INDICE: 1 fundos.
[16:35:25]   [PF] FUNDOS MUTUOS DE PRIVATIZACAO: 9 fundos.
[16:35:26] [PJ] Abrindo SIPII...
[16:35:44]   [PJ] RENDA FIXA SIMPLES: 5 fundos.
[16:35:59]   [PJ] RENDA FIXA: 38 fundos.
[16:36:04]   [PJ] RENDA FIXA REFERENCIADO: 7 fundos.
[16:36:07]   [PJ] RENDA FIXA CURTO PRAZO: 2 fundos.
[16:36:18]   [PJ] MULTIMERCADO: 27 fundos.
[16:36:21]   [PJ] CAMBIAL: 1 fundos.
[16:36:33]   [PJ] ACOES: 28 fundos.
[16:36:34] [GOV] Abrindo SIPII...
[16:36:51]   [GOV] RENDA FIXA: 2 fundos.
[16:36:54]   [GOV] RENDA FIXA REFERENCIADO: 3 fundos.
[16:36:58]   [GOV] RENDA FIXA CURTO PRAZO: 3 fundos.
[16:37:03]   [GOV] MULTIMERCADO: 6 fundos.
[16:37:06]   [GOV] ACOES: 4 fundos.
[16:37:07] [RPPS] Abrindo SIPII...
[16:37:36]   [RPPS] RENDA FIXA: 19 fundos.
[16:37:40]   [RPPS] RENDA FIXA REFERENCIADO: 4 fundos.
[16:37:47]   [RPPS] MULTIMERCADO: 14 fundos.
[16:37:54]   [RPPS] ACOES: 14 fundos.
[16:37:54] [TODOS] Abrindo SIPII...
[16:38:11]   [TODOS] RENDA FIXA SIMPLES: 2 fundos.
[16:38:28]   [TODOS] RENDA FIXA: 42 fundos.
[16:38:33]   [TODOS] RENDA FIXA REFERENCIADO: 8 fundos.
[16:38:37]   [TODOS] RENDA FIXA CURTO PRAZO: 3 fundos.
[16:38:44]   [TODOS] MULTIMERCADO: 14 fundos.
[16:38:47]   [TODOS] CAMBIAL: 1 fundos.
[16:38:58]   [TODOS] ACOES: 25 fundos.
[16:39:02]   [TODOS] FUNDO DE INDICE: 1 fundos.
[16:39:02] ETAPA 3 — Associando URLs (estáticas + dinâmicas)...
[16:39:02]   Dicionário estático : 116 entradas
[16:39:02]   URLs encontradas    : 148/171
[16:39:02]   Sem URL             : 23/171
[16:39:02]   Fundos SEM URL:
[16:39:02]     - CAIXA FIC FIF EXCLUSIVO FUNC RF CREDITO PRIVADO LP RESP LTDA
[16:39:02]     - CAIXA EXPERT VOX DESENV SUSTENTAVEL IS RF CRED PRIV LP - RESP LTDA (2)
[16:39:02]     - CAIXA EXPERT ABSOLUTE CRETA FIC FIF RF CRED PRIV LP - RESP LTDA
[16:39:02]     - CAIXA EXPERT VINLAND DEB IN INFRA RF CRED PRIV LP RESP LTDA (2) (3)
[16:39:02]     - CAIXA SIGMA FUNCIONARIOS FIC FIF RF REF DI LP - RESP LTDA (2) (3)
[16:39:02]     - CAIXA CARTEIRA QUANT DUO FIC FIF MM LP RESP LTDA (2) (3)
[16:39:02]     - CAIXA CARTEIRA QUANT QUALI FIC FIF MM LP RESP LTDA (2) (3)
[16:39:02]     - CAIXA CARTEIRA QUANT UNO FIC FIF MM LP RESP LTDA (2) (3)
[16:39:02]     - CAIXA FIC FIF FUNCIONARIOS ESTRATEGIA LIVRE MULTIMERCADO LP RESP LTDA
[16:39:02]     - CAIXA HASHDEX NASDAQ CRYPTO INDEX FIC FIF MM RESP LTDA (2)
[16:39:02]     - CAIXA FIC FIM CAPITAL PROTEGIDO CICLICO II LP - RL
[16:39:02]     - CAIXA ATENA FIC FIF AÇÕES FUNCIONÁRIOS LIVRE QUANT RESP LTDA
[16:39:02]     - CAIXA ATENA FIC FIF AÇÕES LIVRE QUANT RESP LTDA
[16:39:02]     - CAIXA FMP-FGTS ELETROBRAS MIGRACAO
[16:39:02]     - CAIXA FMP-FGTS ELETROBRAS RESP LTDA
[16:39:02]     - CAIXA FMP-FGTS PETROBRÁS IV RESP LTDA
[16:39:02]     - CAIXA FMP-FGTS VALE RIO DOCE II RESP LTDA
[16:39:02]     - CAIXA FMP-FGTS CL ABSOLUTO RESP LTDA
[16:39:02]     - CAIXA FMP-FGTS VALE RIO DOCE MIGRAÇÃO RESP LTDA
[16:39:02]     - CAIXA FMP-FGTS PETROBRÁS II RESP LTDA
[16:39:02]     - CAIXA FMP-FGTS VALE RIO DOCE I RESP LTDA
[16:39:02]     - CAIXA FMP-FGTS PETROBRÁS III RESP LTDA
[16:39:02]     - CAIXA ATENA FIC FIF AÇÕES BRASIL LIVRE QUANT RESP LTDA
[16:39:02] ETAPA 4 — Baixando JSON da CAIXA Asset...
[16:39:04]   JSON Asset salvo: /home/runner/work/catalogo-fundos-caixa-v2/catalogo-fundos-caixa-v2/data/fundos_asset.json
[16:39:04]   Histórico JSON salvo: /home/runner/work/catalogo-fundos-caixa-v2/catalogo-fundos-caixa-v2/historico/json/fundos_asset_20260611.json
[16:39:04]   Fundos no JSON Asset: 196
[16:39:04]   Asset matches encontrados: 168/171
[16:39:04]   Asset sem match: 3/171
[16:39:04] CSV salvo: /home/runner/work/catalogo-fundos-caixa-v2/catalogo-fundos-caixa-v2/dados_atuais.csv
[16:39:04] Histórico CSV salvo: /home/runner/work/catalogo-fundos-caixa-v2/catalogo-fundos-caixa-v2/sipii_caixa_20260611.csv
[16:39:05] Excel salvo: /home/runner/work/catalogo-fundos-caixa-v2/catalogo-fundos-caixa-v2/sipii_caixa_20260611.xlsx
[16:39:05] JSON unificado salvo: /home/runner/work/catalogo-fundos-caixa-v2/catalogo-fundos-caixa-v2/data/fundos_unificado.json
[16:39:05] Histórico JSON unificado salvo: /home/runner/work/catalogo-fundos-caixa-v2/catalogo-fundos-caixa-v2/historico/json/fundos_unificado_20260611.json
[16:39:05] SUCESSO: 171 fundos consolidados e enriquecidos salvos.
[15:45:39] INICIANDO ROBÔ SIPII v11 - SIPII + ASSET JSON
[15:45:39] ETAPA 1 — Coletando URLs dinâmicas (12 páginas CAIXA)...
[15:45:42]   [CAIXA] renda-fixa → +34 links (34 total)
[15:45:43]   [CAIXA] referenciados → +4 links (38 total)
[15:45:45]   [CAIXA] fundo-simples → +2 links (40 total)
[15:45:47]   [CAIXA] curto-prazo → +1 links (41 total)
[15:45:48]   [CAIXA] multimercado → +19 links (60 total)
[15:45:51]   [CAIXA] cambiais → +1 links (61 total)
[15:45:52]   [CAIXA] fundos-de-acoes → +10 links (71 total)
[15:45:54]   [CAIXA] fundos-de-indices → +2 links (73 total)
[15:45:55]   [CAIXA] renda-fixa → +8 links (81 total)
[15:45:57]   [CAIXA] empresa → +5 links (86 total)
[15:45:59]   [CAIXA] fmp-fgts → HTTP 404
[15:45:59]   [CAIXA] rpps → +8 links (94 total)
[15:46:00] [CAIXA] Total URLs dinâmicas: 94
[15:46:00] ETAPA 2 — Coletando dados do SIPII...
[15:46:01] [PF] Abrindo SIPII...
[15:46:11] [PF] Erro geral: Message: stale element reference: stale element not found
  (Session info: chrome=149.0.7827.53); For documentation on this error, please visit: https://www.selenium.dev/documentation/webdriver/troubleshooting/errors#staleelementreferenceexception
Stacktrace:
#0 0x564a8edcf80a <unknown>
#1 0x564a8e7b2289 <unknown>
#2 0x564a8e7c732b <unknown>
#3 0x564a8e7c5dc1 <unknown>
#4 0x564a8e7b9e79 <unknown>
#5 0x564a8e7b9fb3 <unknown>
#6 0x564a8e7b8049 <unknown>
#7 0x564a8e7bbffb <unknown>
#8 0x564a8e84fb61 <unknown>
#9 0x564a8e84ea4c <unknown>
#10 0x564a8e7f9f7f <unknown>
#11 0x564a8e7fad61 <unknown>
#12 0x564a8ed960f7 <unknown>
#13 0x564a8ed948bd <unknown>
#14 0x564a8ed7f5a6 <unknown>
#15 0x564a8ed9549a <unknown>
#16 0x564a8ed67560 <unknown>
#17 0x564a8edbc288 <unknown>
#18 0x564a8edbc425 <unknown>
#19 0x564a8edce38e <unknown>
#20 0x7fe30349caa4 <unknown>
#21 0x7fe303529c6c <unknown>

[15:46:12] [PJ] Abrindo SIPII...
[15:46:33]   [PJ] RENDA FIXA SIMPLES: 5 fundos.
[15:46:47]   [PJ] RENDA FIXA: 38 fundos.
[15:46:52]   [PJ] RENDA FIXA REFERENCIADO: 7 fundos.
[15:46:55]   [PJ] RENDA FIXA CURTO PRAZO: 2 fundos.
[15:47:06]   [PJ] MULTIMERCADO: 27 fundos.
[15:47:09]   [PJ] CAMBIAL: 1 fundos.
[15:47:21]   [PJ] ACOES: 28 fundos.
[15:47:21] [GOV] Abrindo SIPII...
[15:47:40]   [GOV] RENDA FIXA: 2 fundos.
[15:47:43]   [GOV] RENDA FIXA REFERENCIADO: 3 fundos.
[15:47:47]   [GOV] RENDA FIXA CURTO PRAZO: 3 fundos.
[15:47:52]   [GOV] MULTIMERCADO: 6 fundos.
[15:47:56]   [GOV] ACOES: 4 fundos.
[15:47:56] [RPPS] Abrindo SIPII...
[15:48:26]   [RPPS] RENDA FIXA: 19 fundos.
[15:48:31]   [RPPS] RENDA FIXA REFERENCIADO: 4 fundos.
[15:48:38]   [RPPS] MULTIMERCADO: 14 fundos.
[15:48:45]   [RPPS] ACOES: 14 fundos.
[15:48:46] [TODOS] Abrindo SIPII...
[15:49:03]   [TODOS] RENDA FIXA SIMPLES: 2 fundos.
[15:49:20]   [TODOS] RENDA FIXA: 42 fundos.
[15:49:25]   [TODOS] RENDA FIXA REFERENCIADO: 8 fundos.
[15:49:29]   [TODOS] RENDA FIXA CURTO PRAZO: 3 fundos.
[15:49:36]   [TODOS] MULTIMERCADO: 14 fundos.
[15:49:39]   [TODOS] CAMBIAL: 1 fundos.
[15:49:50]   [TODOS] ACOES: 25 fundos.
[15:49:53]   [TODOS] FUNDO DE INDICE: 1 fundos.
[15:49:53] ETAPA 3 — Associando URLs (estáticas + dinâmicas)...
[15:49:53]   Dicionário estático : 116 entradas
[15:49:53]   URLs encontradas    : 142/151
[15:49:53]   Sem URL             : 9/151
[15:49:53]   Fundos SEM URL:
[15:49:53]     - CAIXA EXPERT ABSOLUTE CRETA FIC FIF RF CRED PRIV LP - RESP LTDA
[15:49:53]     - CAIXA EXPERT VOX DESENV SUSTENTAVEL IS RF CRED PRIV LP - RESP LTDA (2)
[15:49:53]     - CAIXA CARTEIRA QUANT DUO FIC FIF MM LP RESP LTDA (2) (3)
[15:49:53]     - CAIXA CARTEIRA QUANT QUALI FIC FIF MM LP RESP LTDA (2) (3)
[15:49:53]     - CAIXA CARTEIRA QUANT UNO FIC FIF MM LP RESP LTDA (2) (3)
[15:49:53]     - CAIXA HASHDEX NASDAQ CRYPTO INDEX FIC FIF MM RESP LTDA (2)
[15:49:53]     - CAIXA FIC FIM CAPITAL PROTEGIDO CICLICO II LP - RL
[15:49:53]     - CAIXA ATENA FIC FIF AÇÕES LIVRE QUANT RESP LTDA
[15:49:53]     - CAIXA ATENA FIC FIF AÇÕES BRASIL LIVRE QUANT RESP LTDA
[15:49:53] ETAPA 4 — Baixando JSON da CAIXA Asset...
[15:49:55]   JSON Asset salvo: /home/runner/work/catalogo-fundos-caixa-v2/catalogo-fundos-caixa-v2/data/fundos_asset.json
[15:49:55]   Histórico JSON salvo: /home/runner/work/catalogo-fundos-caixa-v2/catalogo-fundos-caixa-v2/historico/json/fundos_asset_20260612.json
[15:49:55]   Fundos no JSON Asset: 196
[15:49:55]   Asset matches encontrados: 148/151
[15:49:55]   Asset sem match: 3/151
[15:49:55] CSV salvo: /home/runner/work/catalogo-fundos-caixa-v2/catalogo-fundos-caixa-v2/dados_atuais.csv
[15:49:55] Histórico CSV salvo: /home/runner/work/catalogo-fundos-caixa-v2/catalogo-fundos-caixa-v2/sipii_caixa_20260612.csv
[15:49:56] Excel salvo: /home/runner/work/catalogo-fundos-caixa-v2/catalogo-fundos-caixa-v2/sipii_caixa_20260612.xlsx
[15:49:56] JSON unificado salvo: /home/runner/work/catalogo-fundos-caixa-v2/catalogo-fundos-caixa-v2/data/fundos_unificado.json
[15:49:56] Histórico JSON unificado salvo: /home/runner/work/catalogo-fundos-caixa-v2/catalogo-fundos-caixa-v2/historico/json/fundos_unificado_20260612.json
[15:49:56] SUCESSO: 151 fundos consolidados e enriquecidos salvos.
[17:29:36] INICIANDO ROBÔ SIPII v11 - SIPII + ASSET JSON
[17:29:36] ETAPA 1 — Coletando URLs dinâmicas (12 páginas CAIXA)...
[17:29:38]   [CAIXA] renda-fixa → +34 links (34 total)
[17:29:40]   [CAIXA] referenciados → +4 links (38 total)
[17:29:41]   [CAIXA] fundo-simples → +2 links (40 total)
[17:29:43]   [CAIXA] curto-prazo → +1 links (41 total)
[17:29:44]   [CAIXA] multimercado → +19 links (60 total)
[17:29:46]   [CAIXA] cambiais → +1 links (61 total)
[17:29:47]   [CAIXA] fundos-de-acoes → +10 links (71 total)
[17:29:49]   [CAIXA] fundos-de-indices → +2 links (73 total)
[17:29:50]   [CAIXA] renda-fixa → +8 links (81 total)
[17:29:52]   [CAIXA] empresa → +5 links (86 total)
[17:29:53]   [CAIXA] fmp-fgts → HTTP 404
[17:29:53]   [CAIXA] rpps → +8 links (94 total)
[17:29:54] [CAIXA] Total URLs dinâmicas: 94
[17:29:54] ETAPA 2 — Coletando dados do SIPII...
[17:29:56] [PF] Abrindo SIPII...
[17:30:13]   [PF] RENDA FIXA SIMPLES: 3 fundos.
[17:30:28]   [PF] RENDA FIXA: 39 fundos.
[17:30:34]   [PF] RENDA FIXA REFERENCIADO: 10 fundos.
[17:30:37]   [PF] RENDA FIXA CURTO PRAZO: 1 fundos.
[17:30:49]   [PF] MULTIMERCADO: 30 fundos.
[17:30:52]   [PF] CAMBIAL: 1 fundos.
[17:31:04]   [PF] ACOES: 29 fundos.
[17:31:07]   [PF] FUNDO DE INDICE: 1 fundos.
[17:31:13]   [PF] FUNDOS MUTUOS DE PRIVATIZACAO: 9 fundos.
[17:31:13] [PJ] Abrindo SIPII...
[17:31:32]   [PJ] RENDA FIXA SIMPLES: 5 fundos.
[17:31:47]   [PJ] RENDA FIXA: 38 fundos.
[17:31:52]   [PJ] RENDA FIXA REFERENCIADO: 7 fundos.
[17:31:55]   [PJ] RENDA FIXA CURTO PRAZO: 2 fundos.
[17:32:07]   [PJ] MULTIMERCADO: 27 fundos.
[17:32:10]   [PJ] CAMBIAL: 1 fundos.
[17:32:21]   [PJ] ACOES: 28 fundos.
[17:32:21] [GOV] Abrindo SIPII...
[17:32:38]   [GOV] RENDA FIXA: 2 fundos.
[17:32:41]   [GOV] RENDA FIXA REFERENCIADO: 3 fundos.
[17:32:45]   [GOV] RENDA FIXA CURTO PRAZO: 3 fundos.
[17:32:49]   [GOV] MULTIMERCADO: 6 fundos.
[17:32:53]   [GOV] ACOES: 4 fundos.
[17:32:53] [RPPS] Abrindo SIPII...
[17:33:21]   [RPPS] RENDA FIXA: 19 fundos.
[17:33:25]   [RPPS] RENDA FIXA REFERENCIADO: 4 fundos.
[17:33:32]   [RPPS] MULTIMERCADO: 14 fundos.
[17:33:39]   [RPPS] ACOES: 14 fundos.
[17:33:39] [TODOS] Abrindo SIPII...
[17:33:56]   [TODOS] RENDA FIXA SIMPLES: 2 fundos.
[17:34:13]   [TODOS] RENDA FIXA: 42 fundos.
[17:34:18]   [TODOS] RENDA FIXA REFERENCIADO: 8 fundos.
[17:34:22]   [TODOS] RENDA FIXA CURTO PRAZO: 3 fundos.
[17:34:29]   [TODOS] MULTIMERCADO: 14 fundos.
[17:34:32]   [TODOS] CAMBIAL: 1 fundos.
[17:34:43]   [TODOS] ACOES: 25 fundos.
[17:34:46]   [TODOS] FUNDO DE INDICE: 1 fundos.
[17:34:46] ETAPA 3 — Associando URLs (estáticas + dinâmicas)...
[17:34:46]   Dicionário estático : 116 entradas
[17:34:46]   URLs encontradas    : 148/171
[17:34:46]   Sem URL             : 23/171
[17:34:46]   Fundos SEM URL:
[17:34:46]     - CAIXA FIC FIF EXCLUSIVO FUNC RF CREDITO PRIVADO LP RESP LTDA
[17:34:46]     - CAIXA EXPERT VOX DESENV SUSTENTAVEL IS RF CRED PRIV LP - RESP LTDA (2)
[17:34:46]     - CAIXA EXPERT ABSOLUTE CRETA FIC FIF RF CRED PRIV LP - RESP LTDA
[17:34:46]     - CAIXA EXPERT VINLAND DEB IN INFRA RF CRED PRIV LP RESP LTDA (2) (3)
[17:34:46]     - CAIXA SIGMA FUNCIONARIOS FIC FIF RF REF DI LP - RESP LTDA (2) (3)
[17:34:46]     - CAIXA CARTEIRA QUANT DUO FIC FIF MM LP RESP LTDA (2) (3)
[17:34:46]     - CAIXA CARTEIRA QUANT QUALI FIC FIF MM LP RESP LTDA (2) (3)
[17:34:46]     - CAIXA CARTEIRA QUANT UNO FIC FIF MM LP RESP LTDA (2) (3)
[17:34:46]     - CAIXA FIC FIF FUNCIONARIOS ESTRATEGIA LIVRE MULTIMERCADO LP RESP LTDA
[17:34:46]     - CAIXA HASHDEX NASDAQ CRYPTO INDEX FIC FIF MM RESP LTDA (2)
[17:34:46]     - CAIXA FIC FIM CAPITAL PROTEGIDO CICLICO II LP - RL
[17:34:46]     - CAIXA ATENA FIC FIF AÇÕES FUNCIONÁRIOS LIVRE QUANT RESP LTDA
[17:34:46]     - CAIXA ATENA FIC FIF AÇÕES LIVRE QUANT RESP LTDA
[17:34:46]     - CAIXA FMP-FGTS ELETROBRAS MIGRACAO
[17:34:46]     - CAIXA FMP-FGTS ELETROBRAS RESP LTDA
[17:34:46]     - CAIXA FMP-FGTS PETROBRÁS IV RESP LTDA
[17:34:46]     - CAIXA FMP-FGTS VALE RIO DOCE II RESP LTDA
[17:34:46]     - CAIXA FMP-FGTS CL ABSOLUTO RESP LTDA
[17:34:46]     - CAIXA FMP-FGTS VALE RIO DOCE MIGRAÇÃO RESP LTDA
[17:34:46]     - CAIXA FMP-FGTS PETROBRÁS II RESP LTDA
[17:34:46]     - CAIXA FMP-FGTS VALE RIO DOCE I RESP LTDA
[17:34:46]     - CAIXA FMP-FGTS PETROBRÁS III RESP LTDA
[17:34:46]     - CAIXA ATENA FIC FIF AÇÕES BRASIL LIVRE QUANT RESP LTDA
[17:34:46] ETAPA 4 — Baixando JSON da CAIXA Asset...
[17:34:49]   JSON Asset salvo: /home/runner/work/catalogo-fundos-caixa-v2/catalogo-fundos-caixa-v2/data/fundos_asset.json
[17:34:49]   Histórico JSON salvo: /home/runner/work/catalogo-fundos-caixa-v2/catalogo-fundos-caixa-v2/historico/json/fundos_asset_20260615.json
[17:34:49]   Fundos no JSON Asset: 196
[17:34:49]   Asset matches encontrados: 168/171
[17:34:49]   Asset sem match: 3/171
[17:34:49] CSV salvo: /home/runner/work/catalogo-fundos-caixa-v2/catalogo-fundos-caixa-v2/dados_atuais.csv
[17:34:49] Histórico CSV salvo: /home/runner/work/catalogo-fundos-caixa-v2/catalogo-fundos-caixa-v2/sipii_caixa_20260615.csv
[17:34:49] Excel salvo: /home/runner/work/catalogo-fundos-caixa-v2/catalogo-fundos-caixa-v2/sipii_caixa_20260615.xlsx
[17:34:49] JSON unificado salvo: /home/runner/work/catalogo-fundos-caixa-v2/catalogo-fundos-caixa-v2/data/fundos_unificado.json
[17:34:49] Histórico JSON unificado salvo: /home/runner/work/catalogo-fundos-caixa-v2/catalogo-fundos-caixa-v2/historico/json/fundos_unificado_20260615.json
[17:34:49] SUCESSO: 171 fundos consolidados e enriquecidos salvos.
[17:30:07] INICIANDO ROBÔ SIPII v11 - SIPII + ASSET JSON
[17:30:07] ETAPA 1 — Coletando URLs dinâmicas (12 páginas CAIXA)...
[17:30:11]   [CAIXA] renda-fixa → +34 links (34 total)
[17:30:13]   [CAIXA] referenciados → +4 links (38 total)
[17:30:14]   [CAIXA] fundo-simples → +2 links (40 total)
[17:30:16]   [CAIXA] curto-prazo → +1 links (41 total)
[17:30:18]   [CAIXA] multimercado → +19 links (60 total)
[17:30:20]   [CAIXA] cambiais → +1 links (61 total)
[17:30:21]   [CAIXA] fundos-de-acoes → +10 links (71 total)
[17:30:23]   [CAIXA] fundos-de-indices → +2 links (73 total)
[17:30:24]   [CAIXA] renda-fixa → +8 links (81 total)
[17:30:26]   [CAIXA] empresa → +5 links (86 total)
[17:30:27]   [CAIXA] fmp-fgts → HTTP 404
[17:30:28]   [CAIXA] rpps → +8 links (94 total)
[17:30:29] [CAIXA] Total URLs dinâmicas: 94
[17:30:29] ETAPA 2 — Coletando dados do SIPII...
[17:30:35] [PF] Abrindo SIPII...
[17:30:56]   [PF] RENDA FIXA SIMPLES: 3 fundos.
[17:31:11]   [PF] RENDA FIXA: 39 fundos.
[17:31:17]   [PF] RENDA FIXA REFERENCIADO: 10 fundos.
[17:31:20]   [PF] RENDA FIXA CURTO PRAZO: 1 fundos.
[17:31:33]   [PF] MULTIMERCADO: 30 fundos.
[17:31:36]   [PF] CAMBIAL: 1 fundos.
[17:31:48]   [PF] ACOES: 29 fundos.
[17:31:51]   [PF] FUNDO DE INDICE: 1 fundos.
[17:31:57]   [PF] FUNDOS MUTUOS DE PRIVATIZACAO: 9 fundos.
[17:31:57] [PJ] Abrindo SIPII...
[17:32:18]   [PJ] RENDA FIXA SIMPLES: 5 fundos.
[17:32:33]   [PJ] RENDA FIXA: 38 fundos.
[17:32:38]   [PJ] RENDA FIXA REFERENCIADO: 7 fundos.
[17:32:42]   [PJ] RENDA FIXA CURTO PRAZO: 2 fundos.
[17:32:54]   [PJ] MULTIMERCADO: 27 fundos.
[17:32:57]   [PJ] CAMBIAL: 1 fundos.
[17:33:09]   [PJ] ACOES: 28 fundos.
[17:33:10] [GOV] Abrindo SIPII...
[17:33:28]   [GOV] RENDA FIXA: 2 fundos.
[17:33:32]   [GOV] RENDA FIXA REFERENCIADO: 3 fundos.
[17:33:35]   [GOV] RENDA FIXA CURTO PRAZO: 3 fundos.
[17:33:40]   [GOV] MULTIMERCADO: 6 fundos.
[17:33:44]   [GOV] ACOES: 4 fundos.
[17:33:44] [RPPS] Abrindo SIPII...
[17:34:14]   [RPPS] RENDA FIXA: 19 fundos.
[17:34:18]   [RPPS] RENDA FIXA REFERENCIADO: 4 fundos.
[17:34:25]   [RPPS] MULTIMERCADO: 14 fundos.
[17:34:32]   [RPPS] ACOES: 14 fundos.
[17:34:33] [TODOS] Abrindo SIPII...
[17:34:51]   [TODOS] RENDA FIXA SIMPLES: 2 fundos.
[17:35:07]   [TODOS] RENDA FIXA: 42 fundos.
[17:35:12]   [TODOS] RENDA FIXA REFERENCIADO: 8 fundos.
[17:35:16]   [TODOS] RENDA FIXA CURTO PRAZO: 3 fundos.
[17:35:23]   [TODOS] MULTIMERCADO: 14 fundos.
[17:35:26]   [TODOS] CAMBIAL: 1 fundos.
[17:35:37]   [TODOS] ACOES: 25 fundos.
[17:35:41]   [TODOS] FUNDO DE INDICE: 1 fundos.
[17:35:41] ETAPA 3 — Associando URLs (estáticas + dinâmicas)...
[17:35:41]   Dicionário estático : 116 entradas
[17:35:41]   URLs encontradas    : 148/171
[17:35:41]   Sem URL             : 23/171
[17:35:41]   Fundos SEM URL:
[17:35:41]     - CAIXA FIC FIF EXCLUSIVO FUNC RF CREDITO PRIVADO LP RESP LTDA
[17:35:41]     - CAIXA EXPERT VOX DESENV SUSTENTAVEL IS RF CRED PRIV LP - RESP LTDA (2)
[17:35:41]     - CAIXA EXPERT ABSOLUTE CRETA FIC FIF RF CRED PRIV LP - RESP LTDA
[17:35:41]     - CAIXA EXPERT VINLAND DEB IN INFRA RF CRED PRIV LP RESP LTDA (2) (3)
[17:35:41]     - CAIXA SIGMA FUNCIONARIOS FIC FIF RF REF DI LP - RESP LTDA (2) (3)
[17:35:41]     - CAIXA CARTEIRA QUANT DUO FIC FIF MM LP RESP LTDA (2) (3)
[17:35:41]     - CAIXA CARTEIRA QUANT QUALI FIC FIF MM LP RESP LTDA (2) (3)
[17:35:41]     - CAIXA CARTEIRA QUANT UNO FIC FIF MM LP RESP LTDA (2) (3)
[17:35:41]     - CAIXA FIC FIF FUNCIONARIOS ESTRATEGIA LIVRE MULTIMERCADO LP RESP LTDA
[17:35:41]     - CAIXA HASHDEX NASDAQ CRYPTO INDEX FIC FIF MM RESP LTDA (2)
[17:35:41]     - CAIXA FIC FIM CAPITAL PROTEGIDO CICLICO II LP - RL
[17:35:41]     - CAIXA ATENA FIC FIF AÇÕES FUNCIONÁRIOS LIVRE QUANT RESP LTDA
[17:35:41]     - CAIXA ATENA FIC FIF AÇÕES LIVRE QUANT RESP LTDA
[17:35:41]     - CAIXA FMP-FGTS ELETROBRAS MIGRACAO
[17:35:41]     - CAIXA FMP-FGTS ELETROBRAS RESP LTDA
[17:35:41]     - CAIXA FMP-FGTS PETROBRÁS IV RESP LTDA
[17:35:41]     - CAIXA FMP-FGTS VALE RIO DOCE II RESP LTDA
[17:35:41]     - CAIXA FMP-FGTS CL ABSOLUTO RESP LTDA
[17:35:41]     - CAIXA FMP-FGTS VALE RIO DOCE MIGRAÇÃO RESP LTDA
[17:35:41]     - CAIXA FMP-FGTS PETROBRÁS II RESP LTDA
[17:35:41]     - CAIXA FMP-FGTS VALE RIO DOCE I RESP LTDA
[17:35:41]     - CAIXA FMP-FGTS PETROBRÁS III RESP LTDA
[17:35:41]     - CAIXA ATENA FIC FIF AÇÕES BRASIL LIVRE QUANT RESP LTDA
[17:35:41] ETAPA 4 — Baixando JSON da CAIXA Asset...
[17:35:47]   JSON Asset salvo: /home/runner/work/catalogo-fundos-caixa-v2/catalogo-fundos-caixa-v2/data/fundos_asset.json
[17:35:47]   Histórico JSON salvo: /home/runner/work/catalogo-fundos-caixa-v2/catalogo-fundos-caixa-v2/historico/json/fundos_asset_20260616.json
[17:35:47]   Fundos no JSON Asset: 196
[17:35:47]   Asset matches encontrados: 168/171
[17:35:47]   Asset sem match: 3/171
[17:35:47] CSV salvo: /home/runner/work/catalogo-fundos-caixa-v2/catalogo-fundos-caixa-v2/dados_atuais.csv
[17:35:47] Histórico CSV salvo: /home/runner/work/catalogo-fundos-caixa-v2/catalogo-fundos-caixa-v2/sipii_caixa_20260616.csv
[17:35:47] Excel salvo: /home/runner/work/catalogo-fundos-caixa-v2/catalogo-fundos-caixa-v2/sipii_caixa_20260616.xlsx
[17:35:47] JSON unificado salvo: /home/runner/work/catalogo-fundos-caixa-v2/catalogo-fundos-caixa-v2/data/fundos_unificado.json
[17:35:47] Histórico JSON unificado salvo: /home/runner/work/catalogo-fundos-caixa-v2/catalogo-fundos-caixa-v2/historico/json/fundos_unificado_20260616.json
[17:35:47] SUCESSO: 171 fundos consolidados e enriquecidos salvos.
[16:10:45] INICIANDO ROBÔ SIPII v11 - SIPII + ASSET JSON
[16:10:45] ETAPA 1 — Coletando URLs dinâmicas (12 páginas CAIXA)...
[16:10:48]   [CAIXA] renda-fixa → +34 links (34 total)
[16:10:49]   [CAIXA] referenciados → +4 links (38 total)
[16:10:51]   [CAIXA] fundo-simples → +2 links (40 total)
[16:10:52]   [CAIXA] curto-prazo → +1 links (41 total)
[16:10:54]   [CAIXA] multimercado → +19 links (60 total)
[16:10:56]   [CAIXA] cambiais → +1 links (61 total)
[16:10:58]   [CAIXA] fundos-de-acoes → +10 links (71 total)
[16:10:59]   [CAIXA] fundos-de-indices → +2 links (73 total)
[16:11:01]   [CAIXA] renda-fixa → +8 links (81 total)
[16:11:02]   [CAIXA] empresa → +5 links (86 total)
[16:11:03]   [CAIXA] fmp-fgts → HTTP 404
[16:11:04]   [CAIXA] rpps → +8 links (94 total)
[16:11:05] [CAIXA] Total URLs dinâmicas: 94
[16:11:05] ETAPA 2 — Coletando dados do SIPII...
[16:11:07] [PF] Abrindo SIPII...
[16:11:28]   [PF] RENDA FIXA SIMPLES: 3 fundos.
[16:11:43]   [PF] RENDA FIXA: 39 fundos.
[16:11:50]   [PF] RENDA FIXA REFERENCIADO: 10 fundos.
[16:11:53]   [PF] RENDA FIXA CURTO PRAZO: 1 fundos.
[16:12:06]   [PF] MULTIMERCADO: 30 fundos.
[16:12:10]   [PF] CAMBIAL: 1 fundos.
[16:12:23]   [PF] ACOES: 29 fundos.
[16:12:26]   [PF] FUNDO DE INDICE: 1 fundos.
[16:12:32]   [PF] FUNDOS MUTUOS DE PRIVATIZACAO: 9 fundos.
[16:12:32] [PJ] Abrindo SIPII...
[16:12:52]   [PJ] RENDA FIXA SIMPLES: 5 fundos.
[16:13:07]   [PJ] RENDA FIXA: 38 fundos.
[16:13:12]   [PJ] RENDA FIXA REFERENCIADO: 7 fundos.
[16:13:16]   [PJ] RENDA FIXA CURTO PRAZO: 2 fundos.
[16:13:28]   [PJ] MULTIMERCADO: 27 fundos.
[16:13:32]   [PJ] CAMBIAL: 1 fundos.
[16:13:43]   [PJ] ACOES: 28 fundos.
[16:13:44] [GOV] Abrindo SIPII...
[16:14:04]   [GOV] RENDA FIXA: 2 fundos.
[16:14:07]   [GOV] RENDA FIXA REFERENCIADO: 3 fundos.
[16:14:11]   [GOV] RENDA FIXA CURTO PRAZO: 3 fundos.
[16:14:16]   [GOV] MULTIMERCADO: 6 fundos.
[16:14:19]   [GOV] ACOES: 4 fundos.
[16:14:20] [RPPS] Abrindo SIPII...
[16:14:50]   [RPPS] RENDA FIXA: 19 fundos.
[16:14:55]   [RPPS] RENDA FIXA REFERENCIADO: 4 fundos.
[16:15:02]   [RPPS] MULTIMERCADO: 14 fundos.
[16:15:09]   [RPPS] ACOES: 14 fundos.
[16:15:09] [TODOS] Abrindo SIPII...
[16:15:28]   [TODOS] RENDA FIXA SIMPLES: 2 fundos.
[16:15:45]   [TODOS] RENDA FIXA: 42 fundos.
[16:15:50]   [TODOS] RENDA FIXA REFERENCIADO: 8 fundos.
[16:15:54]   [TODOS] RENDA FIXA CURTO PRAZO: 3 fundos.
[16:16:01]   [TODOS] MULTIMERCADO: 14 fundos.
[16:16:04]   [TODOS] CAMBIAL: 1 fundos.
[16:16:15]   [TODOS] ACOES: 25 fundos.
[16:16:19]   [TODOS] FUNDO DE INDICE: 1 fundos.
[16:16:19] ETAPA 3 — Associando URLs (estáticas + dinâmicas)...
[16:16:19]   Dicionário estático : 116 entradas
[16:16:19]   URLs encontradas    : 148/171
[16:16:19]   Sem URL             : 23/171
[16:16:19]   Fundos SEM URL:
[16:16:19]     - CAIXA FIC FIF EXCLUSIVO FUNC RF CREDITO PRIVADO LP RESP LTDA
[16:16:19]     - CAIXA EXPERT VOX DESENV SUSTENTAVEL IS RF CRED PRIV LP - RESP LTDA (2)
[16:16:19]     - CAIXA EXPERT ABSOLUTE CRETA FIC FIF RF CRED PRIV LP - RESP LTDA
[16:16:19]     - CAIXA EXPERT VINLAND DEB IN INFRA RF CRED PRIV LP RESP LTDA (2) (3)
[16:16:19]     - CAIXA SIGMA FUNCIONARIOS FIC FIF RF REF DI LP - RESP LTDA (2) (3)
[16:16:19]     - CAIXA CARTEIRA QUANT DUO FIC FIF MM LP RESP LTDA (2) (3)
[16:16:19]     - CAIXA CARTEIRA QUANT QUALI FIC FIF MM LP RESP LTDA (2) (3)
[16:16:19]     - CAIXA CARTEIRA QUANT UNO FIC FIF MM LP RESP LTDA (2) (3)
[16:16:19]     - CAIXA FIC FIF FUNCIONARIOS ESTRATEGIA LIVRE MULTIMERCADO LP RESP LTDA
[16:16:19]     - CAIXA HASHDEX NASDAQ CRYPTO INDEX FIC FIF MM RESP LTDA (2)
[16:16:19]     - CAIXA FIC FIM CAPITAL PROTEGIDO CICLICO II LP - RL
[16:16:19]     - CAIXA ATENA FIC FIF AÇÕES FUNCIONÁRIOS LIVRE QUANT RESP LTDA
[16:16:19]     - CAIXA ATENA FIC FIF AÇÕES LIVRE QUANT RESP LTDA
[16:16:19]     - CAIXA FMP-FGTS ELETROBRAS MIGRACAO
[16:16:19]     - CAIXA FMP-FGTS ELETROBRAS RESP LTDA
[16:16:19]     - CAIXA FMP-FGTS PETROBRÁS IV RESP LTDA
[16:16:19]     - CAIXA FMP-FGTS VALE RIO DOCE II RESP LTDA
[16:16:19]     - CAIXA FMP-FGTS CL ABSOLUTO RESP LTDA
[16:16:19]     - CAIXA FMP-FGTS VALE RIO DOCE MIGRAÇÃO RESP LTDA
[16:16:19]     - CAIXA FMP-FGTS PETROBRÁS II RESP LTDA
[16:16:19]     - CAIXA FMP-FGTS VALE RIO DOCE I RESP LTDA
[16:16:19]     - CAIXA FMP-FGTS PETROBRÁS III RESP LTDA
[16:16:19]     - CAIXA ATENA FIC FIF AÇÕES BRASIL LIVRE QUANT RESP LTDA
[16:16:19] ETAPA 4 — Baixando JSON da CAIXA Asset...
[16:16:22]   JSON Asset salvo: /home/runner/work/catalogo-fundos-caixa-v2/catalogo-fundos-caixa-v2/data/fundos_asset.json
[16:16:22]   Histórico JSON salvo: /home/runner/work/catalogo-fundos-caixa-v2/catalogo-fundos-caixa-v2/historico/json/fundos_asset_20260617.json
[16:16:22]   Fundos no JSON Asset: 196
[16:16:22]   Asset matches encontrados: 168/171
[16:16:22]   Asset sem match: 3/171
[16:16:22] CSV salvo: /home/runner/work/catalogo-fundos-caixa-v2/catalogo-fundos-caixa-v2/dados_atuais.csv
[16:16:22] Histórico CSV salvo: /home/runner/work/catalogo-fundos-caixa-v2/catalogo-fundos-caixa-v2/sipii_caixa_20260617.csv
[16:16:23] Excel salvo: /home/runner/work/catalogo-fundos-caixa-v2/catalogo-fundos-caixa-v2/sipii_caixa_20260617.xlsx
[16:16:23] JSON unificado salvo: /home/runner/work/catalogo-fundos-caixa-v2/catalogo-fundos-caixa-v2/data/fundos_unificado.json
[16:16:23] Histórico JSON unificado salvo: /home/runner/work/catalogo-fundos-caixa-v2/catalogo-fundos-caixa-v2/historico/json/fundos_unificado_20260617.json
[16:16:23] SUCESSO: 171 fundos consolidados e enriquecidos salvos.
[15:58:53] INICIANDO ROBÔ SIPII v11 - SIPII + ASSET JSON
[15:58:53] ETAPA 1 — Coletando URLs dinâmicas (12 páginas CAIXA)...
[15:58:56]   [CAIXA] renda-fixa → +34 links (34 total)
[15:58:57]   [CAIXA] referenciados → +4 links (38 total)
[15:58:59]   [CAIXA] fundo-simples → +2 links (40 total)
[15:59:00]   [CAIXA] curto-prazo → +1 links (41 total)
[15:59:02]   [CAIXA] multimercado → +19 links (60 total)
[15:59:04]   [CAIXA] cambiais → +1 links (61 total)
[15:59:05]   [CAIXA] fundos-de-acoes → +10 links (71 total)
[15:59:06]   [CAIXA] fundos-de-indices → +2 links (73 total)
[15:59:08]   [CAIXA] renda-fixa → +8 links (81 total)
[15:59:09]   [CAIXA] empresa → +5 links (86 total)
[15:59:11]   [CAIXA] fmp-fgts → HTTP 404
[15:59:11]   [CAIXA] rpps → +8 links (94 total)
[15:59:12] [CAIXA] Total URLs dinâmicas: 94
[15:59:12] ETAPA 2 — Coletando dados do SIPII...
[15:59:23] [PF] Abrindo SIPII...
[15:59:43]   [PF] RENDA FIXA SIMPLES: 3 fundos.
[15:59:59]   [PF] RENDA FIXA: 39 fundos.
[16:00:04]   [PF] RENDA FIXA REFERENCIADO: 10 fundos.
[16:00:07]   [PF] RENDA FIXA CURTO PRAZO: 1 fundos.
[16:00:19]   [PF] MULTIMERCADO: 30 fundos.
[16:00:23]   [PF] CAMBIAL: 1 fundos.
[16:00:35]   [PF] ACOES: 29 fundos.
[16:00:38]   [PF] FUNDO DE INDICE: 1 fundos.
[16:00:44]   [PF] FUNDOS MUTUOS DE PRIVATIZACAO: 9 fundos.
[16:00:44] [PJ] Abrindo SIPII...
[16:01:03]   [PJ] RENDA FIXA SIMPLES: 5 fundos.
[16:01:18]   [PJ] RENDA FIXA: 38 fundos.
[16:01:23]   [PJ] RENDA FIXA REFERENCIADO: 7 fundos.
[16:01:26]   [PJ] RENDA FIXA CURTO PRAZO: 2 fundos.
[16:01:37]   [PJ] MULTIMERCADO: 27 fundos.
[16:01:41]   [PJ] CAMBIAL: 1 fundos.
[16:01:53]   [PJ] ACOES: 28 fundos.
[16:01:53] [GOV] Abrindo SIPII...
[16:02:11]   [GOV] RENDA FIXA: 2 fundos.
[16:02:15]   [GOV] RENDA FIXA REFERENCIADO: 3 fundos.
[16:02:18]   [GOV] RENDA FIXA CURTO PRAZO: 3 fundos.
[16:02:23]   [GOV] MULTIMERCADO: 6 fundos.
[16:02:27]   [GOV] ACOES: 4 fundos.
[16:02:27] [RPPS] Abrindo SIPII...
[16:02:56]   [RPPS] RENDA FIXA: 19 fundos.
[16:03:00]   [RPPS] RENDA FIXA REFERENCIADO: 4 fundos.
[16:03:07]   [RPPS] MULTIMERCADO: 14 fundos.
[16:03:15]   [RPPS] ACOES: 14 fundos.
[16:03:15] [TODOS] Abrindo SIPII...
[16:03:33]   [TODOS] RENDA FIXA SIMPLES: 2 fundos.
[16:03:51]   [TODOS] RENDA FIXA: 42 fundos.
[16:03:56]   [TODOS] RENDA FIXA REFERENCIADO: 8 fundos.
[16:04:00]   [TODOS] RENDA FIXA CURTO PRAZO: 3 fundos.
[16:04:07]   [TODOS] MULTIMERCADO: 14 fundos.
[16:04:10]   [TODOS] CAMBIAL: 1 fundos.
[16:04:21]   [TODOS] ACOES: 25 fundos.
[16:04:24]   [TODOS] FUNDO DE INDICE: 1 fundos.
[16:04:24] ETAPA 3 — Associando URLs (estáticas + dinâmicas)...
[16:04:24]   Dicionário estático : 116 entradas
[16:04:24]   URLs encontradas    : 148/171
[16:04:24]   Sem URL             : 23/171
[16:04:24]   Fundos SEM URL:
[16:04:24]     - CAIXA FIC FIF EXCLUSIVO FUNC RF CREDITO PRIVADO LP RESP LTDA
[16:04:24]     - CAIXA EXPERT VOX DESENV SUSTENTAVEL IS RF CRED PRIV LP - RESP LTDA (2)
[16:04:24]     - CAIXA EXPERT ABSOLUTE CRETA FIC FIF RF CRED PRIV LP - RESP LTDA
[16:04:24]     - CAIXA EXPERT VINLAND DEB IN INFRA RF CRED PRIV LP RESP LTDA (2) (3)
[16:04:24]     - CAIXA SIGMA FUNCIONARIOS FIC FIF RF REF DI LP - RESP LTDA (2) (3)
[16:04:24]     - CAIXA CARTEIRA QUANT DUO FIC FIF MM LP RESP LTDA (2) (3)
[16:04:24]     - CAIXA CARTEIRA QUANT QUALI FIC FIF MM LP RESP LTDA (2) (3)
[16:04:24]     - CAIXA CARTEIRA QUANT UNO FIC FIF MM LP RESP LTDA (2) (3)
[16:04:24]     - CAIXA FIC FIF FUNCIONARIOS ESTRATEGIA LIVRE MULTIMERCADO LP RESP LTDA
[16:04:24]     - CAIXA HASHDEX NASDAQ CRYPTO INDEX FIC FIF MM RESP LTDA (2)
[16:04:24]     - CAIXA FIC FIM CAPITAL PROTEGIDO CICLICO II LP - RL
[16:04:24]     - CAIXA ATENA FIC FIF AÇÕES FUNCIONÁRIOS LIVRE QUANT RESP LTDA
[16:04:24]     - CAIXA ATENA FIC FIF AÇÕES LIVRE QUANT RESP LTDA
[16:04:24]     - CAIXA FMP-FGTS ELETROBRAS MIGRACAO
[16:04:24]     - CAIXA FMP-FGTS ELETROBRAS RESP LTDA
[16:04:24]     - CAIXA FMP-FGTS PETROBRÁS IV RESP LTDA
[16:04:24]     - CAIXA FMP-FGTS VALE RIO DOCE II RESP LTDA
[16:04:24]     - CAIXA FMP-FGTS CL ABSOLUTO RESP LTDA
[16:04:24]     - CAIXA FMP-FGTS VALE RIO DOCE MIGRAÇÃO RESP LTDA
[16:04:24]     - CAIXA FMP-FGTS PETROBRÁS II RESP LTDA
[16:04:24]     - CAIXA FMP-FGTS VALE RIO DOCE I RESP LTDA
[16:04:24]     - CAIXA FMP-FGTS PETROBRÁS III RESP LTDA
[16:04:24]     - CAIXA ATENA FIC FIF AÇÕES BRASIL LIVRE QUANT RESP LTDA
[16:04:24] ETAPA 4 — Baixando JSON da CAIXA Asset...
[16:04:26]   JSON Asset salvo: /home/runner/work/catalogo-fundos-caixa-v2/catalogo-fundos-caixa-v2/data/fundos_asset.json
[16:04:26]   Histórico JSON salvo: /home/runner/work/catalogo-fundos-caixa-v2/catalogo-fundos-caixa-v2/historico/json/fundos_asset_20260618.json
[16:04:26]   Fundos no JSON Asset: 196
[16:04:26]   Asset matches encontrados: 168/171
[16:04:26]   Asset sem match: 3/171
[16:04:26] CSV salvo: /home/runner/work/catalogo-fundos-caixa-v2/catalogo-fundos-caixa-v2/dados_atuais.csv
[16:04:26] Histórico CSV salvo: /home/runner/work/catalogo-fundos-caixa-v2/catalogo-fundos-caixa-v2/sipii_caixa_20260618.csv
[16:04:27] Excel salvo: /home/runner/work/catalogo-fundos-caixa-v2/catalogo-fundos-caixa-v2/sipii_caixa_20260618.xlsx
[16:04:27] JSON unificado salvo: /home/runner/work/catalogo-fundos-caixa-v2/catalogo-fundos-caixa-v2/data/fundos_unificado.json
[16:04:27] Histórico JSON unificado salvo: /home/runner/work/catalogo-fundos-caixa-v2/catalogo-fundos-caixa-v2/historico/json/fundos_unificado_20260618.json
[16:04:27] SUCESSO: 171 fundos consolidados e enriquecidos salvos.
[15:46:46] INICIANDO ROBÔ SIPII v11 - SIPII + ASSET JSON
[15:46:46] ETAPA 1 — Coletando URLs dinâmicas (12 páginas CAIXA)...
[15:46:48]   [CAIXA] renda-fixa → +34 links (34 total)
[15:46:50]   [CAIXA] referenciados → +4 links (38 total)
[15:46:52]   [CAIXA] fundo-simples → +2 links (40 total)
[15:46:53]   [CAIXA] curto-prazo → +1 links (41 total)
[15:46:54]   [CAIXA] multimercado → +19 links (60 total)
[15:46:56]   [CAIXA] cambiais → +1 links (61 total)
[15:46:58]   [CAIXA] fundos-de-acoes → +10 links (71 total)
[15:46:59]   [CAIXA] fundos-de-indices → +2 links (73 total)
[15:47:01]   [CAIXA] renda-fixa → +8 links (81 total)
[15:47:03]   [CAIXA] empresa → +5 links (86 total)
[15:47:04]   [CAIXA] fmp-fgts → HTTP 404
[15:47:04]   [CAIXA] rpps → +8 links (94 total)
[15:47:05] [CAIXA] Total URLs dinâmicas: 94
[15:47:05] ETAPA 2 — Coletando dados do SIPII...
[15:47:12] [PF] Abrindo SIPII...
[15:47:31]   [PF] RENDA FIXA SIMPLES: 3 fundos.
[15:47:45]   [PF] RENDA FIXA: 39 fundos.
[15:47:51]   [PF] RENDA FIXA REFERENCIADO: 10 fundos.
[15:47:54]   [PF] RENDA FIXA CURTO PRAZO: 1 fundos.
[15:48:06]   [PF] MULTIMERCADO: 30 fundos.
[15:48:09]   [PF] CAMBIAL: 1 fundos.
[15:48:21]   [PF] ACOES: 29 fundos.
[15:48:24]   [PF] FUNDO DE INDICE: 1 fundos.
[15:48:29]   [PF] FUNDOS MUTUOS DE PRIVATIZACAO: 9 fundos.
[15:48:30] [PJ] Abrindo SIPII...
[15:48:49]   [PJ] RENDA FIXA SIMPLES: 5 fundos.
[15:49:04]   [PJ] RENDA FIXA: 38 fundos.
[15:49:08]   [PJ] RENDA FIXA REFERENCIADO: 7 fundos.
[15:49:12]   [PJ] RENDA FIXA CURTO PRAZO: 2 fundos.
[15:49:23]   [PJ] MULTIMERCADO: 27 fundos.
[15:49:26]   [PJ] CAMBIAL: 1 fundos.
[15:49:37]   [PJ] ACOES: 28 fundos.
[15:49:38] [GOV] Abrindo SIPII...
[15:49:55]   [GOV] RENDA FIXA: 2 fundos.
[15:49:58]   [GOV] RENDA FIXA REFERENCIADO: 3 fundos.
[15:50:02]   [GOV] RENDA FIXA CURTO PRAZO: 3 fundos.
[15:50:06]   [GOV] MULTIMERCADO: 6 fundos.
[15:50:10]   [GOV] ACOES: 4 fundos.
[15:50:11] [RPPS] Abrindo SIPII...
[15:50:39]   [RPPS] RENDA FIXA: 19 fundos.
[15:50:43]   [RPPS] RENDA FIXA REFERENCIADO: 4 fundos.
[15:50:50]   [RPPS] MULTIMERCADO: 14 fundos.
[15:50:56]   [RPPS] ACOES: 14 fundos.
[15:50:57] [TODOS] Abrindo SIPII...
[15:51:13]   [TODOS] RENDA FIXA SIMPLES: 2 fundos.
[15:51:29]   [TODOS] RENDA FIXA: 42 fundos.
[15:51:36]   [TODOS] RENDA FIXA REFERENCIADO: 8 fundos.
[15:51:40]   [TODOS] RENDA FIXA CURTO PRAZO: 3 fundos.
[15:51:47]   [TODOS] MULTIMERCADO: 14 fundos.
[15:51:50]   [TODOS] CAMBIAL: 1 fundos.
[15:52:00]   [TODOS] ACOES: 25 fundos.
[15:52:03]   [TODOS] FUNDO DE INDICE: 1 fundos.
[15:52:03] ETAPA 3 — Associando URLs (estáticas + dinâmicas)...
[15:52:03]   Dicionário estático : 116 entradas
[15:52:03]   URLs encontradas    : 148/171
[15:52:03]   Sem URL             : 23/171
[15:52:03]   Fundos SEM URL:
[15:52:03]     - CAIXA FIC FIF EXCLUSIVO FUNC RF CREDITO PRIVADO LP RESP LTDA
[15:52:03]     - CAIXA EXPERT VOX DESENV SUSTENTAVEL IS RF CRED PRIV LP - RESP LTDA (2)
[15:52:03]     - CAIXA EXPERT ABSOLUTE CRETA FIC FIF RF CRED PRIV LP - RESP LTDA
[15:52:03]     - CAIXA EXPERT VINLAND DEB IN INFRA RF CRED PRIV LP RESP LTDA (2) (3)
[15:52:03]     - CAIXA SIGMA FUNCIONARIOS FIC FIF RF REF DI LP - RESP LTDA (2) (3)
[15:52:03]     - CAIXA CARTEIRA QUANT DUO FIC FIF MM LP RESP LTDA (2) (3)
[15:52:03]     - CAIXA CARTEIRA QUANT QUALI FIC FIF MM LP RESP LTDA (2) (3)
[15:52:03]     - CAIXA CARTEIRA QUANT UNO FIC FIF MM LP RESP LTDA (2) (3)
[15:52:03]     - CAIXA FIC FIF FUNCIONARIOS ESTRATEGIA LIVRE MULTIMERCADO LP RESP LTDA
[15:52:03]     - CAIXA HASHDEX NASDAQ CRYPTO INDEX FIC FIF MM RESP LTDA (2)
[15:52:03]     - CAIXA FIC FIM CAPITAL PROTEGIDO CICLICO II LP - RL
[15:52:03]     - CAIXA ATENA FIC FIF AÇÕES FUNCIONÁRIOS LIVRE QUANT RESP LTDA
[15:52:03]     - CAIXA ATENA FIC FIF AÇÕES LIVRE QUANT RESP LTDA
[15:52:03]     - CAIXA FMP-FGTS ELETROBRAS MIGRACAO
[15:52:03]     - CAIXA FMP-FGTS ELETROBRAS RESP LTDA
[15:52:03]     - CAIXA FMP-FGTS PETROBRÁS IV RESP LTDA
[15:52:03]     - CAIXA FMP-FGTS VALE RIO DOCE II RESP LTDA
[15:52:03]     - CAIXA FMP-FGTS CL ABSOLUTO RESP LTDA
[15:52:03]     - CAIXA FMP-FGTS VALE RIO DOCE MIGRAÇÃO RESP LTDA
[15:52:03]     - CAIXA FMP-FGTS PETROBRÁS II RESP LTDA
[15:52:03]     - CAIXA FMP-FGTS VALE RIO DOCE I RESP LTDA
[15:52:03]     - CAIXA FMP-FGTS PETROBRÁS III RESP LTDA
[15:52:03]     - CAIXA ATENA FIC FIF AÇÕES BRASIL LIVRE QUANT RESP LTDA
[15:52:03] ETAPA 4 — Baixando JSON da CAIXA Asset...
[15:52:05]   JSON Asset salvo: /home/runner/work/catalogo-fundos-caixa-v2/catalogo-fundos-caixa-v2/data/fundos_asset.json
[15:52:05]   Histórico JSON salvo: /home/runner/work/catalogo-fundos-caixa-v2/catalogo-fundos-caixa-v2/historico/json/fundos_asset_20260619.json
[15:52:05]   Fundos no JSON Asset: 196
[15:52:05]   Asset matches encontrados: 168/171
[15:52:05]   Asset sem match: 3/171
[15:52:05] CSV salvo: /home/runner/work/catalogo-fundos-caixa-v2/catalogo-fundos-caixa-v2/dados_atuais.csv
[15:52:05] Histórico CSV salvo: /home/runner/work/catalogo-fundos-caixa-v2/catalogo-fundos-caixa-v2/sipii_caixa_20260619.csv
[15:52:06] Excel salvo: /home/runner/work/catalogo-fundos-caixa-v2/catalogo-fundos-caixa-v2/sipii_caixa_20260619.xlsx
[15:52:06] JSON unificado salvo: /home/runner/work/catalogo-fundos-caixa-v2/catalogo-fundos-caixa-v2/data/fundos_unificado.json
[15:52:06] Histórico JSON unificado salvo: /home/runner/work/catalogo-fundos-caixa-v2/catalogo-fundos-caixa-v2/historico/json/fundos_unificado_20260619.json
[15:52:06] SUCESSO: 171 fundos consolidados e enriquecidos salvos.
[17:15:32] INICIANDO ROBÔ SIPII v11 - SIPII + ASSET JSON
[17:15:32] ETAPA 1 — Coletando URLs dinâmicas (12 páginas CAIXA)...
[17:15:35]   [CAIXA] renda-fixa → +34 links (34 total)
[17:15:36]   [CAIXA] referenciados → +4 links (38 total)
[17:15:38]   [CAIXA] fundo-simples → +2 links (40 total)
[17:15:39]   [CAIXA] curto-prazo → +1 links (41 total)
[17:15:41]   [CAIXA] multimercado → +19 links (60 total)
[17:15:43]   [CAIXA] cambiais → +1 links (61 total)
[17:15:45]   [CAIXA] fundos-de-acoes → +10 links (71 total)
[17:15:46]   [CAIXA] fundos-de-indices → +2 links (73 total)
[17:15:48]   [CAIXA] renda-fixa → +8 links (81 total)
[17:15:49]   [CAIXA] empresa → +5 links (86 total)
[17:15:50]   [CAIXA] fmp-fgts → HTTP 404
[17:15:51]   [CAIXA] rpps → +8 links (94 total)
[17:15:52] [CAIXA] Total URLs dinâmicas: 94
[17:15:52] ETAPA 2 — Coletando dados do SIPII...
[17:16:05] [PF] Abrindo SIPII...
[17:16:26]   [PF] RENDA FIXA SIMPLES: 3 fundos.
[17:16:42]   [PF] RENDA FIXA: 39 fundos.
[17:16:47]   [PF] RENDA FIXA REFERENCIADO: 10 fundos.
[17:16:50]   [PF] RENDA FIXA CURTO PRAZO: 1 fundos.
[17:17:03]   [PF] MULTIMERCADO: 30 fundos.
[17:17:07]   [PF] CAMBIAL: 1 fundos.
[17:17:19]   [PF] ACOES: 29 fundos.
[17:17:22]   [PF] FUNDO DE INDICE: 1 fundos.
[17:17:28]   [PF] FUNDOS MUTUOS DE PRIVATIZACAO: 9 fundos.
[17:17:28] [PJ] Abrindo SIPII...
[17:17:46]   [PJ] RENDA FIXA SIMPLES: 5 fundos.
[17:18:02]   [PJ] RENDA FIXA: 38 fundos.
[17:18:06]   [PJ] RENDA FIXA REFERENCIADO: 7 fundos.
[17:18:10]   [PJ] RENDA FIXA CURTO PRAZO: 2 fundos.
[17:18:21]   [PJ] MULTIMERCADO: 27 fundos.
[17:18:25]   [PJ] CAMBIAL: 1 fundos.
[17:18:36]   [PJ] ACOES: 28 fundos.
[17:18:37] [GOV] Abrindo SIPII...
[17:18:53]   [GOV] RENDA FIXA: 2 fundos.
[17:18:57]   [GOV] RENDA FIXA REFERENCIADO: 3 fundos.
[17:19:00]   [GOV] RENDA FIXA CURTO PRAZO: 3 fundos.
[17:19:06]   [GOV] MULTIMERCADO: 6 fundos.
[17:19:09]   [GOV] ACOES: 4 fundos.
[17:19:10] [RPPS] Abrindo SIPII...
[17:19:38]   [RPPS] RENDA FIXA: 19 fundos.
[17:19:42]   [RPPS] RENDA FIXA REFERENCIADO: 4 fundos.
[17:19:49]   [RPPS] MULTIMERCADO: 14 fundos.
[17:19:56]   [RPPS] ACOES: 14 fundos.
[17:19:56] [TODOS] Abrindo SIPII...
[17:20:13]   [TODOS] RENDA FIXA SIMPLES: 2 fundos.
[17:20:30]   [TODOS] RENDA FIXA: 42 fundos.
[17:20:35]   [TODOS] RENDA FIXA REFERENCIADO: 8 fundos.
[17:20:39]   [TODOS] RENDA FIXA CURTO PRAZO: 3 fundos.
[17:20:46]   [TODOS] MULTIMERCADO: 14 fundos.
[17:20:49]   [TODOS] CAMBIAL: 1 fundos.
[17:21:00]   [TODOS] ACOES: 25 fundos.
[17:21:03]   [TODOS] FUNDO DE INDICE: 1 fundos.
[17:21:03] ETAPA 3 — Associando URLs (estáticas + dinâmicas)...
[17:21:03]   Dicionário estático : 116 entradas
[17:21:03]   URLs encontradas    : 148/171
[17:21:03]   Sem URL             : 23/171
[17:21:03]   Fundos SEM URL:
[17:21:03]     - CAIXA FIC FIF EXCLUSIVO FUNC RF CREDITO PRIVADO LP RESP LTDA
[17:21:03]     - CAIXA EXPERT VOX DESENV SUSTENTAVEL IS RF CRED PRIV LP - RESP LTDA (2)
[17:21:03]     - CAIXA EXPERT ABSOLUTE CRETA FIC FIF RF CRED PRIV LP - RESP LTDA
[17:21:03]     - CAIXA EXPERT VINLAND DEB IN INFRA RF CRED PRIV LP RESP LTDA (2) (3)
[17:21:03]     - CAIXA SIGMA FUNCIONARIOS FIC FIF RF REF DI LP - RESP LTDA (2) (3)
[17:21:03]     - CAIXA CARTEIRA QUANT DUO FIC FIF MM LP RESP LTDA (2) (3)
[17:21:03]     - CAIXA CARTEIRA QUANT QUALI FIC FIF MM LP RESP LTDA (2) (3)
[17:21:03]     - CAIXA CARTEIRA QUANT UNO FIC FIF MM LP RESP LTDA (2) (3)
[17:21:03]     - CAIXA FIC FIF FUNCIONARIOS ESTRATEGIA LIVRE MULTIMERCADO LP RESP LTDA
[17:21:03]     - CAIXA HASHDEX NASDAQ CRYPTO INDEX FIC FIF MM RESP LTDA (2)
[17:21:03]     - CAIXA FIC FIM CAPITAL PROTEGIDO CICLICO II LP - RL
[17:21:03]     - CAIXA ATENA FIC FIF AÇÕES FUNCIONÁRIOS LIVRE QUANT RESP LTDA
[17:21:03]     - CAIXA ATENA FIC FIF AÇÕES LIVRE QUANT RESP LTDA
[17:21:03]     - CAIXA FMP-FGTS ELETROBRAS MIGRACAO
[17:21:03]     - CAIXA FMP-FGTS ELETROBRAS RESP LTDA
[17:21:03]     - CAIXA FMP-FGTS PETROBRÁS IV RESP LTDA
[17:21:03]     - CAIXA FMP-FGTS VALE RIO DOCE II RESP LTDA
[17:21:03]     - CAIXA FMP-FGTS CL ABSOLUTO RESP LTDA
[17:21:03]     - CAIXA FMP-FGTS VALE RIO DOCE MIGRAÇÃO RESP LTDA
[17:21:03]     - CAIXA FMP-FGTS PETROBRÁS II RESP LTDA
[17:21:03]     - CAIXA FMP-FGTS VALE RIO DOCE I RESP LTDA
[17:21:03]     - CAIXA FMP-FGTS PETROBRÁS III RESP LTDA
[17:21:03]     - CAIXA ATENA FIC FIF AÇÕES BRASIL LIVRE QUANT RESP LTDA
[17:21:03] ETAPA 4 — Baixando JSON da CAIXA Asset...
[17:21:05]   JSON Asset salvo: /home/runner/work/catalogo-fundos-caixa-v2/catalogo-fundos-caixa-v2/data/fundos_asset.json
[17:21:05]   Histórico JSON salvo: /home/runner/work/catalogo-fundos-caixa-v2/catalogo-fundos-caixa-v2/historico/json/fundos_asset_20260622.json
[17:21:05]   Fundos no JSON Asset: 196
[17:21:05]   Asset matches encontrados: 168/171
[17:21:05]   Asset sem match: 3/171
[17:21:05] CSV salvo: /home/runner/work/catalogo-fundos-caixa-v2/catalogo-fundos-caixa-v2/dados_atuais.csv
[17:21:05] Histórico CSV salvo: /home/runner/work/catalogo-fundos-caixa-v2/catalogo-fundos-caixa-v2/sipii_caixa_20260622.csv
[17:21:06] Excel salvo: /home/runner/work/catalogo-fundos-caixa-v2/catalogo-fundos-caixa-v2/sipii_caixa_20260622.xlsx
[17:21:06] JSON unificado salvo: /home/runner/work/catalogo-fundos-caixa-v2/catalogo-fundos-caixa-v2/data/fundos_unificado.json
[17:21:06] Histórico JSON unificado salvo: /home/runner/work/catalogo-fundos-caixa-v2/catalogo-fundos-caixa-v2/historico/json/fundos_unificado_20260622.json
[17:21:06] SUCESSO: 171 fundos consolidados e enriquecidos salvos.
[15:30:18] INICIANDO ROBÔ SIPII v11 - SIPII + ASSET JSON
[15:30:18] ETAPA 1 — Coletando URLs dinâmicas (12 páginas CAIXA)...
[15:30:23]   [CAIXA] renda-fixa → +34 links (34 total)
[15:30:25]   [CAIXA] referenciados → +4 links (38 total)
[15:30:28]   [CAIXA] fundo-simples → +2 links (40 total)
[15:30:30]   [CAIXA] curto-prazo → +1 links (41 total)
[15:30:31]   [CAIXA] multimercado → +19 links (60 total)
[15:30:34]   [CAIXA] cambiais → +1 links (61 total)
[15:30:35]   [CAIXA] fundos-de-acoes → +10 links (71 total)
[15:30:37]   [CAIXA] fundos-de-indices → +2 links (73 total)
[15:30:39]   [CAIXA] renda-fixa → +8 links (81 total)
[15:30:40]   [CAIXA] empresa → +5 links (86 total)
[15:30:41]   [CAIXA] fmp-fgts → HTTP 404
[15:30:42]   [CAIXA] rpps → +8 links (94 total)
[15:30:43] [CAIXA] Total URLs dinâmicas: 94
[15:30:43] ETAPA 2 — Coletando dados do SIPII...
[15:30:50] [PF] Abrindo SIPII...
[15:32:50] [PF] Erro geral: HTTPConnectionPool(host='localhost', port=48083): Read timed out. (read timeout=120)
[15:33:03] [PJ] Abrindo SIPII...
[15:35:03] [PJ] Erro geral: HTTPConnectionPool(host='localhost', port=50349): Read timed out. (read timeout=120)
[15:35:14] [GOV] Abrindo SIPII...
[15:37:14] [GOV] Erro geral: HTTPConnectionPool(host='localhost', port=48817): Read timed out. (read timeout=120)
[15:37:25] [RPPS] Abrindo SIPII...
[15:39:25] [RPPS] Erro geral: HTTPConnectionPool(host='localhost', port=50665): Read timed out. (read timeout=120)
[15:39:38] [TODOS] Abrindo SIPII...
[15:41:38] [TODOS] Erro geral: HTTPConnectionPool(host='localhost', port=42131): Read timed out. (read timeout=120)
[15:41:51] ATENÇÃO: Nenhum dado coletado.
[15:16:51] INICIANDO ROBÔ SIPII v11 - SIPII + ASSET JSON
[15:16:51] ETAPA 1 — Coletando URLs dinâmicas (12 páginas CAIXA)...
[15:16:54]   [CAIXA] renda-fixa → +34 links (34 total)
[15:16:56]   [CAIXA] referenciados → +4 links (38 total)
[15:16:57]   [CAIXA] fundo-simples → +2 links (40 total)
[15:16:59]   [CAIXA] curto-prazo → +1 links (41 total)
[15:17:00]   [CAIXA] multimercado → +19 links (60 total)
[15:17:03]   [CAIXA] cambiais → +1 links (61 total)
[15:17:04]   [CAIXA] fundos-de-acoes → +10 links (71 total)
[15:17:06]   [CAIXA] fundos-de-indices → +2 links (73 total)
[15:17:07]   [CAIXA] renda-fixa → +8 links (81 total)
[15:17:09]   [CAIXA] empresa → +5 links (86 total)
[15:17:10]   [CAIXA] fmp-fgts → HTTP 404
[15:17:11]   [CAIXA] rpps → +8 links (94 total)
[15:17:12] [CAIXA] Total URLs dinâmicas: 94
[15:17:12] ETAPA 2 — Coletando dados do SIPII...
[15:17:18] [PF] Abrindo SIPII...
[15:19:18] [PF] Erro geral: HTTPConnectionPool(host='localhost', port=47887): Read timed out. (read timeout=120)
[15:19:31] [PJ] Abrindo SIPII...
[15:21:31] [PJ] Erro geral: HTTPConnectionPool(host='localhost', port=45883): Read timed out. (read timeout=120)
[15:21:44] [GOV] Abrindo SIPII...
[15:23:44] [GOV] Erro geral: HTTPConnectionPool(host='localhost', port=59097): Read timed out. (read timeout=120)
[15:23:55] [RPPS] Abrindo SIPII...
[15:25:55] [RPPS] Erro geral: HTTPConnectionPool(host='localhost', port=37013): Read timed out. (read timeout=120)
[15:26:08] [TODOS] Abrindo SIPII...
[15:28:08] [TODOS] Erro geral: HTTPConnectionPool(host='localhost', port=43871): Read timed out. (read timeout=120)
[15:28:21] ATENÇÃO: Nenhum dado coletado.
[15:22:26] INICIANDO ROBÔ SIPII v11 - SIPII + ASSET JSON
[15:22:26] ETAPA 1 — Coletando URLs dinâmicas (12 páginas CAIXA)...
[15:22:27]   [CAIXA] renda-fixa → +34 links (34 total)
[15:22:28]   [CAIXA] referenciados → +4 links (38 total)
[15:22:30]   [CAIXA] fundo-simples → +2 links (40 total)
[15:22:31]   [CAIXA] curto-prazo → +1 links (41 total)
[15:22:33]   [CAIXA] multimercado → +19 links (60 total)
[15:22:35]   [CAIXA] cambiais → +1 links (61 total)
[15:22:36]   [CAIXA] fundos-de-acoes → +10 links (71 total)
[15:22:38]   [CAIXA] fundos-de-indices → +2 links (73 total)
[15:22:39]   [CAIXA] renda-fixa → +8 links (81 total)
[15:22:41]   [CAIXA] empresa → +5 links (86 total)
[15:22:42]   [CAIXA] fmp-fgts → HTTP 404
[15:22:43]   [CAIXA] rpps → +8 links (94 total)
[15:22:44] [CAIXA] Total URLs dinâmicas: 94
[15:22:44] ETAPA 2 — Coletando dados do SIPII...
[15:22:59] [PF] Abrindo SIPII...
[15:23:20]   [PF] RENDA FIXA SIMPLES: 3 fundos.
[15:23:36]   [PF] RENDA FIXA: 39 fundos.
[15:23:42]   [PF] RENDA FIXA REFERENCIADO: 10 fundos.
[15:23:45]   [PF] RENDA FIXA CURTO PRAZO: 1 fundos.
[15:23:57]   [PF] MULTIMERCADO: 30 fundos.
[15:24:01]   [PF] CAMBIAL: 1 fundos.
[15:24:13]   [PF] ACOES: 29 fundos.
[15:24:16]   [PF] FUNDO DE INDICE: 1 fundos.
[15:24:22]   [PF] FUNDOS MUTUOS DE PRIVATIZACAO: 9 fundos.
[15:24:22] [PJ] Abrindo SIPII...
[15:24:43]   [PJ] RENDA FIXA SIMPLES: 5 fundos.
[15:24:58]   [PJ] RENDA FIXA: 38 fundos.
[15:25:03]   [PJ] RENDA FIXA REFERENCIADO: 7 fundos.
[15:25:07]   [PJ] RENDA FIXA CURTO PRAZO: 2 fundos.
[15:25:18]   [PJ] MULTIMERCADO: 27 fundos.
[15:25:22]   [PJ] CAMBIAL: 1 fundos.
[15:25:34]   [PJ] ACOES: 28 fundos.
[15:25:34] [GOV] Abrindo SIPII...
[15:25:52]   [GOV] RENDA FIXA: 2 fundos.
[15:25:56]   [GOV] RENDA FIXA REFERENCIADO: 3 fundos.
[15:26:00]   [GOV] RENDA FIXA CURTO PRAZO: 3 fundos.
[15:26:04]   [GOV] MULTIMERCADO: 6 fundos.
[15:26:08]   [GOV] ACOES: 4 fundos.
[15:26:09] [RPPS] Abrindo SIPII...
[15:26:39]   [RPPS] RENDA FIXA: 19 fundos.
[15:26:43]   [RPPS] RENDA FIXA REFERENCIADO: 4 fundos.
[15:26:50]   [RPPS] MULTIMERCADO: 14 fundos.
[15:26:58]   [RPPS] ACOES: 14 fundos.
[15:26:58] [TODOS] Abrindo SIPII...
[15:27:16]   [TODOS] RENDA FIXA SIMPLES: 2 fundos.
[15:27:33]   [TODOS] RENDA FIXA: 42 fundos.
[15:27:39]   [TODOS] RENDA FIXA REFERENCIADO: 8 fundos.
[15:27:43]   [TODOS] RENDA FIXA CURTO PRAZO: 3 fundos.
[15:27:50]   [TODOS] MULTIMERCADO: 14 fundos.
[15:27:53]   [TODOS] CAMBIAL: 1 fundos.
[15:28:04]   [TODOS] ACOES: 25 fundos.
[15:28:08]   [TODOS] FUNDO DE INDICE: 1 fundos.
[15:28:08] ETAPA 3 — Associando URLs (estáticas + dinâmicas)...
[15:28:08]   Dicionário estático : 116 entradas
[15:28:08]   URLs encontradas    : 151/176
[15:28:08]   Sem URL             : 25/176
[15:28:08]   Fundos SEM URL:
[15:28:08]     - CAIXA FIC FIF EXCLUSIVO FUNC RF CREDITO PRIVADO LP RESP LTDA
[15:28:08]     - CAIXA EXPERT VOX DESENV SUSTENTAVEL IS RF CRED PRIV LP - RESP LTDA (1) (2)
[15:28:08]     - CAIXA EXPERT ABSOLUTE CRETA FIC FIF RF CRED PRIV LP - RESP LTDA (1)
[15:28:08]     - CAIXA EXPERT VINLAND DEB IN INFRA RF CRED PRIV LP RESP LTDA (1) (2) (3)
[15:28:08]     - CAIXA SIGMA FUNCIONARIOS FIC FIF RF REF DI LP - RESP LTDA (2) (3)
[15:28:08]     - CAIXA CARTEIRA QUANT DUO FIC FIF MM LP RESP LTDA (2) (3)
[15:28:08]     - CAIXA CARTEIRA QUANT QUALI FIC FIF MM LP RESP LTDA (2) (3)
[15:28:08]     - CAIXA CARTEIRA QUANT UNO FIC FIF MM LP RESP LTDA (2) (3)
[15:28:08]     - CAIXA FIC FIF FUNCIONARIOS ESTRATEGIA LIVRE MULTIMERCADO LP RESP LTDA
[15:28:08]     - CAIXA HASHDEX NASDAQ CRYPTO INDEX FIC FIF MM RESP LTDA (2)
[15:28:08]     - CAIXA FIC FIM CAPITAL PROTEGIDO CICLICO II LP - RL
[15:28:08]     - CAIXA ATENA FIC FIF AÇÕES FUNCIONÁRIOS LIVRE QUANT RESP LTDA
[15:28:08]     - CAIXA ATENA FIC FIF AÇÕES LIVRE QUANT RESP LTDA
[15:28:08]     - CAIXA FMP-FGTS ELETROBRAS MIGRACAO
[15:28:08]     - CAIXA FMP-FGTS ELETROBRAS RESP LTDA
[15:28:08]     - CAIXA FMP-FGTS PETROBRÁS IV RESP LTDA
[15:28:08]     - CAIXA FMP-FGTS VALE RIO DOCE II RESP LTDA
[15:28:08]     - CAIXA FMP-FGTS CL ABSOLUTO RESP LTDA
[15:28:08]     - CAIXA FMP-FGTS VALE RIO DOCE MIGRAÇÃO RESP LTDA
[15:28:08]     - CAIXA FMP-FGTS PETROBRÁS II RESP LTDA
[15:28:08]     - CAIXA FMP-FGTS VALE RIO DOCE I RESP LTDA
[15:28:08]     - CAIXA FMP-FGTS PETROBRÁS III RESP LTDA
[15:28:08]     - CAIXA EXPERT ABSOLUTE CRETA FIC FIF RF CRED PRIV LP - RESP LTDA
[15:28:08]     - CAIXA EXPERT VOX DESENV SUSTENTAVEL IS RF CRED PRIV LP - RESP LTDA (2)
[15:28:08]     - CAIXA ATENA FIC FIF AÇÕES BRASIL LIVRE QUANT RESP LTDA
[15:28:08] ETAPA 4 — Baixando JSON da CAIXA Asset...
[15:28:10]   JSON Asset salvo: /home/runner/work/catalogo-fundos-caixa-v2/catalogo-fundos-caixa-v2/data/fundos_asset.json
[15:28:10]   Histórico JSON salvo: /home/runner/work/catalogo-fundos-caixa-v2/catalogo-fundos-caixa-v2/historico/json/fundos_asset_20260625.json
[15:28:10]   Fundos no JSON Asset: 196
[15:28:10]   Asset matches encontrados: 173/176
[15:28:10]   Asset sem match: 3/176
[15:28:10] CSV salvo: /home/runner/work/catalogo-fundos-caixa-v2/catalogo-fundos-caixa-v2/dados_atuais.csv
[15:28:10] Histórico CSV salvo: /home/runner/work/catalogo-fundos-caixa-v2/catalogo-fundos-caixa-v2/sipii_caixa_20260625.csv
[15:28:11] Excel salvo: /home/runner/work/catalogo-fundos-caixa-v2/catalogo-fundos-caixa-v2/sipii_caixa_20260625.xlsx
[15:28:11] JSON unificado salvo: /home/runner/work/catalogo-fundos-caixa-v2/catalogo-fundos-caixa-v2/data/fundos_unificado.json
[15:28:11] Histórico JSON unificado salvo: /home/runner/work/catalogo-fundos-caixa-v2/catalogo-fundos-caixa-v2/historico/json/fundos_unificado_20260625.json
[15:28:11] SUCESSO: 176 fundos consolidados e enriquecidos salvos.
[15:09:03] INICIANDO ROBÔ SIPII v11 - SIPII + ASSET JSON
[15:09:03] ETAPA 1 — Coletando URLs dinâmicas (12 páginas CAIXA)...
[15:09:05]   [CAIXA] renda-fixa → +34 links (34 total)
[15:09:07]   [CAIXA] referenciados → +4 links (38 total)
[15:09:09]   [CAIXA] fundo-simples → +2 links (40 total)
[15:09:10]   [CAIXA] curto-prazo → +1 links (41 total)
[15:09:12]   [CAIXA] multimercado → +19 links (60 total)
[15:09:14]   [CAIXA] cambiais → +1 links (61 total)
[15:09:16]   [CAIXA] fundos-de-acoes → +10 links (71 total)
[15:09:17]   [CAIXA] fundos-de-indices → +2 links (73 total)
[15:09:19]   [CAIXA] renda-fixa → +8 links (81 total)
[15:09:21]   [CAIXA] empresa → +5 links (86 total)
[15:09:22]   [CAIXA] fmp-fgts → HTTP 404
[15:09:22]   [CAIXA] rpps → +8 links (94 total)
[15:09:23] [CAIXA] Total URLs dinâmicas: 94
[15:09:23] ETAPA 2 — Coletando dados do SIPII...
[15:09:32] [PF] Abrindo SIPII...
[15:09:54]   [PF] RENDA FIXA SIMPLES: 3 fundos.
[15:10:09]   [PF] RENDA FIXA: 39 fundos.
[15:10:15]   [PF] RENDA FIXA REFERENCIADO: 10 fundos.
[15:10:19]   [PF] RENDA FIXA CURTO PRAZO: 1 fundos.
[15:10:31]   [PF] MULTIMERCADO: 30 fundos.
[15:10:35]   [PF] CAMBIAL: 1 fundos.
[15:10:48]   [PF] ACOES: 29 fundos.
[15:10:51]   [PF] FUNDO DE INDICE: 1 fundos.
[15:10:57]   [PF] FUNDOS MUTUOS DE PRIVATIZACAO: 9 fundos.
[15:10:57] [PJ] Abrindo SIPII...
[15:11:16]   [PJ] RENDA FIXA SIMPLES: 5 fundos.
[15:11:30]   [PJ] RENDA FIXA: 38 fundos.
[15:11:35]   [PJ] RENDA FIXA REFERENCIADO: 7 fundos.
[15:11:39]   [PJ] RENDA FIXA CURTO PRAZO: 2 fundos.
[15:11:51]   [PJ] MULTIMERCADO: 27 fundos.
[15:11:54]   [PJ] CAMBIAL: 1 fundos.
[15:12:07]   [PJ] ACOES: 28 fundos.
[15:12:07] [GOV] Abrindo SIPII...
[15:12:26]   [GOV] RENDA FIXA: 2 fundos.
[15:12:29]   [GOV] RENDA FIXA REFERENCIADO: 3 fundos.
[15:12:33]   [GOV] RENDA FIXA CURTO PRAZO: 3 fundos.
[15:12:38]   [GOV] MULTIMERCADO: 6 fundos.
[15:12:42]   [GOV] ACOES: 4 fundos.
[15:12:42] [RPPS] Abrindo SIPII...
[15:13:12]   [RPPS] RENDA FIXA: 19 fundos.
[15:13:16]   [RPPS] RENDA FIXA REFERENCIADO: 4 fundos.
[15:13:24]   [RPPS] MULTIMERCADO: 14 fundos.
[15:13:31]   [RPPS] ACOES: 14 fundos.
[15:13:31] [TODOS] Abrindo SIPII...
[15:13:50]   [TODOS] RENDA FIXA SIMPLES: 2 fundos.
[15:14:06]   [TODOS] RENDA FIXA: 42 fundos.
[15:14:12]   [TODOS] RENDA FIXA REFERENCIADO: 8 fundos.
[15:14:15]   [TODOS] RENDA FIXA CURTO PRAZO: 3 fundos.
[15:14:23]   [TODOS] MULTIMERCADO: 14 fundos.
[15:14:26]   [TODOS] CAMBIAL: 1 fundos.
[15:14:37]   [TODOS] ACOES: 25 fundos.
[15:14:40]   [TODOS] FUNDO DE INDICE: 1 fundos.
[15:14:40] ETAPA 3 — Associando URLs (estáticas + dinâmicas)...
[15:14:40]   Dicionário estático : 116 entradas
[15:14:40]   URLs encontradas    : 148/171
[15:14:40]   Sem URL             : 23/171
[15:14:40]   Fundos SEM URL:
[15:14:40]     - CAIXA FIC FIF EXCLUSIVO FUNC RF CREDITO PRIVADO LP RESP LTDA
[15:14:40]     - CAIXA EXPERT VOX DESENV SUSTENTAVEL IS RF CRED PRIV LP - RESP LTDA (1) (2)
[15:14:40]     - CAIXA EXPERT ABSOLUTE CRETA FIC FIF RF CRED PRIV LP - RESP LTDA (1)
[15:14:40]     - CAIXA EXPERT VINLAND DEB IN INFRA RF CRED PRIV LP RESP LTDA (1) (2) (3)
[15:14:40]     - CAIXA SIGMA FUNCIONARIOS FIC FIF RF REF DI LP - RESP LTDA (2) (3)
[15:14:40]     - CAIXA CARTEIRA QUANT DUO FIC FIF MM LP RESP LTDA (1) (2) (3)
[15:14:40]     - CAIXA CARTEIRA QUANT QUALI FIC FIF MM LP RESP LTDA (1) (2) (3)
[15:14:40]     - CAIXA CARTEIRA QUANT UNO FIC FIF MM LP RESP LTDA (1) (2) (3)
[15:14:40]     - CAIXA FIC FIF FUNCIONARIOS ESTRATEGIA LIVRE MULTIMERCADO LP RESP LTDA (1)
[15:14:40]     - CAIXA HASHDEX NASDAQ CRYPTO INDEX FIC FIF MM RESP LTDA (1) (2)
[15:14:40]     - CAIXA FIC FIM CAPITAL PROTEGIDO CICLICO II LP - RL (1)
[15:14:40]     - CAIXA ATENA FIC FIF AÇÕES FUNCIONÁRIOS LIVRE QUANT RESP LTDA
[15:14:40]     - CAIXA ATENA FIC FIF AÇÕES LIVRE QUANT RESP LTDA
[15:14:40]     - CAIXA FMP-FGTS ELETROBRAS MIGRACAO
[15:14:40]     - CAIXA FMP-FGTS ELETROBRAS RESP LTDA
[15:14:40]     - CAIXA FMP-FGTS PETROBRÁS IV RESP LTDA
[15:14:40]     - CAIXA FMP-FGTS VALE RIO DOCE II RESP LTDA
[15:14:40]     - CAIXA FMP-FGTS CL ABSOLUTO RESP LTDA
[15:14:40]     - CAIXA FMP-FGTS VALE RIO DOCE MIGRAÇÃO RESP LTDA
[15:14:40]     - CAIXA FMP-FGTS PETROBRÁS II RESP LTDA
[15:14:40]     - CAIXA FMP-FGTS VALE RIO DOCE I RESP LTDA
[15:14:40]     - CAIXA FMP-FGTS PETROBRÁS III RESP LTDA
[15:14:40]     - CAIXA ATENA FIC FIF AÇÕES BRASIL LIVRE QUANT RESP LTDA
[15:14:40] ETAPA 4 — Baixando JSON da CAIXA Asset...
[15:14:44]   JSON Asset salvo: /home/runner/work/catalogo-fundos-caixa-v2/catalogo-fundos-caixa-v2/data/fundos_asset.json
[15:14:44]   Histórico JSON salvo: /home/runner/work/catalogo-fundos-caixa-v2/catalogo-fundos-caixa-v2/historico/json/fundos_asset_20260626.json
[15:14:44]   Fundos no JSON Asset: 196
[15:14:44]   Asset matches encontrados: 168/171
[15:14:44]   Asset sem match: 3/171
[15:14:44] CSV salvo: /home/runner/work/catalogo-fundos-caixa-v2/catalogo-fundos-caixa-v2/dados_atuais.csv
[15:14:44] Histórico CSV salvo: /home/runner/work/catalogo-fundos-caixa-v2/catalogo-fundos-caixa-v2/sipii_caixa_20260626.csv
[15:14:45] Excel salvo: /home/runner/work/catalogo-fundos-caixa-v2/catalogo-fundos-caixa-v2/sipii_caixa_20260626.xlsx
[15:14:45] JSON unificado salvo: /home/runner/work/catalogo-fundos-caixa-v2/catalogo-fundos-caixa-v2/data/fundos_unificado.json
[15:14:45] Histórico JSON unificado salvo: /home/runner/work/catalogo-fundos-caixa-v2/catalogo-fundos-caixa-v2/historico/json/fundos_unificado_20260626.json
[15:14:45] SUCESSO: 171 fundos consolidados e enriquecidos salvos.
[16:22:33] INICIANDO ROBÔ SIPII v11 - SIPII + ASSET JSON
[16:22:33] ETAPA 1 — Coletando URLs dinâmicas (12 páginas CAIXA)...
[16:22:36]   [CAIXA] renda-fixa → +34 links (34 total)
[16:22:37]   [CAIXA] referenciados → +4 links (38 total)
[16:22:39]   [CAIXA] fundo-simples → +2 links (40 total)
[16:22:40]   [CAIXA] curto-prazo → +1 links (41 total)
[16:22:42]   [CAIXA] multimercado → +19 links (60 total)
[16:22:44]   [CAIXA] cambiais → +1 links (61 total)
[16:22:45]   [CAIXA] fundos-de-acoes → +10 links (71 total)
[16:22:47]   [CAIXA] fundos-de-indices → +2 links (73 total)
[16:22:48]   [CAIXA] renda-fixa → +8 links (81 total)
[16:22:50]   [CAIXA] empresa → +5 links (86 total)
[16:22:51]   [CAIXA] fmp-fgts → HTTP 404
[16:22:52]   [CAIXA] rpps → +8 links (94 total)
[16:22:53] [CAIXA] Total URLs dinâmicas: 94
[16:22:53] ETAPA 2 — Coletando dados do SIPII...
[16:22:58] [PF] Abrindo SIPII...
[16:23:17]   [PF] RENDA FIXA SIMPLES: 3 fundos.
[16:23:32]   [PF] RENDA FIXA: 39 fundos.
[16:23:38]   [PF] RENDA FIXA REFERENCIADO: 10 fundos.
[16:23:41]   [PF] RENDA FIXA CURTO PRAZO: 1 fundos.
[16:23:53]   [PF] MULTIMERCADO: 30 fundos.
[16:23:56]   [PF] CAMBIAL: 1 fundos.
[16:24:08]   [PF] ACOES: 29 fundos.
[16:24:11]   [PF] FUNDO DE INDICE: 1 fundos.
[16:24:16]   [PF] FUNDOS MUTUOS DE PRIVATIZACAO: 9 fundos.
[16:24:16] [PJ] Abrindo SIPII...
[16:24:34]   [PJ] RENDA FIXA SIMPLES: 5 fundos.
[16:24:49]   [PJ] RENDA FIXA: 38 fundos.
[16:24:53]   [PJ] RENDA FIXA REFERENCIADO: 7 fundos.
[16:24:57]   [PJ] RENDA FIXA CURTO PRAZO: 2 fundos.
[16:25:08]   [PJ] MULTIMERCADO: 27 fundos.
[16:25:11]   [PJ] CAMBIAL: 1 fundos.
[16:25:22]   [PJ] ACOES: 28 fundos.
[16:25:22] [GOV] Abrindo SIPII...
[16:25:38]   [GOV] RENDA FIXA: 2 fundos.
[16:25:42]   [GOV] RENDA FIXA REFERENCIADO: 3 fundos.
[16:25:45]   [GOV] RENDA FIXA CURTO PRAZO: 3 fundos.
[16:25:50]   [GOV] MULTIMERCADO: 6 fundos.
[16:25:53]   [GOV] ACOES: 4 fundos.
[16:25:54] [RPPS] Abrindo SIPII...
[16:26:20]   [RPPS] RENDA FIXA: 19 fundos.
[16:26:24]   [RPPS] RENDA FIXA REFERENCIADO: 4 fundos.
[16:26:31]   [RPPS] MULTIMERCADO: 14 fundos.
[16:26:37]   [RPPS] ACOES: 14 fundos.
[16:26:38] [TODOS] Abrindo SIPII...
[16:26:54]   [TODOS] RENDA FIXA SIMPLES: 2 fundos.
[16:27:10]   [TODOS] RENDA FIXA: 42 fundos.
[16:27:15]   [TODOS] RENDA FIXA REFERENCIADO: 8 fundos.
[16:27:18]   [TODOS] RENDA FIXA CURTO PRAZO: 3 fundos.
[16:27:25]   [TODOS] MULTIMERCADO: 14 fundos.
[16:27:28]   [TODOS] CAMBIAL: 1 fundos.
[16:27:39]   [TODOS] ACOES: 25 fundos.
[16:27:42]   [TODOS] FUNDO DE INDICE: 1 fundos.
[16:27:42] ETAPA 3 — Associando URLs (estáticas + dinâmicas)...
[16:27:42]   Dicionário estático : 116 entradas
[16:27:42]   URLs encontradas    : 148/171
[16:27:42]   Sem URL             : 23/171
[16:27:42]   Fundos SEM URL:
[16:27:42]     - CAIXA FIC FIF EXCLUSIVO FUNC RF CREDITO PRIVADO LP RESP LTDA
[16:27:42]     - CAIXA EXPERT VOX DESENV SUSTENTAVEL IS RF CRED PRIV LP - RESP LTDA (2)
[16:27:42]     - CAIXA EXPERT ABSOLUTE CRETA FIC FIF RF CRED PRIV LP - RESP LTDA
[16:27:42]     - CAIXA EXPERT VINLAND DEB IN INFRA RF CRED PRIV LP RESP LTDA (2) (3)
[16:27:42]     - CAIXA SIGMA FUNCIONARIOS FIC FIF RF REF DI LP - RESP LTDA (2) (3)
[16:27:42]     - CAIXA CARTEIRA QUANT DUO FIC FIF MM LP RESP LTDA (2) (3)
[16:27:42]     - CAIXA CARTEIRA QUANT QUALI FIC FIF MM LP RESP LTDA (2) (3)
[16:27:42]     - CAIXA CARTEIRA QUANT UNO FIC FIF MM LP RESP LTDA (2) (3)
[16:27:42]     - CAIXA FIC FIF FUNCIONARIOS ESTRATEGIA LIVRE MULTIMERCADO LP RESP LTDA
[16:27:42]     - CAIXA HASHDEX NASDAQ CRYPTO INDEX FIC FIF MM RESP LTDA (2)
[16:27:42]     - CAIXA FIC FIM CAPITAL PROTEGIDO CICLICO II LP - RL
[16:27:42]     - CAIXA ATENA FIC FIF AÇÕES FUNCIONÁRIOS LIVRE QUANT RESP LTDA
[16:27:42]     - CAIXA ATENA FIC FIF AÇÕES LIVRE QUANT RESP LTDA
[16:27:42]     - CAIXA FMP-FGTS ELETROBRAS MIGRACAO
[16:27:42]     - CAIXA FMP-FGTS ELETROBRAS RESP LTDA
[16:27:42]     - CAIXA FMP-FGTS PETROBRÁS IV RESP LTDA
[16:27:42]     - CAIXA FMP-FGTS VALE RIO DOCE II RESP LTDA
[16:27:42]     - CAIXA FMP-FGTS CL ABSOLUTO RESP LTDA
[16:27:42]     - CAIXA FMP-FGTS VALE RIO DOCE MIGRAÇÃO RESP LTDA
[16:27:42]     - CAIXA FMP-FGTS PETROBRÁS II RESP LTDA
[16:27:42]     - CAIXA FMP-FGTS VALE RIO DOCE I RESP LTDA
[16:27:42]     - CAIXA FMP-FGTS PETROBRÁS III RESP LTDA
[16:27:42]     - CAIXA ATENA FIC FIF AÇÕES BRASIL LIVRE QUANT RESP LTDA
[16:27:42] ETAPA 4 — Baixando JSON da CAIXA Asset...
[16:27:44]   JSON Asset salvo: /home/runner/work/catalogo-fundos-caixa-v2/catalogo-fundos-caixa-v2/data/fundos_asset.json
[16:27:44]   Histórico JSON salvo: /home/runner/work/catalogo-fundos-caixa-v2/catalogo-fundos-caixa-v2/historico/json/fundos_asset_20260629.json
[16:27:44]   Fundos no JSON Asset: 196
[16:27:44]   Asset matches encontrados: 168/171
[16:27:44]   Asset sem match: 3/171
[16:27:44] CSV salvo: /home/runner/work/catalogo-fundos-caixa-v2/catalogo-fundos-caixa-v2/dados_atuais.csv
[16:27:44] Histórico CSV salvo: /home/runner/work/catalogo-fundos-caixa-v2/catalogo-fundos-caixa-v2/sipii_caixa_20260629.csv
[16:27:44] Excel salvo: /home/runner/work/catalogo-fundos-caixa-v2/catalogo-fundos-caixa-v2/sipii_caixa_20260629.xlsx
[16:27:44] JSON unificado salvo: /home/runner/work/catalogo-fundos-caixa-v2/catalogo-fundos-caixa-v2/data/fundos_unificado.json
[16:27:44] Histórico JSON unificado salvo: /home/runner/work/catalogo-fundos-caixa-v2/catalogo-fundos-caixa-v2/historico/json/fundos_unificado_20260629.json
[16:27:44] SUCESSO: 171 fundos consolidados e enriquecidos salvos.
[15:07:30] INICIANDO ROBÔ SIPII v11 - SIPII + ASSET JSON
[15:07:30] ETAPA 1 — Coletando URLs dinâmicas (12 páginas CAIXA)...
[15:07:32]   [CAIXA] renda-fixa → +34 links (34 total)
[15:07:34]   [CAIXA] referenciados → +4 links (38 total)
[15:07:35]   [CAIXA] fundo-simples → +2 links (40 total)
[15:07:37]   [CAIXA] curto-prazo → +1 links (41 total)
[15:07:38]   [CAIXA] multimercado → +19 links (60 total)
[15:07:41]   [CAIXA] cambiais → +1 links (61 total)
[15:07:42]   [CAIXA] fundos-de-acoes → +10 links (71 total)
[15:07:44]   [CAIXA] fundos-de-indices → +2 links (73 total)
[15:07:45]   [CAIXA] renda-fixa → +8 links (81 total)
[15:07:47]   [CAIXA] empresa → +5 links (86 total)
[15:07:48]   [CAIXA] fmp-fgts → HTTP 404
[15:07:49]   [CAIXA] rpps → +8 links (94 total)
[15:07:50] [CAIXA] Total URLs dinâmicas: 94
[15:07:50] ETAPA 2 — Coletando dados do SIPII...
[15:07:58] [PF] Abrindo SIPII...
[15:08:18]   [PF] RENDA FIXA SIMPLES: 3 fundos.
[15:08:34]   [PF] RENDA FIXA: 39 fundos.
[15:08:40]   [PF] RENDA FIXA REFERENCIADO: 10 fundos.
[15:08:43]   [PF] RENDA FIXA CURTO PRAZO: 1 fundos.
[15:08:56]   [PF] MULTIMERCADO: 30 fundos.
[15:08:59]   [PF] CAMBIAL: 1 fundos.
[15:09:12]   [PF] ACOES: 29 fundos.
[15:09:15]   [PF] FUNDO DE INDICE: 1 fundos.
[15:09:21]   [PF] FUNDOS MUTUOS DE PRIVATIZACAO: 9 fundos.
[15:09:21] [PJ] Abrindo SIPII...
[15:09:40]   [PJ] RENDA FIXA SIMPLES: 5 fundos.
[15:09:56]   [PJ] RENDA FIXA: 38 fundos.
[15:10:01]   [PJ] RENDA FIXA REFERENCIADO: 7 fundos.
[15:10:05]   [PJ] RENDA FIXA CURTO PRAZO: 2 fundos.
[15:10:17]   [PJ] MULTIMERCADO: 27 fundos.
[15:10:20]   [PJ] CAMBIAL: 1 fundos.
[15:10:33]   [PJ] ACOES: 28 fundos.
[15:10:34] [GOV] Abrindo SIPII...
[15:10:54]   [GOV] RENDA FIXA: 2 fundos.
[15:10:58]   [GOV] RENDA FIXA REFERENCIADO: 3 fundos.
[15:11:02]   [GOV] RENDA FIXA CURTO PRAZO: 3 fundos.
[15:11:06]   [GOV] MULTIMERCADO: 6 fundos.
[15:11:10]   [GOV] ACOES: 4 fundos.
[15:11:10] [RPPS] Abrindo SIPII...
[15:11:40]   [RPPS] RENDA FIXA: 19 fundos.
[15:11:45]   [RPPS] RENDA FIXA REFERENCIADO: 4 fundos.
[15:11:52]   [RPPS] MULTIMERCADO: 14 fundos.
[15:11:59]   [RPPS] ACOES: 14 fundos.
[15:11:59] [TODOS] Abrindo SIPII...
[15:12:18]   [TODOS] RENDA FIXA SIMPLES: 2 fundos.
[15:12:35]   [TODOS] RENDA FIXA: 42 fundos.
[15:12:41]   [TODOS] RENDA FIXA REFERENCIADO: 8 fundos.
[15:12:44]   [TODOS] RENDA FIXA CURTO PRAZO: 3 fundos.
[15:12:52]   [TODOS] MULTIMERCADO: 14 fundos.
[15:12:55]   [TODOS] CAMBIAL: 1 fundos.
[15:13:06]   [TODOS] ACOES: 25 fundos.
[15:13:10]   [TODOS] FUNDO DE INDICE: 1 fundos.
[15:13:10] ETAPA 3 — Associando URLs (estáticas + dinâmicas)...
[15:13:10]   Dicionário estático : 116 entradas
[15:13:10]   URLs encontradas    : 148/171
[15:13:10]   Sem URL             : 23/171
[15:13:10]   Fundos SEM URL:
[15:13:10]     - CAIXA FIC FIF EXCLUSIVO FUNC RF CREDITO PRIVADO LP RESP LTDA
[15:13:10]     - CAIXA EXPERT VOX DESENV SUSTENTAVEL IS RF CRED PRIV LP - RESP LTDA (1) (2)
[15:13:10]     - CAIXA EXPERT ABSOLUTE CRETA FIC FIF RF CRED PRIV LP - RESP LTDA (1)
[15:13:10]     - CAIXA EXPERT VINLAND DEB IN INFRA RF CRED PRIV LP RESP LTDA (1) (2) (3)
[15:13:10]     - CAIXA SIGMA FUNCIONARIOS FIC FIF RF REF DI LP - RESP LTDA (2) (3)
[15:13:10]     - CAIXA CARTEIRA QUANT DUO FIC FIF MM LP RESP LTDA (1) (2) (3)
[15:13:10]     - CAIXA CARTEIRA QUANT QUALI FIC FIF MM LP RESP LTDA (1) (2) (3)
[15:13:10]     - CAIXA CARTEIRA QUANT UNO FIC FIF MM LP RESP LTDA (1) (2) (3)
[15:13:10]     - CAIXA FIC FIF FUNCIONARIOS ESTRATEGIA LIVRE MULTIMERCADO LP RESP LTDA (1)
[15:13:10]     - CAIXA HASHDEX NASDAQ CRYPTO INDEX FIC FIF MM RESP LTDA (1) (2)
[15:13:10]     - CAIXA FIC FIM CAPITAL PROTEGIDO CICLICO II LP - RL (1)
[15:13:10]     - CAIXA ATENA FIC FIF AÇÕES FUNCIONÁRIOS LIVRE QUANT RESP LTDA
[15:13:10]     - CAIXA ATENA FIC FIF AÇÕES LIVRE QUANT RESP LTDA
[15:13:10]     - CAIXA FMP-FGTS ELETROBRAS MIGRACAO
[15:13:10]     - CAIXA FMP-FGTS ELETROBRAS RESP LTDA
[15:13:10]     - CAIXA FMP-FGTS PETROBRÁS IV RESP LTDA
[15:13:10]     - CAIXA FMP-FGTS VALE RIO DOCE II RESP LTDA
[15:13:10]     - CAIXA FMP-FGTS CL ABSOLUTO RESP LTDA
[15:13:10]     - CAIXA FMP-FGTS VALE RIO DOCE MIGRAÇÃO RESP LTDA
[15:13:10]     - CAIXA FMP-FGTS PETROBRÁS II RESP LTDA
[15:13:10]     - CAIXA FMP-FGTS VALE RIO DOCE I RESP LTDA
[15:13:10]     - CAIXA FMP-FGTS PETROBRÁS III RESP LTDA
[15:13:10]     - CAIXA ATENA FIC FIF AÇÕES BRASIL LIVRE QUANT RESP LTDA
[15:13:10] ETAPA 4 — Baixando JSON da CAIXA Asset...
[15:13:12]   JSON Asset salvo: /home/runner/work/catalogo-fundos-caixa-v2/catalogo-fundos-caixa-v2/data/fundos_asset.json
[15:13:12]   Histórico JSON salvo: /home/runner/work/catalogo-fundos-caixa-v2/catalogo-fundos-caixa-v2/historico/json/fundos_asset_20260630.json
[15:13:12]   Fundos no JSON Asset: 196
[15:13:12]   Asset matches encontrados: 168/171
[15:13:12]   Asset sem match: 3/171
[15:13:12] CSV salvo: /home/runner/work/catalogo-fundos-caixa-v2/catalogo-fundos-caixa-v2/dados_atuais.csv
[15:13:12] Histórico CSV salvo: /home/runner/work/catalogo-fundos-caixa-v2/catalogo-fundos-caixa-v2/sipii_caixa_20260630.csv
[15:13:13] Excel salvo: /home/runner/work/catalogo-fundos-caixa-v2/catalogo-fundos-caixa-v2/sipii_caixa_20260630.xlsx
[15:13:13] JSON unificado salvo: /home/runner/work/catalogo-fundos-caixa-v2/catalogo-fundos-caixa-v2/data/fundos_unificado.json
[15:13:13] Histórico JSON unificado salvo: /home/runner/work/catalogo-fundos-caixa-v2/catalogo-fundos-caixa-v2/historico/json/fundos_unificado_20260630.json
[15:13:13] SUCESSO: 171 fundos consolidados e enriquecidos salvos.
[15:18:23] INICIANDO ROBÔ SIPII v11 - SIPII + ASSET JSON
[15:18:23] ETAPA 1 — Coletando URLs dinâmicas (12 páginas CAIXA)...
[15:18:25]   [CAIXA] renda-fixa → +34 links (34 total)
[15:18:26]   [CAIXA] referenciados → +4 links (38 total)
[15:18:28]   [CAIXA] fundo-simples → +2 links (40 total)
[15:18:29]   [CAIXA] curto-prazo → +1 links (41 total)
[15:18:31]   [CAIXA] multimercado → +19 links (60 total)
[15:18:33]   [CAIXA] cambiais → +1 links (61 total)
[15:18:34]   [CAIXA] fundos-de-acoes → +10 links (71 total)
[15:18:36]   [CAIXA] fundos-de-indices → +2 links (73 total)
[15:18:37]   [CAIXA] renda-fixa → +8 links (81 total)
[15:18:39]   [CAIXA] empresa → +5 links (86 total)
[15:18:40]   [CAIXA] fmp-fgts → HTTP 404
[15:18:41]   [CAIXA] rpps → +8 links (94 total)
[15:18:42] [CAIXA] Total URLs dinâmicas: 94
[15:18:42] ETAPA 2 — Coletando dados do SIPII...
[15:18:44] [PF] Abrindo SIPII...
[15:20:44] [PF] Erro geral: HTTPConnectionPool(host='localhost', port=36615): Read timed out. (read timeout=120)
[15:20:55] [PJ] Abrindo SIPII...
[15:22:55] [PJ] Erro geral: HTTPConnectionPool(host='localhost', port=40905): Read timed out. (read timeout=120)
[15:23:04] [GOV] Abrindo SIPII...
[15:25:05] [GOV] Erro geral: HTTPConnectionPool(host='localhost', port=46943): Read timed out. (read timeout=120)
[15:25:17] [RPPS] Abrindo SIPII...
[15:27:18] [RPPS] Erro geral: HTTPConnectionPool(host='localhost', port=51129): Read timed out. (read timeout=120)
[15:27:27] [TODOS] Abrindo SIPII...
[15:29:27] [TODOS] Erro geral: HTTPConnectionPool(host='localhost', port=41749): Read timed out. (read timeout=120)
[15:29:39] ATENÇÃO: Nenhum dado coletado.
[14:36:53] INICIANDO ROBÔ SIPII v11 - SIPII + ASSET JSON
[14:36:53] ETAPA 1 — Coletando URLs dinâmicas (12 páginas CAIXA)...
[14:36:56]   [CAIXA] renda-fixa → +34 links (34 total)
[14:36:57]   [CAIXA] referenciados → +4 links (38 total)
[14:36:59]   [CAIXA] fundo-simples → +2 links (40 total)
[14:37:00]   [CAIXA] curto-prazo → +1 links (41 total)
[14:37:02]   [CAIXA] multimercado → +19 links (60 total)
[14:37:04]   [CAIXA] cambiais → +1 links (61 total)
[14:37:05]   [CAIXA] fundos-de-acoes → +10 links (71 total)
[14:37:07]   [CAIXA] fundos-de-indices → +2 links (73 total)
[14:37:08]   [CAIXA] renda-fixa → +8 links (81 total)
[14:37:10]   [CAIXA] empresa → +5 links (86 total)
[14:37:11]   [CAIXA] fmp-fgts → HTTP 404
[14:37:11]   [CAIXA] rpps → +8 links (94 total)
[14:37:12] [CAIXA] Total URLs dinâmicas: 94
[14:37:12] ETAPA 2 — Coletando dados do SIPII...
[14:37:21] [PF] Abrindo SIPII...
[14:39:21] [PF] Erro geral: HTTPConnectionPool(host='localhost', port=56657): Read timed out. (read timeout=120)
[14:39:33] [PJ] Abrindo SIPII...
[14:41:33] [PJ] Erro geral: HTTPConnectionPool(host='localhost', port=60143): Read timed out. (read timeout=120)
[14:41:45] [GOV] Abrindo SIPII...
[14:43:45] [GOV] Erro geral: HTTPConnectionPool(host='localhost', port=53273): Read timed out. (read timeout=120)
[14:43:56] [RPPS] Abrindo SIPII...
[14:45:56] [RPPS] Erro geral: HTTPConnectionPool(host='localhost', port=33743): Read timed out. (read timeout=120)
[14:46:10] [TODOS] Abrindo SIPII...
[14:48:10] [TODOS] Erro geral: HTTPConnectionPool(host='localhost', port=42441): Read timed out. (read timeout=120)
[14:48:22] ATENÇÃO: Nenhum dado coletado.
[14:39:12] INICIANDO ROBÔ SIPII v11 - SIPII + ASSET JSON
[14:39:12] ETAPA 1 — Coletando URLs dinâmicas (12 páginas CAIXA)...
[14:39:15]   [CAIXA] renda-fixa → +34 links (34 total)
[14:39:16]   [CAIXA] referenciados → +4 links (38 total)
[14:39:18]   [CAIXA] fundo-simples → +2 links (40 total)
[14:39:19]   [CAIXA] curto-prazo → +1 links (41 total)
[14:39:21]   [CAIXA] multimercado → +19 links (60 total)
[14:39:23]   [CAIXA] cambiais → +1 links (61 total)
[14:39:25]   [CAIXA] fundos-de-acoes → +10 links (71 total)
[14:39:26]   [CAIXA] fundos-de-indices → +2 links (73 total)
[14:39:28]   [CAIXA] renda-fixa → +8 links (81 total)
[14:39:29]   [CAIXA] empresa → +5 links (86 total)
[14:39:31]   [CAIXA] fmp-fgts → HTTP 404
[14:39:31]   [CAIXA] rpps → +8 links (94 total)
[14:39:32] [CAIXA] Total URLs dinâmicas: 94
[14:39:32] ETAPA 2 — Coletando dados do SIPII...
[14:39:34] [PF] Abrindo SIPII...
[14:39:53]   [PF] RENDA FIXA SIMPLES: 3 fundos.
[14:40:09]   [PF] RENDA FIXA: 39 fundos.
[14:40:15]   [PF] RENDA FIXA REFERENCIADO: 10 fundos.
[14:40:18]   [PF] RENDA FIXA CURTO PRAZO: 1 fundos.
[14:40:31]   [PF] MULTIMERCADO: 30 fundos.
[14:40:34]   [PF] CAMBIAL: 1 fundos.
[14:40:46]   [PF] ACOES: 29 fundos.
[14:40:50]   [PF] FUNDO DE INDICE: 1 fundos.
[14:40:55]   [PF] FUNDOS MUTUOS DE PRIVATIZACAO: 9 fundos.
[14:40:56] [PJ] Abrindo SIPII...
[14:41:15]   [PJ] RENDA FIXA SIMPLES: 5 fundos.
[14:41:30]   [PJ] RENDA FIXA: 38 fundos.
[14:41:35]   [PJ] RENDA FIXA REFERENCIADO: 7 fundos.
[14:41:38]   [PJ] RENDA FIXA CURTO PRAZO: 2 fundos.
[14:41:49]   [PJ] MULTIMERCADO: 27 fundos.
[14:41:52]   [PJ] CAMBIAL: 1 fundos.
[14:42:04]   [PJ] ACOES: 28 fundos.
[14:42:04] [GOV] Abrindo SIPII...
[14:42:21]   [GOV] RENDA FIXA: 2 fundos.
[14:42:24]   [GOV] RENDA FIXA REFERENCIADO: 3 fundos.
[14:42:28]   [GOV] RENDA FIXA CURTO PRAZO: 3 fundos.
[14:42:32]   [GOV] MULTIMERCADO: 6 fundos.
[14:42:36]   [GOV] ACOES: 4 fundos.
[14:42:36] [RPPS] Abrindo SIPII...
[14:43:02]   [RPPS] RENDA FIXA: 19 fundos.
[14:43:06]   [RPPS] RENDA FIXA REFERENCIADO: 4 fundos.
[14:43:13]   [RPPS] MULTIMERCADO: 14 fundos.
[14:43:20]   [RPPS] ACOES: 14 fundos.
[14:43:20] [TODOS] Abrindo SIPII...
[14:43:36]   [TODOS] RENDA FIXA SIMPLES: 2 fundos.
[14:43:53]   [TODOS] RENDA FIXA: 42 fundos.
[14:43:58]   [TODOS] RENDA FIXA REFERENCIADO: 8 fundos.
[14:44:02]   [TODOS] RENDA FIXA CURTO PRAZO: 3 fundos.
[14:44:09]   [TODOS] MULTIMERCADO: 14 fundos.
[14:44:13]   [TODOS] CAMBIAL: 1 fundos.
[14:44:23]   [TODOS] ACOES: 25 fundos.
[14:44:27]   [TODOS] FUNDO DE INDICE: 1 fundos.
[14:44:27] ETAPA 3 — Associando URLs (estáticas + dinâmicas)...
[14:44:27]   Dicionário estático : 116 entradas
[14:44:27]   URLs encontradas    : 148/171
[14:44:27]   Sem URL             : 23/171
[14:44:27]   Fundos SEM URL:
[14:44:27]     - CAIXA FIC FIF EXCLUSIVO FUNC RF CREDITO PRIVADO LP RESP LTDA
[14:44:27]     - CAIXA EXPERT VOX DESENV SUSTENTAVEL IS RF CRED PRIV LP - RESP LTDA (1) (2)
[14:44:27]     - CAIXA EXPERT ABSOLUTE CRETA FIC FIF RF CRED PRIV LP - RESP LTDA (1)
[14:44:27]     - CAIXA EXPERT VINLAND DEB IN INFRA RF CRED PRIV LP RESP LTDA (1) (2) (3)
[14:44:27]     - CAIXA SIGMA FUNCIONARIOS FIC FIF RF REF DI LP - RESP LTDA (2) (3)
[14:44:27]     - CAIXA CARTEIRA QUANT DUO FIC FIF MM LP RESP LTDA (1) (2) (3)
[14:44:27]     - CAIXA CARTEIRA QUANT QUALI FIC FIF MM LP RESP LTDA (1) (2) (3)
[14:44:27]     - CAIXA CARTEIRA QUANT UNO FIC FIF MM LP RESP LTDA (1) (2) (3)
[14:44:27]     - CAIXA FIC FIF FUNCIONARIOS ESTRATEGIA LIVRE MULTIMERCADO LP RESP LTDA (1)
[14:44:27]     - CAIXA HASHDEX NASDAQ CRYPTO INDEX FIC FIF MM RESP LTDA (1) (2)
[14:44:27]     - CAIXA FIC FIM CAPITAL PROTEGIDO CICLICO II LP - RL (1)
[14:44:27]     - CAIXA ATENA FIC FIF AÇÕES FUNCIONÁRIOS LIVRE QUANT RESP LTDA
[14:44:27]     - CAIXA ATENA FIC FIF AÇÕES LIVRE QUANT RESP LTDA
[14:44:27]     - CAIXA FMP-FGTS ELETROBRAS MIGRACAO
[14:44:27]     - CAIXA FMP-FGTS ELETROBRAS RESP LTDA
[14:44:27]     - CAIXA FMP-FGTS PETROBRÁS IV RESP LTDA
[14:44:27]     - CAIXA FMP-FGTS VALE RIO DOCE II RESP LTDA
[14:44:27]     - CAIXA FMP-FGTS CL ABSOLUTO RESP LTDA
[14:44:27]     - CAIXA FMP-FGTS VALE RIO DOCE MIGRAÇÃO RESP LTDA
[14:44:27]     - CAIXA FMP-FGTS PETROBRÁS II RESP LTDA
[14:44:27]     - CAIXA FMP-FGTS VALE RIO DOCE I RESP LTDA
[14:44:27]     - CAIXA FMP-FGTS PETROBRÁS III RESP LTDA
[14:44:27]     - CAIXA ATENA FIC FIF AÇÕES BRASIL LIVRE QUANT RESP LTDA
[14:44:27] ETAPA 4 — Baixando JSON da CAIXA Asset...
[14:44:29]   JSON Asset salvo: /home/runner/work/catalogo-fundos-caixa-v2/catalogo-fundos-caixa-v2/data/fundos_asset.json
[14:44:29]   Histórico JSON salvo: /home/runner/work/catalogo-fundos-caixa-v2/catalogo-fundos-caixa-v2/historico/json/fundos_asset_20260703.json
[14:44:29]   Fundos no JSON Asset: 195
[14:44:29]   Asset matches encontrados: 168/171
[14:44:29]   Asset sem match: 3/171
[14:44:29] CSV salvo: /home/runner/work/catalogo-fundos-caixa-v2/catalogo-fundos-caixa-v2/dados_atuais.csv
[14:44:29] Histórico CSV salvo: /home/runner/work/catalogo-fundos-caixa-v2/catalogo-fundos-caixa-v2/sipii_caixa_20260703.csv
[14:44:30] Excel salvo: /home/runner/work/catalogo-fundos-caixa-v2/catalogo-fundos-caixa-v2/sipii_caixa_20260703.xlsx
[14:44:30] JSON unificado salvo: /home/runner/work/catalogo-fundos-caixa-v2/catalogo-fundos-caixa-v2/data/fundos_unificado.json
[14:44:30] Histórico JSON unificado salvo: /home/runner/work/catalogo-fundos-caixa-v2/catalogo-fundos-caixa-v2/historico/json/fundos_unificado_20260703.json
[14:44:30] SUCESSO: 171 fundos consolidados e enriquecidos salvos.
[15:58:52] INICIANDO ROBÔ SIPII v11 - SIPII + ASSET JSON
[15:58:52] ETAPA 1 — Coletando URLs dinâmicas (12 páginas CAIXA)...
[15:58:54]   [CAIXA] renda-fixa → +34 links (34 total)
[15:58:55]   [CAIXA] referenciados → +4 links (38 total)
[15:58:57]   [CAIXA] fundo-simples → +2 links (40 total)
[15:58:58]   [CAIXA] curto-prazo → +1 links (41 total)
[15:59:00]   [CAIXA] multimercado → +19 links (60 total)
[15:59:02]   [CAIXA] cambiais → +1 links (61 total)
[15:59:03]   [CAIXA] fundos-de-acoes → +10 links (71 total)
[15:59:05]   [CAIXA] fundos-de-indices → +2 links (73 total)
[15:59:07]   [CAIXA] renda-fixa → +8 links (81 total)
[15:59:08]   [CAIXA] empresa → +5 links (86 total)
[15:59:10]   [CAIXA] fmp-fgts → HTTP 404
[15:59:10]   [CAIXA] rpps → +8 links (94 total)
[15:59:11] [CAIXA] Total URLs dinâmicas: 94
[15:59:11] ETAPA 2 — Coletando dados do SIPII...
[15:59:36] [PF] Abrindo SIPII...
[16:01:36] [PF] Erro geral: HTTPConnectionPool(host='localhost', port=54029): Read timed out. (read timeout=120)
[16:04:36] [PJ] Abrindo SIPII...
[16:06:36] [PJ] Erro geral: HTTPConnectionPool(host='localhost', port=58503): Read timed out. (read timeout=120)
[16:09:37] [GOV] Abrindo SIPII...
[16:11:37] [GOV] Erro geral: HTTPConnectionPool(host='localhost', port=59341): Read timed out. (read timeout=120)
[16:14:37] [RPPS] Abrindo SIPII...
[16:16:37] [RPPS] Erro geral: HTTPConnectionPool(host='localhost', port=41669): Read timed out. (read timeout=120)
[16:19:37] [TODOS] Abrindo SIPII...
[16:21:37] [TODOS] Erro geral: HTTPConnectionPool(host='localhost', port=39159): Read timed out. (read timeout=120)
[16:24:37] ATENÇÃO: Nenhum dado coletado.
[15:23:16] INICIANDO ROBÔ SIPII v11 - SIPII + ASSET JSON
[15:23:16] ETAPA 1 — Coletando URLs dinâmicas (12 páginas CAIXA)...
[15:23:18]   [CAIXA] renda-fixa → +34 links (34 total)
[15:23:19]   [CAIXA] referenciados → +4 links (38 total)
[15:23:21]   [CAIXA] fundo-simples → +2 links (40 total)
[15:23:23]   [CAIXA] curto-prazo → +1 links (41 total)
[15:23:24]   [CAIXA] multimercado → +19 links (60 total)
[15:23:26]   [CAIXA] cambiais → +1 links (61 total)
[15:23:28]   [CAIXA] fundos-de-acoes → +10 links (71 total)
[15:23:29]   [CAIXA] fundos-de-indices → +2 links (73 total)
[15:23:31]   [CAIXA] renda-fixa → +8 links (81 total)
[15:23:32]   [CAIXA] empresa → +5 links (86 total)
[15:23:33]   [CAIXA] fmp-fgts → HTTP 404
[15:23:34]   [CAIXA] rpps → +8 links (94 total)
[15:23:35] [CAIXA] Total URLs dinâmicas: 94
[15:23:35] ETAPA 2 — Coletando dados do SIPII...
[15:23:40] [PF] Abrindo SIPII...
[15:24:14]   [PF] RENDA FIXA SIMPLES: 3 fundos.
[15:24:45]   [PF] RENDA FIXA: 39 fundos.
[15:24:56]   [PF] RENDA FIXA REFERENCIADO: 10 fundos.
[15:25:00]   [PF] RENDA FIXA CURTO PRAZO: 1 fundos.
[15:25:22]   [PF] MULTIMERCADO: 30 fundos.
[15:25:26]   [PF] CAMBIAL: 1 fundos.
[15:25:54]   [PF] ACOES: 29 fundos.
[15:26:00]   [PF] FUNDO DE INDICE: 1 fundos.
[15:26:11]   [PF] FUNDOS MUTUOS DE PRIVATIZACAO: 9 fundos.
[15:26:12] [PJ] Abrindo SIPII...
[15:26:54]   [PJ] RENDA FIXA SIMPLES: 5 fundos.
[15:27:27]   [PJ] RENDA FIXA: 38 fundos.
[15:27:39]   [PJ] RENDA FIXA REFERENCIADO: 7 fundos.
[15:27:44]   [PJ] RENDA FIXA CURTO PRAZO: 2 fundos.
[15:28:23]   [PJ] MULTIMERCADO: 27 fundos.
[15:28:29]   [PJ] CAMBIAL: 1 fundos.
[15:29:16]   [PJ] ACOES: 28 fundos.
[15:29:16] [GOV] Abrindo SIPII...
[15:29:59]   [GOV] RENDA FIXA: 2 fundos.
[15:30:05]   [GOV] RENDA FIXA REFERENCIADO: 3 fundos.
[15:30:12]   [GOV] RENDA FIXA CURTO PRAZO: 3 fundos.
[15:30:27]   [GOV] MULTIMERCADO: 6 fundos.
[15:30:36]   [GOV] ACOES: 4 fundos.
[15:30:37] [RPPS] Abrindo SIPII...
[15:33:10]   [RPPS] RENDA FIXA: 19 fundos.
[15:33:30]   [RPPS] RENDA FIXA REFERENCIADO: 4 fundos.
[15:34:05]   [RPPS] MULTIMERCADO: 14 fundos.
[15:34:37]   [RPPS] ACOES: 14 fundos.
[15:34:37] [TODOS] Abrindo SIPII...
[15:35:46]   [TODOS] RENDA FIXA SIMPLES: 2 fundos.
[15:37:58]   [TODOS] Sessão perdida em 'RENDA FIXA'. Reiniciando...
[15:37:58] [TODOS] Abrindo SIPII...
[15:43:05]   [TODOS] Falha ao recuperar 'RENDA FIXA': HTTPConnectionPool(host='localhost', port=45779): Read timed out. (read timeout=120)
[15:44:05]   [TODOS] Sessão perdida em 'RENDA FIXA REFERENCIADO'. Reiniciando...
[15:44:05] [TODOS] Abrindo SIPII...
[15:46:05]   [TODOS] Falha ao recuperar 'RENDA FIXA REFERENCIADO': HTTPConnectionPool(host='localhost', port=49827): Read timed out. (read timeout=120)
[15:48:05]   [TODOS] Erro em 'RENDA FIXA CURTO PRAZO': HTTPConnectionPool(host='localhost', port=49827): Read timed out. (read timeout=120)
[15:49:05]   [TODOS] Sessão perdida em 'MULTIMERCADO'. Reiniciando...
[15:49:06] [TODOS] Abrindo SIPII...
[15:51:06]   [TODOS] Falha ao recuperar 'MULTIMERCADO': HTTPConnectionPool(host='localhost', port=47121): Read timed out. (read timeout=120)
[15:53:06]   [TODOS] Erro em 'CAMBIAL': HTTPConnectionPool(host='localhost', port=47121): Read timed out. (read timeout=120)
[15:54:06]   [TODOS] Sessão perdida em 'ACOES'. Reiniciando...
[15:54:06] [TODOS] Abrindo SIPII...
[15:56:06]   [TODOS] Falha ao recuperar 'ACOES': HTTPConnectionPool(host='localhost', port=38939): Read timed out. (read timeout=120)
[15:58:06]   [TODOS] Erro em 'FUNDO DE INDICE': HTTPConnectionPool(host='localhost', port=38939): Read timed out. (read timeout=120)
[15:59:06] ETAPA 3 — Associando URLs (estáticas + dinâmicas)...
[15:59:06]   Dicionário estático : 116 entradas
[15:59:06]   URLs encontradas    : 156/181
[15:59:06]   Sem URL             : 25/181
[15:59:06]   Fundos SEM URL:
[15:59:06]     - CAIXA FIC FIF EXCLUSIVO FUNC RF CREDITO PRIVADO LP RESP LTDA
[15:59:06]     - CAIXA EXPERT VOX DESENV SUSTENTAVEL IS RF CRED PRIV LP - RESP LTDA (1) (2)
[15:59:06]     - CAIXA EXPERT ABSOLUTE CRETA FIC FIF RF CRED PRIV LP - RESP LTDA (1)
[15:59:06]     - CAIXA EXPERT VINLAND DEB IN INFRA RF CRED PRIV LP RESP LTDA (1) (2) (3)
[15:59:06]     - CAIXA SIGMA FUNCIONARIOS FIC FIF RF REF DI LP - RESP LTDA (2) (3)
[15:59:06]     - CAIXA CARTEIRA QUANT DUO FIC FIF MM LP RESP LTDA (1) (2) (3)
[15:59:06]     - CAIXA CARTEIRA QUANT QUALI FIC FIF MM LP RESP LTDA (1) (2) (3)
[15:59:06]     - CAIXA CARTEIRA QUANT UNO FIC FIF MM LP RESP LTDA (1) (2) (3)
[15:59:06]     - CAIXA FIC FIF FUNCIONARIOS ESTRATEGIA LIVRE MULTIMERCADO LP RESP LTDA (1)
[15:59:06]     - CAIXA HASHDEX NASDAQ CRYPTO INDEX FIC FIF MM RESP LTDA (1) (2)
[15:59:06]     - CAIXA FIC FIM CAPITAL PROTEGIDO CICLICO II LP - RL (1)
[15:59:06]     - CAIXA ATENA FIC FIF AÇÕES FUNCIONÁRIOS LIVRE QUANT RESP LTDA
[15:59:06]     - CAIXA ATENA FIC FIF AÇÕES LIVRE QUANT RESP LTDA
[15:59:06]     - CAIXA FMP-FGTS ELETROBRAS MIGRACAO
[15:59:06]     - CAIXA FMP-FGTS ELETROBRAS RESP LTDA
[15:59:06]     - CAIXA FMP-FGTS PETROBRÁS IV RESP LTDA
[15:59:06]     - CAIXA FMP-FGTS VALE RIO DOCE II RESP LTDA
[15:59:06]     - CAIXA FMP-FGTS CL ABSOLUTO RESP LTDA
[15:59:06]     - CAIXA FMP-FGTS VALE RIO DOCE MIGRAÇÃO RESP LTDA
[15:59:06]     - CAIXA FMP-FGTS PETROBRÁS II RESP LTDA
[15:59:06]     - CAIXA FMP-FGTS VALE RIO DOCE I RESP LTDA
[15:59:06]     - CAIXA FMP-FGTS PETROBRÁS III RESP LTDA
[15:59:06]     - CAIXA FIC FIM CAPITAL PROTEGIDO CICLICO II LP - RL
[15:59:06]     - CAIXA EXPERT ABSOLUTE CRETA FIC FIF RF CRED PRIV LP - RESP LTDA
[15:59:06]     - CAIXA ATENA FIC FIF AÇÕES BRASIL LIVRE QUANT RESP LTDA
[15:59:06] ETAPA 4 — Baixando JSON da CAIXA Asset...
[15:59:08]   JSON Asset salvo: /home/runner/work/catalogo-fundos-caixa-v2/catalogo-fundos-caixa-v2/data/fundos_asset.json
[15:59:08]   Histórico JSON salvo: /home/runner/work/catalogo-fundos-caixa-v2/catalogo-fundos-caixa-v2/historico/json/fundos_asset_20260707.json
[15:59:08]   Fundos no JSON Asset: 195
[15:59:08]   Asset matches encontrados: 178/181
[15:59:08]   Asset sem match: 3/181
[15:59:09] CSV salvo: /home/runner/work/catalogo-fundos-caixa-v2/catalogo-fundos-caixa-v2/dados_atuais.csv
[15:59:09] Histórico CSV salvo: /home/runner/work/catalogo-fundos-caixa-v2/catalogo-fundos-caixa-v2/sipii_caixa_20260707.csv
[15:59:09] Excel salvo: /home/runner/work/catalogo-fundos-caixa-v2/catalogo-fundos-caixa-v2/sipii_caixa_20260707.xlsx
[15:59:09] JSON unificado salvo: /home/runner/work/catalogo-fundos-caixa-v2/catalogo-fundos-caixa-v2/data/fundos_unificado.json
[15:59:09] Histórico JSON unificado salvo: /home/runner/work/catalogo-fundos-caixa-v2/catalogo-fundos-caixa-v2/historico/json/fundos_unificado_20260707.json
[15:59:09] SUCESSO: 181 fundos consolidados e enriquecidos salvos.
[14:53:58] INICIANDO ROBÔ SIPII v11 - SIPII + ASSET JSON
[14:53:58] ETAPA 1 — Coletando URLs dinâmicas (12 páginas CAIXA)...
[14:54:01]   [CAIXA] renda-fixa → +34 links (34 total)
[14:54:02]   [CAIXA] referenciados → +4 links (38 total)
[14:54:04]   [CAIXA] fundo-simples → +2 links (40 total)
[14:54:05]   [CAIXA] curto-prazo → +1 links (41 total)
[14:54:07]   [CAIXA] multimercado → +19 links (60 total)
[14:54:09]   [CAIXA] cambiais → +1 links (61 total)
[14:54:11]   [CAIXA] fundos-de-acoes → +10 links (71 total)
[14:54:12]   [CAIXA] fundos-de-indices → +2 links (73 total)
[14:54:14]   [CAIXA] renda-fixa → +8 links (81 total)
[14:54:15]   [CAIXA] empresa → +5 links (86 total)
[14:54:17]   [CAIXA] fmp-fgts → HTTP 404
[14:54:17]   [CAIXA] rpps → +8 links (94 total)
[14:54:18] [CAIXA] Total URLs dinâmicas: 94
[14:54:18] ETAPA 2 — Coletando dados do SIPII...
[14:54:19] [PF] Abrindo SIPII...
[14:55:23]   [PF] RENDA FIXA SIMPLES: 3 fundos.
[14:56:22]   [PF] RENDA FIXA: 39 fundos.
[14:56:40]   [PF] RENDA FIXA REFERENCIADO: 10 fundos.
[14:56:46]   [PF] RENDA FIXA CURTO PRAZO: 1 fundos.
[14:57:30]   [PF] MULTIMERCADO: 30 fundos.
[14:57:37]   [PF] CAMBIAL: 1 fundos.
[14:58:25]   [PF] ACOES: 29 fundos.
[14:58:33]   [PF] FUNDO DE INDICE: 1 fundos.
[14:58:54]   [PF] FUNDOS MUTUOS DE PRIVATIZACAO: 9 fundos.
[14:58:54] [PJ] Abrindo SIPII...
[14:59:59]   [PJ] RENDA FIXA SIMPLES: 5 fundos.
[15:01:08]   [PJ] RENDA FIXA: 38 fundos.
[15:01:27]   [PJ] RENDA FIXA REFERENCIADO: 7 fundos.
[15:01:41]   [PJ] RENDA FIXA CURTO PRAZO: 2 fundos.
[15:02:45]   [PJ] MULTIMERCADO: 27 fundos.
[15:06:46]   [PJ] Erro em 'CAMBIAL': HTTPConnectionPool(host='localhost', port=58987): Read timed out. (read timeout=120)
[15:07:46]   [PJ] Sessão perdida em 'ACOES'. Reiniciando...
[15:07:46] [PJ] Abrindo SIPII...
[15:09:47]   [PJ] Falha ao recuperar 'ACOES': HTTPConnectionPool(host='localhost', port=53131): Read timed out. (read timeout=120)
[15:12:47] [GOV] Abrindo SIPII...
[15:14:47] [GOV] Erro geral: HTTPConnectionPool(host='localhost', port=56553): Read timed out. (read timeout=120)
[15:17:47] [RPPS] Abrindo SIPII...
[15:19:47] [RPPS] Erro geral: HTTPConnectionPool(host='localhost', port=41691): Read timed out. (read timeout=120)
[15:22:48] [TODOS] Abrindo SIPII...
[15:24:48] [TODOS] Erro geral: HTTPConnectionPool(host='localhost', port=60201): Read timed out. (read timeout=120)
[15:27:48] ETAPA 3 — Associando URLs (estáticas + dinâmicas)...
[15:27:48]   Dicionário estático : 116 entradas
[15:27:48]   URLs encontradas    : 118/140
[15:27:48]   Sem URL             : 22/140
[15:27:48]   Fundos SEM URL:
[15:27:48]     - CAIXA FIC FIF EXCLUSIVO FUNC RF CREDITO PRIVADO LP RESP LTDA
[15:27:48]     - CAIXA EXPERT VOX DESENV SUSTENTAVEL IS RF CRED PRIV LP - RESP LTDA (2)
[15:27:48]     - CAIXA EXPERT ABSOLUTE CRETA FIC FIF RF CRED PRIV LP - RESP LTDA
[15:27:48]     - CAIXA EXPERT VINLAND DEB IN INFRA RF CRED PRIV LP RESP LTDA (2) (3)
[15:27:48]     - CAIXA SIGMA FUNCIONARIOS FIC FIF RF REF DI LP - RESP LTDA (2) (3)
[15:27:48]     - CAIXA CARTEIRA QUANT DUO FIC FIF MM LP RESP LTDA (2) (3)
[15:27:48]     - CAIXA CARTEIRA QUANT QUALI FIC FIF MM LP RESP LTDA (2) (3)
[15:27:48]     - CAIXA CARTEIRA QUANT UNO FIC FIF MM LP RESP LTDA (2) (3)
[15:27:48]     - CAIXA FIC FIF FUNCIONARIOS ESTRATEGIA LIVRE MULTIMERCADO LP RESP LTDA
[15:27:48]     - CAIXA HASHDEX NASDAQ CRYPTO INDEX FIC FIF MM RESP LTDA (2)
[15:27:48]     - CAIXA FIC FIM CAPITAL PROTEGIDO CICLICO II LP - RL
[15:27:48]     - CAIXA ATENA FIC FIF AÇÕES FUNCIONÁRIOS LIVRE QUANT RESP LTDA
[15:27:48]     - CAIXA ATENA FIC FIF AÇÕES LIVRE QUANT RESP LTDA
[15:27:48]     - CAIXA FMP-FGTS ELETROBRAS MIGRACAO
[15:27:48]     - CAIXA FMP-FGTS ELETROBRAS RESP LTDA
[15:27:48]     - CAIXA FMP-FGTS PETROBRÁS IV RESP LTDA
[15:27:48]     - CAIXA FMP-FGTS VALE RIO DOCE II RESP LTDA
[15:27:48]     - CAIXA FMP-FGTS CL ABSOLUTO RESP LTDA
[15:27:48]     - CAIXA FMP-FGTS VALE RIO DOCE MIGRAÇÃO RESP LTDA
[15:27:48]     - CAIXA FMP-FGTS PETROBRÁS II RESP LTDA
[15:27:48]     - CAIXA FMP-FGTS VALE RIO DOCE I RESP LTDA
[15:27:48]     - CAIXA FMP-FGTS PETROBRÁS III RESP LTDA
[15:27:48] ETAPA 4 — Baixando JSON da CAIXA Asset...
[15:27:50]   JSON Asset salvo: /home/runner/work/catalogo-fundos-caixa-v2/catalogo-fundos-caixa-v2/data/fundos_asset.json
[15:27:50]   Histórico JSON salvo: /home/runner/work/catalogo-fundos-caixa-v2/catalogo-fundos-caixa-v2/historico/json/fundos_asset_20260708.json
[15:27:50]   Fundos no JSON Asset: 195
[15:27:50]   Asset matches encontrados: 138/140
[15:27:50]   Asset sem match: 2/140
[15:27:50] CSV salvo: /home/runner/work/catalogo-fundos-caixa-v2/catalogo-fundos-caixa-v2/dados_atuais.csv
[15:27:50] Histórico CSV salvo: /home/runner/work/catalogo-fundos-caixa-v2/catalogo-fundos-caixa-v2/sipii_caixa_20260708.csv
[15:27:51] Excel salvo: /home/runner/work/catalogo-fundos-caixa-v2/catalogo-fundos-caixa-v2/sipii_caixa_20260708.xlsx
[15:27:51] JSON unificado salvo: /home/runner/work/catalogo-fundos-caixa-v2/catalogo-fundos-caixa-v2/data/fundos_unificado.json
[15:27:51] Histórico JSON unificado salvo: /home/runner/work/catalogo-fundos-caixa-v2/catalogo-fundos-caixa-v2/historico/json/fundos_unificado_20260708.json
[15:27:51] SUCESSO: 140 fundos consolidados e enriquecidos salvos.
[15:40:20] INICIANDO ROBÔ SIPII v11 - SIPII + ASSET JSON
[15:40:20] ETAPA 1 — Coletando URLs dinâmicas (12 páginas CAIXA)...
[15:40:24]   [CAIXA] renda-fixa → +34 links (34 total)
[15:40:26]   [CAIXA] referenciados → +4 links (38 total)
[15:40:27]   [CAIXA] fundo-simples → +2 links (40 total)
[15:40:29]   [CAIXA] curto-prazo → +1 links (41 total)
[15:40:30]   [CAIXA] multimercado → +19 links (60 total)
[15:40:32]   [CAIXA] cambiais → +1 links (61 total)
[15:40:34]   [CAIXA] fundos-de-acoes → +10 links (71 total)
[15:40:35]   [CAIXA] fundos-de-indices → +2 links (73 total)
[15:40:37]   [CAIXA] renda-fixa → +8 links (81 total)
[15:40:39]   [CAIXA] empresa → +5 links (86 total)
[15:40:40]   [CAIXA] fmp-fgts → HTTP 404
[15:40:41]   [CAIXA] rpps → +8 links (94 total)
[15:40:42] [CAIXA] Total URLs dinâmicas: 94
[15:40:42] ETAPA 2 — Coletando dados do SIPII...
[15:40:55] [PF] Abrindo SIPII...
[15:41:18]   [PF] RENDA FIXA SIMPLES: 3 fundos.
[15:41:34]   [PF] RENDA FIXA: 39 fundos.
[15:41:40]   [PF] RENDA FIXA REFERENCIADO: 10 fundos.
[15:41:44]   [PF] RENDA FIXA CURTO PRAZO: 1 fundos.
[15:41:57]   [PF] MULTIMERCADO: 30 fundos.
[15:42:01]   [PF] CAMBIAL: 1 fundos.
[15:42:13]   [PF] ACOES: 29 fundos.
[15:42:17]   [PF] FUNDO DE INDICE: 1 fundos.
[15:42:23]   [PF] FUNDOS MUTUOS DE PRIVATIZACAO: 9 fundos.
[15:42:23] [PJ] Abrindo SIPII...
[15:42:44]   [PJ] RENDA FIXA SIMPLES: 5 fundos.
[15:42:59]   [PJ] RENDA FIXA: 38 fundos.
[15:43:05]   [PJ] RENDA FIXA REFERENCIADO: 7 fundos.
[15:43:09]   [PJ] RENDA FIXA CURTO PRAZO: 2 fundos.
[15:43:21]   [PJ] MULTIMERCADO: 27 fundos.
[15:43:25]   [PJ] CAMBIAL: 1 fundos.
[15:43:37]   [PJ] ACOES: 28 fundos.
[15:43:38] [GOV] Abrindo SIPII...
[15:43:56]   [GOV] RENDA FIXA: 2 fundos.
[15:44:00]   [GOV] RENDA FIXA REFERENCIADO: 3 fundos.
[15:44:04]   [GOV] RENDA FIXA CURTO PRAZO: 3 fundos.
[15:44:07]   [GOV] MULTIMERCADO: 6 fundos.
[15:44:11]   [GOV] ACOES: 4 fundos.
[15:44:11] [RPPS] Abrindo SIPII...
[15:44:43]   [RPPS] RENDA FIXA: 19 fundos.
[15:44:47]   [RPPS] RENDA FIXA REFERENCIADO: 4 fundos.
[15:44:55]   [RPPS] MULTIMERCADO: 14 fundos.
[15:45:03]   [RPPS] ACOES: 14 fundos.
[15:45:03] [TODOS] Abrindo SIPII...
[15:45:23]   [TODOS] RENDA FIXA SIMPLES: 2 fundos.
[15:45:39]   [TODOS] RENDA FIXA: 42 fundos.
[15:45:45]   [TODOS] RENDA FIXA REFERENCIADO: 8 fundos.
[15:45:49]   [TODOS] RENDA FIXA CURTO PRAZO: 3 fundos.
[15:45:57]   [TODOS] MULTIMERCADO: 14 fundos.
[15:46:00]   [TODOS] CAMBIAL: 1 fundos.
[15:46:12]   [TODOS] ACOES: 25 fundos.
[15:46:15]   [TODOS] FUNDO DE INDICE: 1 fundos.
[15:46:15] ETAPA 3 — Associando URLs (estáticas + dinâmicas)...
[15:46:15]   Dicionário estático : 116 entradas
[15:46:15]   URLs encontradas    : 148/171
[15:46:15]   Sem URL             : 23/171
[15:46:15]   Fundos SEM URL:
[15:46:15]     - CAIXA FIC FIF EXCLUSIVO FUNC RF CREDITO PRIVADO LP RESP LTDA
[15:46:15]     - CAIXA EXPERT VOX DESENV SUSTENTAVEL IS RF CRED PRIV LP - RESP LTDA (2)
[15:46:15]     - CAIXA EXPERT ABSOLUTE CRETA FIC FIF RF CRED PRIV LP - RESP LTDA
[15:46:15]     - CAIXA EXPERT VINLAND DEB IN INFRA RF CRED PRIV LP RESP LTDA (2) (3)
[15:46:15]     - CAIXA SIGMA FUNCIONARIOS FIC FIF RF REF DI LP - RESP LTDA (2) (3)
[15:46:15]     - CAIXA CARTEIRA QUANT DUO FIC FIF MM LP RESP LTDA (2) (3)
[15:46:15]     - CAIXA CARTEIRA QUANT QUALI FIC FIF MM LP RESP LTDA (2) (3)
[15:46:15]     - CAIXA CARTEIRA QUANT UNO FIC FIF MM LP RESP LTDA (2) (3)
[15:46:15]     - CAIXA FIC FIF FUNCIONARIOS ESTRATEGIA LIVRE MULTIMERCADO LP RESP LTDA
[15:46:15]     - CAIXA HASHDEX NASDAQ CRYPTO INDEX FIC FIF MM RESP LTDA (2)
[15:46:15]     - CAIXA FIC FIM CAPITAL PROTEGIDO CICLICO II LP - RL
[15:46:15]     - CAIXA ATENA FIC FIF AÇÕES FUNCIONÁRIOS LIVRE QUANT RESP LTDA
[15:46:15]     - CAIXA ATENA FIC FIF AÇÕES LIVRE QUANT RESP LTDA
[15:46:15]     - CAIXA FMP-FGTS ELETROBRAS MIGRACAO
[15:46:15]     - CAIXA FMP-FGTS ELETROBRAS RESP LTDA
[15:46:15]     - CAIXA FMP-FGTS PETROBRÁS IV RESP LTDA
[15:46:15]     - CAIXA FMP-FGTS VALE RIO DOCE II RESP LTDA
[15:46:15]     - CAIXA FMP-FGTS CL ABSOLUTO RESP LTDA
[15:46:15]     - CAIXA FMP-FGTS VALE RIO DOCE MIGRAÇÃO RESP LTDA
[15:46:15]     - CAIXA FMP-FGTS PETROBRÁS II RESP LTDA
[15:46:15]     - CAIXA FMP-FGTS VALE RIO DOCE I RESP LTDA
[15:46:15]     - CAIXA FMP-FGTS PETROBRÁS III RESP LTDA
[15:46:15]     - CAIXA ATENA FIC FIF AÇÕES BRASIL LIVRE QUANT RESP LTDA
[15:46:15] ETAPA 4 — Baixando JSON da CAIXA Asset...
[15:46:17]   JSON Asset salvo: /home/runner/work/catalogo-fundos-caixa-v2/catalogo-fundos-caixa-v2/data/fundos_asset.json
[15:46:17]   Histórico JSON salvo: /home/runner/work/catalogo-fundos-caixa-v2/catalogo-fundos-caixa-v2/historico/json/fundos_asset_20260709.json
[15:46:17]   Fundos no JSON Asset: 195
[15:46:17]   Asset matches encontrados: 168/171
[15:46:17]   Asset sem match: 3/171
[15:46:17] CSV salvo: /home/runner/work/catalogo-fundos-caixa-v2/catalogo-fundos-caixa-v2/dados_atuais.csv
[15:46:17] Histórico CSV salvo: /home/runner/work/catalogo-fundos-caixa-v2/catalogo-fundos-caixa-v2/sipii_caixa_20260709.csv
[15:46:18] Excel salvo: /home/runner/work/catalogo-fundos-caixa-v2/catalogo-fundos-caixa-v2/sipii_caixa_20260709.xlsx
[15:46:18] JSON unificado salvo: /home/runner/work/catalogo-fundos-caixa-v2/catalogo-fundos-caixa-v2/data/fundos_unificado.json
[15:46:18] Histórico JSON unificado salvo: /home/runner/work/catalogo-fundos-caixa-v2/catalogo-fundos-caixa-v2/historico/json/fundos_unificado_20260709.json
[15:46:18] SUCESSO: 171 fundos consolidados e enriquecidos salvos.
[15:09:59] INICIANDO ROBÔ SIPII v11 - SIPII + ASSET JSON
[15:09:59] ETAPA 1 — Coletando URLs dinâmicas (12 páginas CAIXA)...
[15:10:02]   [CAIXA] renda-fixa → +34 links (34 total)
[15:10:03]   [CAIXA] referenciados → +4 links (38 total)
[15:10:05]   [CAIXA] fundo-simples → +2 links (40 total)
[15:10:06]   [CAIXA] curto-prazo → +1 links (41 total)
[15:10:07]   [CAIXA] multimercado → +19 links (60 total)
[15:10:09]   [CAIXA] cambiais → +1 links (61 total)
[15:10:11]   [CAIXA] fundos-de-acoes → +10 links (71 total)
[15:10:12]   [CAIXA] fundos-de-indices → +2 links (73 total)
[15:10:14]   [CAIXA] renda-fixa → +8 links (81 total)
[15:10:15]   [CAIXA] empresa → +5 links (86 total)
[15:10:16]   [CAIXA] fmp-fgts → HTTP 404
[15:10:17]   [CAIXA] rpps → +8 links (94 total)
[15:10:18] [CAIXA] Total URLs dinâmicas: 94
[15:10:18] ETAPA 2 — Coletando dados do SIPII...
[15:10:27] [PF] Abrindo SIPII...
[15:12:27] [PF] Erro geral: HTTPConnectionPool(host='localhost', port=59757): Read timed out. (read timeout=120)
[15:12:37] [PJ] Abrindo SIPII...
[15:14:37] [PJ] Erro geral: HTTPConnectionPool(host='localhost', port=33889): Read timed out. (read timeout=120)
[15:14:50] [GOV] Abrindo SIPII...
[15:16:50] [GOV] Erro geral: HTTPConnectionPool(host='localhost', port=38803): Read timed out. (read timeout=120)
[15:17:01] [RPPS] Abrindo SIPII...
[15:19:01] [RPPS] Erro geral: HTTPConnectionPool(host='localhost', port=44899): Read timed out. (read timeout=120)
[15:19:12] [TODOS] Abrindo SIPII...
[15:21:12] [TODOS] Erro geral: HTTPConnectionPool(host='localhost', port=36341): Read timed out. (read timeout=120)
[15:21:23] ATENÇÃO: Nenhum dado coletado.
[15:19:42] INICIANDO ROBÔ SIPII v11 - SIPII + ASSET JSON
[15:19:42] ETAPA 1 — Coletando URLs dinâmicas (12 páginas CAIXA)...
[15:19:44]   [CAIXA] renda-fixa → +34 links (34 total)
[15:19:46]   [CAIXA] referenciados → +4 links (38 total)
[15:19:47]   [CAIXA] fundo-simples → +2 links (40 total)
[15:19:49]   [CAIXA] curto-prazo → +1 links (41 total)
[15:19:50]   [CAIXA] multimercado → +19 links (60 total)
[15:19:52]   [CAIXA] cambiais → +1 links (61 total)
[15:19:54]   [CAIXA] fundos-de-acoes → +10 links (71 total)
[15:19:55]   [CAIXA] fundos-de-indices → +2 links (73 total)
[15:19:57]   [CAIXA] renda-fixa → +8 links (81 total)
[15:19:58]   [CAIXA] empresa → +5 links (86 total)
[15:19:59]   [CAIXA] fmp-fgts → HTTP 404
[15:20:00]   [CAIXA] rpps → +8 links (94 total)
[15:20:01] [CAIXA] Total URLs dinâmicas: 94
[15:20:01] ETAPA 2 — Coletando dados do SIPII...
[15:20:06] [PF] Abrindo SIPII...
[15:20:25]   [PF] RENDA FIXA SIMPLES: 3 fundos.
[15:20:39]   [PF] RENDA FIXA: 39 fundos.
[15:20:45]   [PF] RENDA FIXA REFERENCIADO: 10 fundos.
[15:20:48]   [PF] RENDA FIXA CURTO PRAZO: 1 fundos.
[15:21:00]   [PF] MULTIMERCADO: 30 fundos.
[15:21:04]   [PF] CAMBIAL: 1 fundos.
[15:21:15]   [PF] ACOES: 29 fundos.
[15:21:18]   [PF] FUNDO DE INDICE: 1 fundos.
[15:21:24]   [PF] FUNDOS MUTUOS DE PRIVATIZACAO: 9 fundos.
[15:21:24] [PJ] Abrindo SIPII...
[15:21:44]   [PJ] RENDA FIXA SIMPLES: 5 fundos.
[15:21:57]   [PJ] RENDA FIXA: 38 fundos.
[15:22:02]   [PJ] RENDA FIXA REFERENCIADO: 7 fundos.
[15:22:05]   [PJ] RENDA FIXA CURTO PRAZO: 2 fundos.
[15:22:16]   [PJ] MULTIMERCADO: 27 fundos.
[15:22:19]   [PJ] CAMBIAL: 1 fundos.
[15:22:30]   [PJ] ACOES: 28 fundos.
[15:22:30] [GOV] Abrindo SIPII...
[15:22:49]   [GOV] RENDA FIXA: 2 fundos.
[15:22:52]   [GOV] RENDA FIXA REFERENCIADO: 3 fundos.
[15:22:56]   [GOV] RENDA FIXA CURTO PRAZO: 3 fundos.
[15:23:00]   [GOV] MULTIMERCADO: 6 fundos.
[15:23:04]   [GOV] ACOES: 4 fundos.
[15:23:04] [RPPS] Abrindo SIPII...
[15:23:36]   [RPPS] RENDA FIXA: 19 fundos.
[15:23:40]   [RPPS] RENDA FIXA REFERENCIADO: 4 fundos.
[15:23:46]   [RPPS] MULTIMERCADO: 14 fundos.
[15:23:52]   [RPPS] ACOES: 14 fundos.
[15:23:53] [TODOS] Abrindo SIPII...
[15:24:11]   [TODOS] RENDA FIXA SIMPLES: 2 fundos.
[15:24:26]   [TODOS] RENDA FIXA: 42 fundos.
[15:24:31]   [TODOS] RENDA FIXA REFERENCIADO: 8 fundos.
[15:24:35]   [TODOS] RENDA FIXA CURTO PRAZO: 3 fundos.
[15:24:41]   [TODOS] MULTIMERCADO: 14 fundos.
[15:24:44]   [TODOS] CAMBIAL: 1 fundos.
[15:24:54]   [TODOS] ACOES: 25 fundos.
[15:24:58]   [TODOS] FUNDO DE INDICE: 1 fundos.
[15:24:58] ETAPA 3 — Associando URLs (estáticas + dinâmicas)...
[15:24:58]   Dicionário estático : 116 entradas
[15:24:58]   URLs encontradas    : 148/171
[15:24:58]   Sem URL             : 23/171
[15:24:58]   Fundos SEM URL:
[15:24:58]     - CAIXA FIC FIF EXCLUSIVO FUNC RF CREDITO PRIVADO LP RESP LTDA
[15:24:58]     - CAIXA EXPERT VOX DESENV SUSTENTAVEL IS RF CRED PRIV LP - RESP LTDA (1) (2)
[15:24:58]     - CAIXA EXPERT VINLAND DEB IN INFRA RF CRED PRIV LP RESP LTDA (1) (2) (3)
[15:24:58]     - CAIXA EXPERT ABSOLUTE CRETA FIC FIF RF CRED PRIV LP - RESP LTDA (1)
[15:24:58]     - CAIXA SIGMA FUNCIONARIOS FIC FIF RF REF DI LP - RESP LTDA (2) (3)
[15:24:58]     - CAIXA CARTEIRA QUANT DUO FIC FIF MM LP RESP LTDA (1) (2) (3)
[15:24:58]     - CAIXA CARTEIRA QUANT QUALI FIC FIF MM LP RESP LTDA (1) (2) (3)
[15:24:58]     - CAIXA CARTEIRA QUANT UNO FIC FIF MM LP RESP LTDA (1) (2) (3)
[15:24:58]     - CAIXA FIC FIF FUNCIONARIOS ESTRATEGIA LIVRE MULTIMERCADO LP RESP LTDA (1)
[15:24:58]     - CAIXA HASHDEX NASDAQ CRYPTO INDEX FIC FIF MM RESP LTDA (1) (2)
[15:24:58]     - CAIXA FIC FIM CAPITAL PROTEGIDO CICLICO II LP - RL (1)
[15:24:58]     - CAIXA ATENA FIC FIF AÇÕES FUNCIONÁRIOS LIVRE QUANT RESP LTDA
[15:24:58]     - CAIXA ATENA FIC FIF AÇÕES LIVRE QUANT RESP LTDA
[15:24:58]     - CAIXA FMP-FGTS ELETROBRAS MIGRACAO
[15:24:58]     - CAIXA FMP-FGTS ELETROBRAS RESP LTDA
[15:24:58]     - CAIXA FMP-FGTS PETROBRÁS IV RESP LTDA
[15:24:58]     - CAIXA FMP-FGTS VALE RIO DOCE II RESP LTDA
[15:24:58]     - CAIXA FMP-FGTS CL ABSOLUTO RESP LTDA
[15:24:58]     - CAIXA FMP-FGTS VALE RIO DOCE MIGRAÇÃO RESP LTDA
[15:24:58]     - CAIXA FMP-FGTS PETROBRÁS II RESP LTDA
[15:24:58]     - CAIXA FMP-FGTS VALE RIO DOCE I RESP LTDA
[15:24:58]     - CAIXA FMP-FGTS PETROBRÁS III RESP LTDA
[15:24:58]     - CAIXA ATENA FIC FIF AÇÕES BRASIL LIVRE QUANT RESP LTDA
[15:24:58] ETAPA 4 — Baixando JSON da CAIXA Asset...
[15:25:00]   JSON Asset salvo: /home/runner/work/catalogo-fundos-caixa-v2/catalogo-fundos-caixa-v2/data/fundos_asset.json
[15:25:00]   Histórico JSON salvo: /home/runner/work/catalogo-fundos-caixa-v2/catalogo-fundos-caixa-v2/historico/json/fundos_asset_20260713.json
[15:25:00]   Fundos no JSON Asset: 195
[15:25:00]   Asset matches encontrados: 168/171
[15:25:00]   Asset sem match: 3/171
[15:25:00] CSV salvo: /home/runner/work/catalogo-fundos-caixa-v2/catalogo-fundos-caixa-v2/dados_atuais.csv
[15:25:00] Histórico CSV salvo: /home/runner/work/catalogo-fundos-caixa-v2/catalogo-fundos-caixa-v2/sipii_caixa_20260713.csv
[15:25:01] Excel salvo: /home/runner/work/catalogo-fundos-caixa-v2/catalogo-fundos-caixa-v2/sipii_caixa_20260713.xlsx
[15:25:01] JSON unificado salvo: /home/runner/work/catalogo-fundos-caixa-v2/catalogo-fundos-caixa-v2/data/fundos_unificado.json
[15:25:01] Histórico JSON unificado salvo: /home/runner/work/catalogo-fundos-caixa-v2/catalogo-fundos-caixa-v2/historico/json/fundos_unificado_20260713.json
[15:25:01] SUCESSO: 171 fundos consolidados e enriquecidos salvos.
[14:22:07] INICIANDO ROBÔ SIPII v11 - SIPII + ASSET JSON
[14:22:07] ETAPA 1 — Coletando URLs dinâmicas (12 páginas CAIXA)...
[14:22:11]   [CAIXA] renda-fixa → +34 links (34 total)
[14:22:13]   [CAIXA] referenciados → +4 links (38 total)
[14:22:15]   [CAIXA] fundo-simples → +2 links (40 total)
[14:22:17]   [CAIXA] curto-prazo → +1 links (41 total)
[14:22:18]   [CAIXA] multimercado → +19 links (60 total)
[14:22:21]   [CAIXA] cambiais → +1 links (61 total)
[14:22:22]   [CAIXA] fundos-de-acoes → +10 links (71 total)
[14:22:24]   [CAIXA] fundos-de-indices → +2 links (73 total)
[14:22:25]   [CAIXA] renda-fixa → +8 links (81 total)
[14:22:27]   [CAIXA] empresa → +5 links (86 total)
[14:22:28]   [CAIXA] fmp-fgts → HTTP 404
[14:22:29]   [CAIXA] rpps → +8 links (94 total)
[14:22:30] [CAIXA] Total URLs dinâmicas: 94
[14:22:30] ETAPA 2 — Coletando dados do SIPII...
[14:22:37] [PF] Abrindo SIPII...
[14:24:37] [PF] Erro geral: HTTPConnectionPool(host='localhost', port=54197): Read timed out. (read timeout=120)
[14:24:50] [PJ] Abrindo SIPII...
[14:26:50] [PJ] Erro geral: HTTPConnectionPool(host='localhost', port=45975): Read timed out. (read timeout=120)
[14:27:01] [GOV] Abrindo SIPII...
[14:29:01] [GOV] Erro geral: HTTPConnectionPool(host='localhost', port=53245): Read timed out. (read timeout=120)
[14:29:14] [RPPS] Abrindo SIPII...
[14:31:14] [RPPS] Erro geral: HTTPConnectionPool(host='localhost', port=57577): Read timed out. (read timeout=120)
[14:34:14] [TODOS] Abrindo SIPII...
[14:36:14] [TODOS] Erro geral: HTTPConnectionPool(host='localhost', port=40387): Read timed out. (read timeout=120)
[14:36:24] ATENÇÃO: Nenhum dado coletado.
[14:18:28] INICIANDO ROBÔ SIPII v11 - SIPII + ASSET JSON
[14:18:28] ETAPA 1 — Coletando URLs dinâmicas (12 páginas CAIXA)...
[14:18:32]   [CAIXA] renda-fixa → +34 links (34 total)
[14:18:33]   [CAIXA] referenciados → +4 links (38 total)
[14:18:37]   [CAIXA] fundo-simples → +2 links (40 total)
[14:18:39]   [CAIXA] curto-prazo → +1 links (41 total)
[14:18:42]   [CAIXA] multimercado → +19 links (60 total)
[14:18:44]   [CAIXA] cambiais → +1 links (61 total)
[14:18:46]   [CAIXA] fundos-de-acoes → +10 links (71 total)
[14:18:49]   [CAIXA] fundos-de-indices → +2 links (73 total)
[14:18:50]   [CAIXA] renda-fixa → +8 links (81 total)
[14:18:52]   [CAIXA] empresa → +5 links (86 total)
[14:18:53]   [CAIXA] fmp-fgts → HTTP 404
[14:18:54]   [CAIXA] rpps → +8 links (94 total)
[14:18:55] [CAIXA] Total URLs dinâmicas: 94
[14:18:55] ETAPA 2 — Coletando dados do SIPII...
[14:19:04] [PF] Abrindo SIPII...
[14:21:04] [PF] Erro geral: HTTPConnectionPool(host='localhost', port=46653): Read timed out. (read timeout=120)
[14:23:14] [PJ] Abrindo SIPII...
[14:23:39]   [PJ] RENDA FIXA SIMPLES: 5 fundos.
[14:23:55]   [PJ] RENDA FIXA: 38 fundos.
[14:24:00]   [PJ] RENDA FIXA REFERENCIADO: 7 fundos.
[14:24:04]   [PJ] RENDA FIXA CURTO PRAZO: 2 fundos.
[14:24:17]   [PJ] MULTIMERCADO: 27 fundos.
[14:24:20]   [PJ] CAMBIAL: 1 fundos.
[14:24:34]   [PJ] ACOES: 28 fundos.
[14:24:34] [GOV] Abrindo SIPII...
[14:24:57]   [GOV] RENDA FIXA: 2 fundos.
[14:25:01]   [GOV] RENDA FIXA REFERENCIADO: 3 fundos.
[14:25:05]   [GOV] RENDA FIXA CURTO PRAZO: 3 fundos.
[14:25:10]   [GOV] MULTIMERCADO: 6 fundos.
[14:25:15]   [GOV] ACOES: 4 fundos.
[14:25:15] [RPPS] Abrindo SIPII...
[14:25:49]   [RPPS] RENDA FIXA: 19 fundos.
[14:25:53]   [RPPS] RENDA FIXA REFERENCIADO: 4 fundos.
[14:26:01]   [RPPS] MULTIMERCADO: 14 fundos.
[14:26:09]   [RPPS] ACOES: 14 fundos.
[14:26:09] [TODOS] Abrindo SIPII...
[14:26:31]   [TODOS] RENDA FIXA SIMPLES: 2 fundos.
[14:26:50]   [TODOS] RENDA FIXA: 42 fundos.
[14:26:56]   [TODOS] RENDA FIXA REFERENCIADO: 8 fundos.
[14:27:00]   [TODOS] RENDA FIXA CURTO PRAZO: 3 fundos.
[14:27:08]   [TODOS] MULTIMERCADO: 14 fundos.
[14:27:11]   [TODOS] CAMBIAL: 1 fundos.
[14:27:24]   [TODOS] ACOES: 25 fundos.
[14:27:28]   [TODOS] FUNDO DE INDICE: 1 fundos.
[14:27:28] ETAPA 3 — Associando URLs (estáticas + dinâmicas)...
[14:27:28]   Dicionário estático : 116 entradas
[14:27:28]   URLs encontradas    : 142/151
[14:27:28]   Sem URL             : 9/151
[14:27:28]   Fundos SEM URL:
[14:27:28]     - CAIXA EXPERT ABSOLUTE CRETA FIC FIF RF CRED PRIV LP - RESP LTDA (1)
[14:27:28]     - CAIXA EXPERT VOX DESENV SUSTENTAVEL IS RF CRED PRIV LP - RESP LTDA (1) (2)
[14:27:28]     - CAIXA CARTEIRA QUANT UNO FIC FIF MM LP RESP LTDA (1) (2) (3)
[14:27:28]     - CAIXA CARTEIRA QUANT QUALI FIC FIF MM LP RESP LTDA (1) (2) (3)
[14:27:28]     - CAIXA CARTEIRA QUANT DUO FIC FIF MM LP RESP LTDA (1) (2) (3)
[14:27:28]     - CAIXA HASHDEX NASDAQ CRYPTO INDEX FIC FIF MM RESP LTDA (1) (2)
[14:27:28]     - CAIXA FIC FIM CAPITAL PROTEGIDO CICLICO II LP - RL (1)
[14:27:28]     - CAIXA ATENA FIC FIF AÇÕES LIVRE QUANT RESP LTDA
[14:27:28]     - CAIXA ATENA FIC FIF AÇÕES BRASIL LIVRE QUANT RESP LTDA
[14:27:28] ETAPA 4 — Baixando JSON da CAIXA Asset...
[14:27:31]   JSON Asset salvo: /home/runner/work/catalogo-fundos-caixa-v2/catalogo-fundos-caixa-v2/data/fundos_asset.json
[14:27:31]   Histórico JSON salvo: /home/runner/work/catalogo-fundos-caixa-v2/catalogo-fundos-caixa-v2/historico/json/fundos_asset_20260715.json
[14:27:31]   Fundos no JSON Asset: 196
[14:27:31]   Asset matches encontrados: 148/151
[14:27:31]   Asset sem match: 3/151
[14:27:31] CSV salvo: /home/runner/work/catalogo-fundos-caixa-v2/catalogo-fundos-caixa-v2/dados_atuais.csv
[14:27:31] Histórico CSV salvo: /home/runner/work/catalogo-fundos-caixa-v2/catalogo-fundos-caixa-v2/sipii_caixa_20260715.csv
[14:27:31] Excel salvo: /home/runner/work/catalogo-fundos-caixa-v2/catalogo-fundos-caixa-v2/sipii_caixa_20260715.xlsx
[14:27:31] JSON unificado salvo: /home/runner/work/catalogo-fundos-caixa-v2/catalogo-fundos-caixa-v2/data/fundos_unificado.json
[14:27:31] Histórico JSON unificado salvo: /home/runner/work/catalogo-fundos-caixa-v2/catalogo-fundos-caixa-v2/historico/json/fundos_unificado_20260715.json
[14:27:31] SUCESSO: 151 fundos consolidados e enriquecidos salvos.
[14:31:25] INICIANDO ROBÔ SIPII v11 - SIPII + ASSET JSON
[14:31:25] ETAPA 1 — Coletando URLs dinâmicas (12 páginas CAIXA)...
[14:31:28]   [CAIXA] renda-fixa → +34 links (34 total)
[14:31:29]   [CAIXA] referenciados → +4 links (38 total)
[14:31:31]   [CAIXA] fundo-simples → +2 links (40 total)
[14:31:32]   [CAIXA] curto-prazo → +1 links (41 total)
[14:31:34]   [CAIXA] multimercado → +19 links (60 total)
[14:31:36]   [CAIXA] cambiais → +1 links (61 total)
[14:31:37]   [CAIXA] fundos-de-acoes → +10 links (71 total)
[14:31:39]   [CAIXA] fundos-de-indices → +2 links (73 total)
[14:31:40]   [CAIXA] renda-fixa → +8 links (81 total)
[14:31:42]   [CAIXA] empresa → +5 links (86 total)
[14:31:43]   [CAIXA] fmp-fgts → HTTP 404
[14:31:44]   [CAIXA] rpps → +8 links (94 total)
[14:31:45] [CAIXA] Total URLs dinâmicas: 94
[14:31:45] ETAPA 2 — Coletando dados do SIPII...
[14:31:49] [PF] Abrindo SIPII...
[14:32:08]   [PF] RENDA FIXA SIMPLES: 3 fundos.
[14:32:20]   [PF] RENDA FIXA: 39 fundos.
[14:32:26]   [PF] RENDA FIXA REFERENCIADO: 10 fundos.
[14:32:29]   [PF] RENDA FIXA CURTO PRAZO: 1 fundos.
[14:32:40]   [PF] MULTIMERCADO: 30 fundos.
[14:32:43]   [PF] CAMBIAL: 1 fundos.
[14:32:54]   [PF] ACOES: 29 fundos.
[14:32:58]   [PF] FUNDO DE INDICE: 1 fundos.
[14:33:03]   [PF] FUNDOS MUTUOS DE PRIVATIZACAO: 9 fundos.
[14:33:03] [PJ] Abrindo SIPII...
[14:33:28]   [PJ] RENDA FIXA SIMPLES: 5 fundos.
[14:33:44]   [PJ] RENDA FIXA: 38 fundos.
[14:33:49]   [PJ] RENDA FIXA REFERENCIADO: 7 fundos.
[14:33:53]   [PJ] RENDA FIXA CURTO PRAZO: 2 fundos.
[14:34:06]   [PJ] MULTIMERCADO: 27 fundos.
[14:34:09]   [PJ] CAMBIAL: 1 fundos.
[14:34:26]   [PJ] ACOES: 28 fundos.
[14:34:26] [GOV] Abrindo SIPII...
[14:34:50]   [GOV] RENDA FIXA: 2 fundos.
[14:34:56]   [GOV] RENDA FIXA REFERENCIADO: 3 fundos.
[14:34:59]   [GOV] RENDA FIXA CURTO PRAZO: 3 fundos.
[14:35:04]   [GOV] MULTIMERCADO: 6 fundos.
[14:35:08]   [GOV] ACOES: 4 fundos.
[14:35:08] [RPPS] Abrindo SIPII...
[14:35:43]   [RPPS] RENDA FIXA: 19 fundos.
[14:35:47]   [RPPS] RENDA FIXA REFERENCIADO: 4 fundos.
[14:35:58]   [RPPS] MULTIMERCADO: 14 fundos.
[14:36:09]   [RPPS] ACOES: 14 fundos.
[14:36:10] [TODOS] Abrindo SIPII...
[14:36:32]   [TODOS] RENDA FIXA SIMPLES: 2 fundos.
[14:36:54]   [TODOS] RENDA FIXA: 42 fundos.
[14:37:00]   [TODOS] RENDA FIXA REFERENCIADO: 8 fundos.
[14:37:05]   [TODOS] RENDA FIXA CURTO PRAZO: 3 fundos.
[14:37:17]   [TODOS] MULTIMERCADO: 14 fundos.
[14:37:21]   [TODOS] CAMBIAL: 1 fundos.
[14:37:34]   [TODOS] ACOES: 25 fundos.
[14:37:38]   [TODOS] FUNDO DE INDICE: 1 fundos.
[14:37:38] ETAPA 3 — Associando URLs (estáticas + dinâmicas)...
[14:37:38]   Dicionário estático : 116 entradas
[14:37:38]   URLs encontradas    : 148/171
[14:37:38]   Sem URL             : 23/171
[14:37:38]   Fundos SEM URL:
[14:37:38]     - CAIXA FIC FIF EXCLUSIVO FUNC RF CREDITO PRIVADO LP RESP LTDA
[14:37:38]     - CAIXA EXPERT VOX DESENV SUSTENTAVEL IS RF CRED PRIV LP - RESP LTDA (1) (2)
[14:37:38]     - CAIXA EXPERT VINLAND DEB IN INFRA RF CRED PRIV LP RESP LTDA (1) (2) (3)
[14:37:38]     - CAIXA EXPERT ABSOLUTE CRETA FIC FIF RF CRED PRIV LP - RESP LTDA (1)
[14:37:38]     - CAIXA SIGMA FUNCIONARIOS FIC FIF RF REF DI LP - RESP LTDA (2) (3)
[14:37:38]     - CAIXA CARTEIRA QUANT DUO FIC FIF MM LP RESP LTDA (1) (2) (3)
[14:37:38]     - CAIXA CARTEIRA QUANT QUALI FIC FIF MM LP RESP LTDA (1) (2) (3)
[14:37:38]     - CAIXA CARTEIRA QUANT UNO FIC FIF MM LP RESP LTDA (1) (2) (3)
[14:37:38]     - CAIXA FIC FIF FUNCIONARIOS ESTRATEGIA LIVRE MULTIMERCADO LP RESP LTDA (1)
[14:37:38]     - CAIXA HASHDEX NASDAQ CRYPTO INDEX FIC FIF MM RESP LTDA (1) (2)
[14:37:38]     - CAIXA FIC FIM CAPITAL PROTEGIDO CICLICO II LP - RL (1)
[14:37:38]     - CAIXA ATENA FIC FIF AÇÕES FUNCIONÁRIOS LIVRE QUANT RESP LTDA
[14:37:38]     - CAIXA ATENA FIC FIF AÇÕES LIVRE QUANT RESP LTDA
[14:37:38]     - CAIXA FMP-FGTS ELETROBRAS MIGRACAO
[14:37:38]     - CAIXA FMP-FGTS ELETROBRAS RESP LTDA
[14:37:38]     - CAIXA FMP-FGTS PETROBRÁS IV RESP LTDA
[14:37:38]     - CAIXA FMP-FGTS VALE RIO DOCE II RESP LTDA
[14:37:38]     - CAIXA FMP-FGTS CL ABSOLUTO RESP LTDA
[14:37:38]     - CAIXA FMP-FGTS VALE RIO DOCE MIGRAÇÃO RESP LTDA
[14:37:38]     - CAIXA FMP-FGTS PETROBRÁS II RESP LTDA
[14:37:38]     - CAIXA FMP-FGTS VALE RIO DOCE I RESP LTDA
[14:37:38]     - CAIXA FMP-FGTS PETROBRÁS III RESP LTDA
[14:37:38]     - CAIXA ATENA FIC FIF AÇÕES BRASIL LIVRE QUANT RESP LTDA
[14:37:38] ETAPA 4 — Baixando JSON da CAIXA Asset...
[14:37:40]   JSON Asset salvo: /home/runner/work/catalogo-fundos-caixa-v2/catalogo-fundos-caixa-v2/data/fundos_asset.json
[14:37:40]   Histórico JSON salvo: /home/runner/work/catalogo-fundos-caixa-v2/catalogo-fundos-caixa-v2/historico/json/fundos_asset_20260716.json
[14:37:40]   Fundos no JSON Asset: 196
[14:37:40]   Asset matches encontrados: 168/171
[14:37:40]   Asset sem match: 3/171
[14:37:40] CSV salvo: /home/runner/work/catalogo-fundos-caixa-v2/catalogo-fundos-caixa-v2/dados_atuais.csv
[14:37:40] Histórico CSV salvo: /home/runner/work/catalogo-fundos-caixa-v2/catalogo-fundos-caixa-v2/sipii_caixa_20260716.csv
[14:37:41] Excel salvo: /home/runner/work/catalogo-fundos-caixa-v2/catalogo-fundos-caixa-v2/sipii_caixa_20260716.xlsx
[14:37:41] JSON unificado salvo: /home/runner/work/catalogo-fundos-caixa-v2/catalogo-fundos-caixa-v2/data/fundos_unificado.json
[14:37:41] Histórico JSON unificado salvo: /home/runner/work/catalogo-fundos-caixa-v2/catalogo-fundos-caixa-v2/historico/json/fundos_unificado_20260716.json
[14:37:41] SUCESSO: 171 fundos consolidados e enriquecidos salvos.
[14:11:19] INICIANDO ROBÔ SIPII v11 - SIPII + ASSET JSON
[14:11:19] ETAPA 1 — Coletando URLs dinâmicas (12 páginas CAIXA)...
[14:11:20]   [CAIXA] renda-fixa → +34 links (34 total)
[14:11:22]   [CAIXA] referenciados → +4 links (38 total)
[14:11:23]   [CAIXA] fundo-simples → +2 links (40 total)
[14:11:25]   [CAIXA] curto-prazo → +1 links (41 total)
[14:11:26]   [CAIXA] multimercado → +19 links (60 total)
[14:11:28]   [CAIXA] cambiais → +1 links (61 total)
[14:11:30]   [CAIXA] fundos-de-acoes → +10 links (71 total)
[14:11:31]   [CAIXA] fundos-de-indices → +2 links (73 total)
[14:11:33]   [CAIXA] renda-fixa → +8 links (81 total)
[14:11:34]   [CAIXA] empresa → +5 links (86 total)
[14:11:35]   [CAIXA] fmp-fgts → HTTP 404
[14:11:36]   [CAIXA] rpps → +8 links (94 total)
[14:11:37] [CAIXA] Total URLs dinâmicas: 94
[14:11:37] ETAPA 2 — Coletando dados do SIPII...
[14:11:38] [PF] Abrindo SIPII...
[14:11:42] [PF] Erro geral: Message: Link não encontrado: PESSOA FÍSICA; For documentation on this error, please visit: https://www.selenium.dev/documentation/webdriver/troubleshooting/errors#nosuchelementexception

[14:11:42] [PJ] Abrindo SIPII...
[14:11:46] [PJ] Erro geral: Message: Link não encontrado: PESSOA JURÍDICA; For documentation on this error, please visit: https://www.selenium.dev/documentation/webdriver/troubleshooting/errors#nosuchelementexception

[14:11:46] [GOV] Abrindo SIPII...
[14:11:50] [GOV] Erro geral: Message: Link não encontrado: GOVERNO; For documentation on this error, please visit: https://www.selenium.dev/documentation/webdriver/troubleshooting/errors#nosuchelementexception

[14:11:50] [RPPS] Abrindo SIPII...
[14:11:53] [RPPS] Erro geral: Message: Link não encontrado: RPPS; For documentation on this error, please visit: https://www.selenium.dev/documentation/webdriver/troubleshooting/errors#nosuchelementexception

[14:11:54] [TODOS] Abrindo SIPII...
[14:11:57] [TODOS] Erro geral: Message: Link não encontrado: TODOS; For documentation on this error, please visit: https://www.selenium.dev/documentation/webdriver/troubleshooting/errors#nosuchelementexception

[14:11:57] ATENÇÃO: Nenhum dado coletado.
[14:37:06] INICIANDO ROBÔ SIPII v11 - SIPII + ASSET JSON
[14:37:06] ETAPA 1 — Coletando URLs dinâmicas (12 páginas CAIXA)...
[14:37:11]   [CAIXA] renda-fixa → +34 links (34 total)
[14:37:12]   [CAIXA] referenciados → +4 links (38 total)
[14:37:14]   [CAIXA] fundo-simples → +2 links (40 total)
[14:37:15]   [CAIXA] curto-prazo → +1 links (41 total)
[14:37:17]   [CAIXA] multimercado → +19 links (60 total)
[14:37:20]   [CAIXA] cambiais → +1 links (61 total)
[14:37:21]   [CAIXA] fundos-de-acoes → +10 links (71 total)
[14:37:23]   [CAIXA] fundos-de-indices → +2 links (73 total)
[14:37:25]   [CAIXA] renda-fixa → +8 links (81 total)
[14:37:26]   [CAIXA] empresa → +5 links (86 total)
[14:37:28]   [CAIXA] fmp-fgts → HTTP 404
[14:37:28]   [CAIXA] rpps → +8 links (94 total)
[14:37:29] [CAIXA] Total URLs dinâmicas: 94
[14:37:29] ETAPA 2 — Coletando dados do SIPII...
[14:37:32] [PF] Abrindo SIPII...
[14:37:37] [PF] Erro geral: Message: Link não encontrado: PESSOA FÍSICA; For documentation on this error, please visit: https://www.selenium.dev/documentation/webdriver/troubleshooting/errors#nosuchelementexception

[14:37:37] [PJ] Abrindo SIPII...
[14:37:41] [PJ] Erro geral: Message: Link não encontrado: PESSOA JURÍDICA; For documentation on this error, please visit: https://www.selenium.dev/documentation/webdriver/troubleshooting/errors#nosuchelementexception

[14:37:41] [GOV] Abrindo SIPII...
[14:37:45] [GOV] Erro geral: Message: Link não encontrado: GOVERNO; For documentation on this error, please visit: https://www.selenium.dev/documentation/webdriver/troubleshooting/errors#nosuchelementexception

[14:37:45] [RPPS] Abrindo SIPII...
[14:37:49] [RPPS] Erro geral: Message: Link não encontrado: RPPS; For documentation on this error, please visit: https://www.selenium.dev/documentation/webdriver/troubleshooting/errors#nosuchelementexception

[14:37:49] [TODOS] Abrindo SIPII...
[14:37:53] [TODOS] Erro geral: Message: Link não encontrado: TODOS; For documentation on this error, please visit: https://www.selenium.dev/documentation/webdriver/troubleshooting/errors#nosuchelementexception

[14:37:53] ATENÇÃO: Nenhum dado coletado.
[14:32:10] INICIANDO ROBÔ SIPII v11 - SIPII + ASSET JSON
[14:32:10] ETAPA 1 — Coletando URLs dinâmicas (12 páginas CAIXA)...
[14:32:16]   [CAIXA] renda-fixa → +34 links (34 total)
[14:32:18]   [CAIXA] referenciados → +4 links (38 total)
[14:32:20]   [CAIXA] fundo-simples → +2 links (40 total)
[14:32:21]   [CAIXA] curto-prazo → +1 links (41 total)
[14:32:23]   [CAIXA] multimercado → +19 links (60 total)
[14:32:25]   [CAIXA] cambiais → +1 links (61 total)
[14:32:27]   [CAIXA] fundos-de-acoes → +10 links (71 total)
[14:32:28]   [CAIXA] fundos-de-indices → +2 links (73 total)
[14:32:30]   [CAIXA] renda-fixa → +8 links (81 total)
[14:32:32]   [CAIXA] empresa → +5 links (86 total)
[14:32:33]   [CAIXA] fmp-fgts → HTTP 404
[14:32:33]   [CAIXA] rpps → +8 links (94 total)
[14:32:34] [CAIXA] Total URLs dinâmicas: 94
[14:32:34] ETAPA 2 — Coletando dados do SIPII...
[14:32:41] [PF] Abrindo SIPII...
[14:33:02]   [PF] RENDA FIXA SIMPLES: 3 fundos.
[14:33:17]   [PF] RENDA FIXA: 39 fundos.
[14:33:24]   [PF] RENDA FIXA REFERENCIADO: 10 fundos.
[14:33:27]   [PF] RENDA FIXA CURTO PRAZO: 1 fundos.
[14:33:40]   [PF] MULTIMERCADO: 30 fundos.
[14:33:44]   [PF] CAMBIAL: 1 fundos.
[14:33:58]   [PF] ACOES: 29 fundos.
[14:34:03]   [PF] FUNDO DE INDICE: 1 fundos.
[14:34:09]   [PF] FUNDOS MUTUOS DE PRIVATIZACAO: 9 fundos.
[14:34:10] [PJ] Abrindo SIPII...
[14:34:31]   [PJ] RENDA FIXA SIMPLES: 5 fundos.
[14:34:46]   [PJ] RENDA FIXA: 38 fundos.
[14:34:52]   [PJ] RENDA FIXA REFERENCIADO: 7 fundos.
[14:34:56]   [PJ] RENDA FIXA CURTO PRAZO: 2 fundos.
[14:35:07]   [PJ] MULTIMERCADO: 27 fundos.
[14:35:11]   [PJ] CAMBIAL: 1 fundos.
[14:35:25]   [PJ] ACOES: 28 fundos.
[14:35:26] [GOV] Abrindo SIPII...
[14:35:45]   [GOV] RENDA FIXA: 2 fundos.
[14:35:49]   [GOV] RENDA FIXA REFERENCIADO: 3 fundos.
[14:35:52]   [GOV] RENDA FIXA CURTO PRAZO: 3 fundos.
[14:35:57]   [GOV] MULTIMERCADO: 6 fundos.
[14:36:01]   [GOV] ACOES: 4 fundos.
[14:36:01] [RPPS] Abrindo SIPII...
[14:36:34]   [RPPS] RENDA FIXA: 19 fundos.
[14:36:38]   [RPPS] RENDA FIXA REFERENCIADO: 4 fundos.
[14:36:46]   [RPPS] MULTIMERCADO: 14 fundos.
[14:36:55]   [RPPS] ACOES: 14 fundos.
[14:36:55] [TODOS] Abrindo SIPII...
[14:37:14]   [TODOS] RENDA FIXA SIMPLES: 2 fundos.
[14:37:31]   [TODOS] RENDA FIXA: 42 fundos.
[14:37:37]   [TODOS] RENDA FIXA REFERENCIADO: 8 fundos.
[14:37:41]   [TODOS] RENDA FIXA CURTO PRAZO: 3 fundos.
[14:37:49]   [TODOS] MULTIMERCADO: 14 fundos.
[14:37:52]   [TODOS] CAMBIAL: 1 fundos.
[14:38:04]   [TODOS] ACOES: 25 fundos.
[14:38:08]   [TODOS] FUNDO DE INDICE: 1 fundos.
[14:38:08] ETAPA 3 — Associando URLs (estáticas + dinâmicas)...
[14:38:08]   Dicionário estático : 116 entradas
[14:38:08]   URLs encontradas    : 148/171
[14:38:08]   Sem URL             : 23/171
[14:38:08]   Fundos SEM URL:
[14:38:08]     - CAIXA FIC FIF EXCLUSIVO FUNC RF CREDITO PRIVADO LP RESP LTDA
[14:38:08]     - CAIXA EXPERT VOX DESENV SUSTENTAVEL IS RF CRED PRIV LP - RESP LTDA (1) (2)
[14:38:08]     - CAIXA EXPERT VINLAND DEB IN INFRA RF CRED PRIV LP RESP LTDA (1) (2) (3)
[14:38:08]     - CAIXA EXPERT ABSOLUTE CRETA FIC FIF RF CRED PRIV LP - RESP LTDA (1)
[14:38:08]     - CAIXA SIGMA FUNCIONARIOS FIC FIF RF REF DI LP - RESP LTDA (2) (3)
[14:38:08]     - CAIXA CARTEIRA QUANT DUO FIC FIF MM LP RESP LTDA (1) (2) (3)
[14:38:08]     - CAIXA CARTEIRA QUANT QUALI FIC FIF MM LP RESP LTDA (1) (2) (3)
[14:38:08]     - CAIXA CARTEIRA QUANT UNO FIC FIF MM LP RESP LTDA (1) (2) (3)
[14:38:08]     - CAIXA FIC FIF FUNCIONARIOS ESTRATEGIA LIVRE MULTIMERCADO LP RESP LTDA (1)
[14:38:08]     - CAIXA HASHDEX NASDAQ CRYPTO INDEX FIC FIF MM RESP LTDA (1) (2)
[14:38:08]     - CAIXA FIC FIM CAPITAL PROTEGIDO CICLICO II LP - RL (1)
[14:38:08]     - CAIXA ATENA FIC FIF AÇÕES FUNCIONÁRIOS LIVRE QUANT RESP LTDA
[14:38:08]     - CAIXA ATENA FIC FIF AÇÕES LIVRE QUANT RESP LTDA
[14:38:08]     - CAIXA FMP-FGTS ELETROBRAS MIGRACAO
[14:38:08]     - CAIXA FMP-FGTS ELETROBRAS RESP LTDA
[14:38:08]     - CAIXA FMP-FGTS PETROBRÁS IV RESP LTDA
[14:38:08]     - CAIXA FMP-FGTS VALE RIO DOCE II RESP LTDA
[14:38:08]     - CAIXA FMP-FGTS CL ABSOLUTO RESP LTDA
[14:38:08]     - CAIXA FMP-FGTS VALE RIO DOCE MIGRAÇÃO RESP LTDA
[14:38:08]     - CAIXA FMP-FGTS PETROBRÁS II RESP LTDA
[14:38:08]     - CAIXA FMP-FGTS VALE RIO DOCE I RESP LTDA
[14:38:08]     - CAIXA FMP-FGTS PETROBRÁS III RESP LTDA
[14:38:08]     - CAIXA ATENA FIC FIF AÇÕES BRASIL LIVRE QUANT RESP LTDA
[14:38:08] ETAPA 4 — Baixando JSON da CAIXA Asset...
[14:38:13]   JSON Asset salvo: /home/runner/work/catalogo-fundos-caixa-v2/catalogo-fundos-caixa-v2/data/fundos_asset.json
[14:38:13]   Histórico JSON salvo: /home/runner/work/catalogo-fundos-caixa-v2/catalogo-fundos-caixa-v2/historico/json/fundos_asset_20260721.json
[14:38:13]   Fundos no JSON Asset: 197
[14:38:13]   Asset matches encontrados: 168/171
[14:38:13]   Asset sem match: 3/171
[14:38:13] CSV salvo: /home/runner/work/catalogo-fundos-caixa-v2/catalogo-fundos-caixa-v2/dados_atuais.csv
[14:38:13] Histórico CSV salvo: /home/runner/work/catalogo-fundos-caixa-v2/catalogo-fundos-caixa-v2/sipii_caixa_20260721.csv
[14:38:13] Excel salvo: /home/runner/work/catalogo-fundos-caixa-v2/catalogo-fundos-caixa-v2/sipii_caixa_20260721.xlsx
[14:38:13] JSON unificado salvo: /home/runner/work/catalogo-fundos-caixa-v2/catalogo-fundos-caixa-v2/data/fundos_unificado.json
[14:38:13] Histórico JSON unificado salvo: /home/runner/work/catalogo-fundos-caixa-v2/catalogo-fundos-caixa-v2/historico/json/fundos_unificado_20260721.json
[14:38:13] SUCESSO: 171 fundos consolidados e enriquecidos salvos.
[14:33:12] INICIANDO ROBÔ SIPII v11 - SIPII + ASSET JSON
[14:33:12] ETAPA 1 — Coletando URLs dinâmicas (12 páginas CAIXA)...
[14:33:15]   [CAIXA] renda-fixa → +34 links (34 total)
[14:33:16]   [CAIXA] referenciados → +4 links (38 total)
[14:33:18]   [CAIXA] fundo-simples → +2 links (40 total)
[14:33:20]   [CAIXA] curto-prazo → +1 links (41 total)
[14:33:21]   [CAIXA] multimercado → +19 links (60 total)
[14:33:23]   [CAIXA] cambiais → +1 links (61 total)
[14:33:25]   [CAIXA] fundos-de-acoes → +11 links (72 total)
[14:33:26]   [CAIXA] fundos-de-indices → +2 links (74 total)
[14:33:28]   [CAIXA] renda-fixa → +8 links (82 total)
[14:33:30]   [CAIXA] empresa → +5 links (87 total)
[14:33:31]   [CAIXA] fmp-fgts → HTTP 404
[14:33:31]   [CAIXA] rpps → +8 links (95 total)
[14:33:32] [CAIXA] Total URLs dinâmicas: 95
[14:33:32] ETAPA 2 — Coletando dados do SIPII...
[14:33:33] [PF] Abrindo SIPII...
[14:33:52]   [PF] RENDA FIXA SIMPLES: 3 fundos.
[14:34:06]   [PF] RENDA FIXA: 39 fundos.
[14:34:11]   [PF] RENDA FIXA REFERENCIADO: 10 fundos.
[14:34:14]   [PF] RENDA FIXA CURTO PRAZO: 1 fundos.
[14:34:25]   [PF] MULTIMERCADO: 30 fundos.
[14:34:28]   [PF] CAMBIAL: 1 fundos.
[14:34:40]   [PF] ACOES: 29 fundos.
[14:34:43]   [PF] FUNDO DE INDICE: 1 fundos.
[14:34:49]   [PF] FUNDOS MUTUOS DE PRIVATIZACAO: 9 fundos.
[14:34:49] [PJ] Abrindo SIPII...
[14:35:09]   [PJ] RENDA FIXA SIMPLES: 5 fundos.
[14:35:22]   [PJ] RENDA FIXA: 38 fundos.
[14:35:27]   [PJ] RENDA FIXA REFERENCIADO: 7 fundos.
[14:35:30]   [PJ] RENDA FIXA CURTO PRAZO: 2 fundos.
[14:35:41]   [PJ] MULTIMERCADO: 27 fundos.
[14:35:44]   [PJ] CAMBIAL: 1 fundos.
[14:35:55]   [PJ] ACOES: 28 fundos.
[14:35:55] [GOV] Abrindo SIPII...
[14:36:13]   [GOV] RENDA FIXA: 2 fundos.
[14:36:17]   [GOV] RENDA FIXA REFERENCIADO: 3 fundos.
[14:36:20]   [GOV] RENDA FIXA CURTO PRAZO: 3 fundos.
[14:36:25]   [GOV] MULTIMERCADO: 6 fundos.
[14:36:28]   [GOV] ACOES: 4 fundos.
[14:36:29] [RPPS] Abrindo SIPII...
[14:36:58]   [RPPS] RENDA FIXA: 19 fundos.
[14:37:02]   [RPPS] RENDA FIXA REFERENCIADO: 4 fundos.
[14:37:08]   [RPPS] MULTIMERCADO: 14 fundos.
[14:37:15]   [RPPS] ACOES: 14 fundos.
[14:37:15] [TODOS] Abrindo SIPII...
[14:37:33]   [TODOS] RENDA FIXA SIMPLES: 2 fundos.
[14:37:48]   [TODOS] RENDA FIXA: 42 fundos.
[14:37:53]   [TODOS] RENDA FIXA REFERENCIADO: 8 fundos.
[14:37:56]   [TODOS] RENDA FIXA CURTO PRAZO: 3 fundos.
[14:38:03]   [TODOS] MULTIMERCADO: 14 fundos.
[14:38:06]   [TODOS] CAMBIAL: 1 fundos.
[14:38:17]   [TODOS] ACOES: 25 fundos.
[14:38:20]   [TODOS] FUNDO DE INDICE: 1 fundos.
[14:38:20] ETAPA 3 — Associando URLs (estáticas + dinâmicas)...
[14:38:20]   Dicionário estático : 116 entradas
[14:38:20]   URLs encontradas    : 148/171
[14:38:20]   Sem URL             : 23/171
[14:38:20]   Fundos SEM URL:
[14:38:20]     - CAIXA FIC FIF EXCLUSIVO FUNC RF CREDITO PRIVADO LP RESP LTDA
[14:38:20]     - CAIXA EXPERT VOX DESENV SUSTENTAVEL IS RF CRED PRIV LP - RESP LTDA (1) (2)
[14:38:20]     - CAIXA EXPERT VINLAND DEB IN INFRA RF CRED PRIV LP RESP LTDA (1) (2) (3)
[14:38:20]     - CAIXA EXPERT ABSOLUTE CRETA FIC FIF RF CRED PRIV LP - RESP LTDA (1)
[14:38:20]     - CAIXA SIGMA FUNCIONARIOS FIC FIF RF REF DI LP - RESP LTDA (2) (3)
[14:38:20]     - CAIXA CARTEIRA QUANT DUO FIC FIF MM LP RESP LTDA (1) (2) (3)
[14:38:20]     - CAIXA CARTEIRA QUANT QUALI FIC FIF MM LP RESP LTDA (1) (2) (3)
[14:38:20]     - CAIXA CARTEIRA QUANT UNO FIC FIF MM LP RESP LTDA (1) (2) (3)
[14:38:20]     - CAIXA FIC FIF FUNCIONARIOS ESTRATEGIA LIVRE MULTIMERCADO LP RESP LTDA (1)
[14:38:20]     - CAIXA HASHDEX NASDAQ CRYPTO INDEX FIC FIF MM RESP LTDA (1) (2)
[14:38:20]     - CAIXA FIC FIM CAPITAL PROTEGIDO CICLICO II LP - RL (1)
[14:38:20]     - CAIXA ATENA FIC FIF AÇÕES FUNCIONÁRIOS LIVRE QUANT RESP LTDA
[14:38:20]     - CAIXA ATENA FIC FIF AÇÕES LIVRE QUANT RESP LTDA
[14:38:20]     - CAIXA FMP-FGTS ELETROBRAS MIGRACAO
[14:38:20]     - CAIXA FMP-FGTS ELETROBRAS RESP LTDA
[14:38:20]     - CAIXA FMP-FGTS PETROBRÁS IV RESP LTDA
[14:38:20]     - CAIXA FMP-FGTS VALE RIO DOCE II RESP LTDA
[14:38:20]     - CAIXA FMP-FGTS CL ABSOLUTO RESP LTDA
[14:38:20]     - CAIXA FMP-FGTS VALE RIO DOCE MIGRAÇÃO RESP LTDA
[14:38:20]     - CAIXA FMP-FGTS PETROBRÁS II RESP LTDA
[14:38:20]     - CAIXA FMP-FGTS VALE RIO DOCE I RESP LTDA
[14:38:20]     - CAIXA FMP-FGTS PETROBRÁS III RESP LTDA
[14:38:20]     - CAIXA ATENA FIC FIF AÇÕES BRASIL LIVRE QUANT RESP LTDA
[14:38:20] ETAPA 4 — Baixando JSON da CAIXA Asset...
[14:38:25]   JSON Asset salvo: /home/runner/work/catalogo-fundos-caixa-v2/catalogo-fundos-caixa-v2/data/fundos_asset.json
[14:38:25]   Histórico JSON salvo: /home/runner/work/catalogo-fundos-caixa-v2/catalogo-fundos-caixa-v2/historico/json/fundos_asset_20260722.json
[14:38:25]   Fundos no JSON Asset: 197
[14:38:25]   Asset matches encontrados: 168/171
[14:38:25]   Asset sem match: 3/171
[14:38:25] CSV salvo: /home/runner/work/catalogo-fundos-caixa-v2/catalogo-fundos-caixa-v2/dados_atuais.csv
[14:38:25] Histórico CSV salvo: /home/runner/work/catalogo-fundos-caixa-v2/catalogo-fundos-caixa-v2/sipii_caixa_20260722.csv
[14:38:26] Excel salvo: /home/runner/work/catalogo-fundos-caixa-v2/catalogo-fundos-caixa-v2/sipii_caixa_20260722.xlsx
[14:38:26] JSON unificado salvo: /home/runner/work/catalogo-fundos-caixa-v2/catalogo-fundos-caixa-v2/data/fundos_unificado.json
[14:38:26] Histórico JSON unificado salvo: /home/runner/work/catalogo-fundos-caixa-v2/catalogo-fundos-caixa-v2/historico/json/fundos_unificado_20260722.json
[14:38:26] SUCESSO: 171 fundos consolidados e enriquecidos salvos.
[14:40:00] INICIANDO ROBÔ SIPII v11 - SIPII + ASSET JSON
[14:40:00] ETAPA 1 — Coletando URLs dinâmicas (12 páginas CAIXA)...
[14:40:05]   [CAIXA] renda-fixa → +34 links (34 total)
[14:40:07]   [CAIXA] referenciados → +4 links (38 total)
[14:40:08]   [CAIXA] fundo-simples → +2 links (40 total)
[14:40:10]   [CAIXA] curto-prazo → +1 links (41 total)
[14:40:12]   [CAIXA] multimercado → +19 links (60 total)
[14:40:14]   [CAIXA] cambiais → +1 links (61 total)
[14:40:16]   [CAIXA] fundos-de-acoes → +11 links (72 total)
[14:40:17]   [CAIXA] fundos-de-indices → +2 links (74 total)
[14:40:19]   [CAIXA] renda-fixa → +8 links (82 total)
[14:40:20]   [CAIXA] empresa → +5 links (87 total)
[14:40:22]   [CAIXA] fmp-fgts → HTTP 404
[14:40:22]   [CAIXA] rpps → +8 links (95 total)
[14:40:23] [CAIXA] Total URLs dinâmicas: 95
[14:40:23] ETAPA 2 — Coletando dados do SIPII...
[14:40:29] [PF] Abrindo SIPII...
[14:40:33] [PF] Erro geral: Message: Link não encontrado: PESSOA FÍSICA; For documentation on this error, please visit: https://www.selenium.dev/documentation/webdriver/troubleshooting/errors#nosuchelementexception

[14:40:34] [PJ] Abrindo SIPII...
[14:40:37] [PJ] Erro geral: Message: Link não encontrado: PESSOA JURÍDICA; For documentation on this error, please visit: https://www.selenium.dev/documentation/webdriver/troubleshooting/errors#nosuchelementexception

[14:40:37] [GOV] Abrindo SIPII...
[14:40:41] [GOV] Erro geral: Message: Link não encontrado: GOVERNO; For documentation on this error, please visit: https://www.selenium.dev/documentation/webdriver/troubleshooting/errors#nosuchelementexception

[14:40:41] [RPPS] Abrindo SIPII...
[14:40:45] [RPPS] Erro geral: Message: Link não encontrado: RPPS; For documentation on this error, please visit: https://www.selenium.dev/documentation/webdriver/troubleshooting/errors#nosuchelementexception

[14:40:45] [TODOS] Abrindo SIPII...
[14:40:49] [TODOS] Erro geral: Message: Link não encontrado: TODOS; For documentation on this error, please visit: https://www.selenium.dev/documentation/webdriver/troubleshooting/errors#nosuchelementexception

[14:40:49] ATENÇÃO: Nenhum dado coletado.
[14:19:10] INICIANDO ROBÔ SIPII v11 - SIPII + ASSET JSON
[14:19:10] ETAPA 1 — Coletando URLs dinâmicas (12 páginas CAIXA)...
[14:19:13]   [CAIXA] renda-fixa → +34 links (34 total)
[14:19:15]   [CAIXA] referenciados → +4 links (38 total)
[14:19:16]   [CAIXA] fundo-simples → +2 links (40 total)
[14:19:17]   [CAIXA] curto-prazo → +1 links (41 total)
[14:19:19]   [CAIXA] multimercado → +19 links (60 total)
[14:19:22]   [CAIXA] cambiais → +1 links (61 total)
[14:19:24]   [CAIXA] fundos-de-acoes → +11 links (72 total)
[14:19:25]   [CAIXA] fundos-de-indices → +2 links (74 total)
[14:19:27]   [CAIXA] renda-fixa → +8 links (82 total)
[14:19:28]   [CAIXA] empresa → +5 links (87 total)
[14:19:30]   [CAIXA] fmp-fgts → HTTP 404
[14:19:30]   [CAIXA] rpps → +8 links (95 total)
[14:19:31] [CAIXA] Total URLs dinâmicas: 95
[14:19:31] ETAPA 2 — Coletando dados do SIPII...
[14:19:33] [PF] Abrindo SIPII...
[14:21:33] [PF] Erro geral: HTTPConnectionPool(host='localhost', port=35041): Read timed out. (read timeout=120)
[14:21:43] [PJ] Abrindo SIPII...
[14:23:43] [PJ] Erro geral: HTTPConnectionPool(host='localhost', port=55507): Read timed out. (read timeout=120)
[14:23:56] [GOV] Abrindo SIPII...
[14:25:56] [GOV] Erro geral: HTTPConnectionPool(host='localhost', port=47947): Read timed out. (read timeout=120)
[14:26:09] [RPPS] Abrindo SIPII...
[14:28:09] [RPPS] Erro geral: HTTPConnectionPool(host='localhost', port=43275): Read timed out. (read timeout=120)
[14:28:20] [TODOS] Abrindo SIPII...
[14:30:21] [TODOS] Erro geral: HTTPConnectionPool(host='localhost', port=45727): Read timed out. (read timeout=120)
[14:30:33] ATENÇÃO: Nenhum dado coletado.
[15:22:02] INICIANDO ROBÔ SIPII v11 - SIPII + ASSET JSON
[15:22:02] ETAPA 1 — Coletando URLs dinâmicas (12 páginas CAIXA)...
[15:22:04]   [CAIXA] renda-fixa → +34 links (34 total)
[15:22:06]   [CAIXA] referenciados → +4 links (38 total)
[15:22:07]   [CAIXA] fundo-simples → +2 links (40 total)
[15:22:09]   [CAIXA] curto-prazo → +1 links (41 total)
[15:22:11]   [CAIXA] multimercado → +19 links (60 total)
[15:22:13]   [CAIXA] cambiais → +1 links (61 total)
[15:22:14]   [CAIXA] fundos-de-acoes → +11 links (72 total)
[15:22:16]   [CAIXA] fundos-de-indices → +2 links (74 total)
[15:22:17]   [CAIXA] renda-fixa → +8 links (82 total)
[15:22:19]   [CAIXA] empresa → +5 links (87 total)
[15:22:20]   [CAIXA] fmp-fgts → HTTP 404
[15:22:21]   [CAIXA] rpps → +8 links (95 total)
[15:22:22] [CAIXA] Total URLs dinâmicas: 95
[15:22:22] ETAPA 2 — Coletando dados do SIPII...
[15:22:29] [PF] Abrindo SIPII...
[15:23:47]   [PF] RENDA FIXA SIMPLES: 3 fundos.
[15:24:52]   [PF] RENDA FIXA: 39 fundos.
[15:25:16]   [PF] RENDA FIXA REFERENCIADO: 10 fundos.
[15:25:21]   [PF] RENDA FIXA CURTO PRAZO: 1 fundos.
[15:26:07]   [PF] MULTIMERCADO: 30 fundos.
[15:26:13]   [PF] CAMBIAL: 1 fundos.
[15:27:01]   [PF] ACOES: 30 fundos.
[15:27:07]   [PF] FUNDO DE INDICE: 1 fundos.
[15:27:24]   [PF] FUNDOS MUTUOS DE PRIVATIZACAO: 9 fundos.
[15:27:25] [PJ] Abrindo SIPII...
[15:29:15]   [PJ] RENDA FIXA SIMPLES: 5 fundos.
[15:30:53]   [PJ] RENDA FIXA: 38 fundos.
[15:31:07]   [PJ] RENDA FIXA REFERENCIADO: 7 fundos.
[15:31:11]   [PJ] RENDA FIXA CURTO PRAZO: 2 fundos.
[15:31:22]   [PJ] MULTIMERCADO: 27 fundos.
[15:31:25]   [PJ] CAMBIAL: 1 fundos.
[15:31:37]   [PJ] ACOES: 28 fundos.
[15:31:37] [GOV] Abrindo SIPII...
[15:31:55]   [GOV] RENDA FIXA: 2 fundos.
[15:31:59]   [GOV] RENDA FIXA REFERENCIADO: 3 fundos.
[15:32:02]   [GOV] RENDA FIXA CURTO PRAZO: 3 fundos.
[15:32:07]   [GOV] MULTIMERCADO: 6 fundos.
[15:32:11]   [GOV] ACOES: 4 fundos.
[15:32:11] [RPPS] Abrindo SIPII...
[15:32:40]   [RPPS] RENDA FIXA: 19 fundos.
[15:32:44]   [RPPS] RENDA FIXA REFERENCIADO: 4 fundos.
[15:32:52]   [RPPS] MULTIMERCADO: 14 fundos.
[15:32:59]   [RPPS] ACOES: 14 fundos.
[15:32:59] [TODOS] Abrindo SIPII...
[15:33:17]   [TODOS] RENDA FIXA SIMPLES: 2 fundos.
[15:33:33]   [TODOS] RENDA FIXA: 42 fundos.
[15:33:38]   [TODOS] RENDA FIXA REFERENCIADO: 8 fundos.
[15:33:42]   [TODOS] RENDA FIXA CURTO PRAZO: 3 fundos.
[15:33:50]   [TODOS] MULTIMERCADO: 14 fundos.
[15:33:53]   [TODOS] CAMBIAL: 1 fundos.
[15:34:03]   [TODOS] ACOES: 25 fundos.
[15:34:07]   [TODOS] FUNDO DE INDICE: 1 fundos.
[15:34:07] ETAPA 3 — Associando URLs (estáticas + dinâmicas)...
[15:34:07]   Dicionário estático : 116 entradas
[15:34:07]   URLs encontradas    : 149/172
[15:34:07]   Sem URL             : 23/172
[15:34:07]   Fundos SEM URL:
[15:34:07]     - CAIXA FIC FIF EXCLUSIVO FUNC RF CREDITO PRIVADO LP RESP LTDA
[15:34:07]     - CAIXA EXPERT VOX DESENV SUSTENTAVEL IS RF CRED PRIV LP - RESP LTDA (2)
[15:34:07]     - CAIXA EXPERT VINLAND DEB IN INFRA RF CRED PRIV LP RESP LTDA (2) (3)
[15:34:07]     - CAIXA EXPERT ABSOLUTE CRETA FIC FIF RF CRED PRIV LP - RESP LTDA
[15:34:07]     - CAIXA SIGMA FUNCIONARIOS FIC FIF RF REF DI LP - RESP LTDA (2) (3)
[15:34:07]     - CAIXA CARTEIRA QUANT DUO FIC FIF MM LP RESP LTDA (2) (3)
[15:34:07]     - CAIXA CARTEIRA QUANT QUALI FIC FIF MM LP RESP LTDA (2) (3)
[15:34:07]     - CAIXA CARTEIRA QUANT UNO FIC FIF MM LP RESP LTDA (2) (3)
[15:34:07]     - CAIXA FIC FIF FUNCIONARIOS ESTRATEGIA LIVRE MULTIMERCADO LP RESP LTDA
[15:34:07]     - CAIXA HASHDEX NASDAQ CRYPTO INDEX FIC FIF MM RESP LTDA (2)
[15:34:07]     - CAIXA FIC FIM CAPITAL PROTEGIDO CICLICO II LP - RL
[15:34:07]     - CAIXA ATENA FIC FIF AÇÕES FUNCIONÁRIOS LIVRE QUANT RESP LTDA
[15:34:07]     - CAIXA ATENA FIC FIF AÇÕES LIVRE QUANT RESP LTDA
[15:34:07]     - CAIXA FMP-FGTS ELETROBRAS MIGRACAO
[15:34:07]     - CAIXA FMP-FGTS ELETROBRAS RESP LTDA
[15:34:07]     - CAIXA FMP-FGTS PETROBRÁS IV RESP LTDA
[15:34:07]     - CAIXA FMP-FGTS VALE RIO DOCE II RESP LTDA
[15:34:07]     - CAIXA FMP-FGTS CL ABSOLUTO RESP LTDA
[15:34:07]     - CAIXA FMP-FGTS VALE RIO DOCE MIGRAÇÃO RESP LTDA
[15:34:07]     - CAIXA FMP-FGTS PETROBRÁS II RESP LTDA
[15:34:07]     - CAIXA FMP-FGTS VALE RIO DOCE I RESP LTDA
[15:34:07]     - CAIXA FMP-FGTS PETROBRÁS III RESP LTDA
[15:34:07]     - CAIXA ATENA FIC FIF AÇÕES BRASIL LIVRE QUANT RESP LTDA
[15:34:07] ETAPA 4 — Baixando JSON da CAIXA Asset...
[15:34:10]   JSON Asset salvo: /home/runner/work/catalogo-fundos-caixa-v2/catalogo-fundos-caixa-v2/data/fundos_asset.json
[15:34:10]   Histórico JSON salvo: /home/runner/work/catalogo-fundos-caixa-v2/catalogo-fundos-caixa-v2/historico/json/fundos_asset_20260727.json
[15:34:10]   Fundos no JSON Asset: 197
[15:34:10]   Asset matches encontrados: 168/172
[15:34:10]   Asset sem match: 4/172
[15:34:10] CSV salvo: /home/runner/work/catalogo-fundos-caixa-v2/catalogo-fundos-caixa-v2/dados_atuais.csv
[15:34:10] Histórico CSV salvo: /home/runner/work/catalogo-fundos-caixa-v2/catalogo-fundos-caixa-v2/sipii_caixa_20260727.csv
[15:34:10] Excel salvo: /home/runner/work/catalogo-fundos-caixa-v2/catalogo-fundos-caixa-v2/sipii_caixa_20260727.xlsx
[15:34:10] JSON unificado salvo: /home/runner/work/catalogo-fundos-caixa-v2/catalogo-fundos-caixa-v2/data/fundos_unificado.json
[15:34:10] Histórico JSON unificado salvo: /home/runner/work/catalogo-fundos-caixa-v2/catalogo-fundos-caixa-v2/historico/json/fundos_unificado_20260727.json
[15:34:10] SUCESSO: 172 fundos consolidados e enriquecidos salvos.
[14:57:39] INICIANDO ROBÔ SIPII v11 - SIPII + ASSET JSON
[14:57:39] ETAPA 1 — Coletando URLs dinâmicas (12 páginas CAIXA)...
[14:57:41]   [CAIXA] renda-fixa → +34 links (34 total)
[14:57:43]   [CAIXA] referenciados → +4 links (38 total)
[14:57:44]   [CAIXA] fundo-simples → +2 links (40 total)
[14:57:46]   [CAIXA] curto-prazo → +1 links (41 total)
[14:57:47]   [CAIXA] multimercado → +19 links (60 total)
[14:57:49]   [CAIXA] cambiais → +1 links (61 total)
[14:57:51]   [CAIXA] fundos-de-acoes → +11 links (72 total)
[14:57:53]   [CAIXA] fundos-de-indices → +2 links (74 total)
[14:57:54]   [CAIXA] renda-fixa → +8 links (82 total)
[14:57:56]   [CAIXA] empresa → +5 links (87 total)
[14:57:57]   [CAIXA] fmp-fgts → HTTP 404
[14:57:58]   [CAIXA] rpps → +8 links (95 total)
[14:57:59] [CAIXA] Total URLs dinâmicas: 95
[14:57:59] ETAPA 2 — Coletando dados do SIPII...
[14:58:02] [PF] Abrindo SIPII...
[14:59:17]   [PF] RENDA FIXA SIMPLES: 3 fundos.
[15:01:14]   [PF] RENDA FIXA: 39 fundos.
[15:01:59]   [PF] RENDA FIXA REFERENCIADO: 10 fundos.
[15:02:18]   [PF] RENDA FIXA CURTO PRAZO: 1 fundos.
[15:05:11]   [PF] Sessão perdida em 'MULTIMERCADO'. Reiniciando...
[15:05:12] [PF] Abrindo SIPII...
[15:07:12]   [PF] Falha ao recuperar 'MULTIMERCADO': HTTPConnectionPool(host='localhost', port=57749): Read timed out. (read timeout=120)
[15:09:12]   [PF] Erro em 'CAMBIAL': HTTPConnectionPool(host='localhost', port=57749): Read timed out. (read timeout=120)
[15:10:12]   [PF] Sessão perdida em 'ACOES'. Reiniciando...
[15:10:13] [PF] Abrindo SIPII...
[15:12:58]   [PF] ACOES (recuperado): 31 fundos.
[15:13:04]   [PF] FUNDO DE INDICE: 1 fundos.
[15:13:25]   [PF] FUNDOS MUTUOS DE PRIVATIZACAO: 9 fundos.
[15:13:25] [PJ] Abrindo SIPII...
[15:14:43]   [PJ] RENDA FIXA SIMPLES: 5 fundos.
[15:16:04]   [PJ] RENDA FIXA: 38 fundos.
[15:16:26]   [PJ] RENDA FIXA REFERENCIADO: 7 fundos.
[15:16:35]   [PJ] RENDA FIXA CURTO PRAZO: 2 fundos.
[15:17:39]   [PJ] MULTIMERCADO: 27 fundos.
[15:17:49]   [PJ] CAMBIAL: 1 fundos.
[15:19:10]   [PJ] ACOES: 29 fundos.
[15:19:10] [GOV] Abrindo SIPII...
[15:20:31]   [GOV] RENDA FIXA: 2 fundos.
[15:20:53]   [GOV] RENDA FIXA REFERENCIADO: 3 fundos.
[15:21:11]   [GOV] RENDA FIXA CURTO PRAZO: 3 fundos.
[15:21:50]   [GOV] MULTIMERCADO: 6 fundos.
[15:22:51]   [GOV] ACOES: 4 fundos.
[15:22:52] [RPPS] Abrindo SIPII...
[15:27:59]   [RPPS] RENDA FIXA: 19 fundos.
[15:28:03]   [RPPS] RENDA FIXA REFERENCIADO: 4 fundos.
[15:28:09]   [RPPS] MULTIMERCADO: 14 fundos.
[15:28:16]   [RPPS] ACOES: 15 fundos.
[15:28:16] [TODOS] Abrindo SIPII...
[15:28:36]   [TODOS] RENDA FIXA SIMPLES: 2 fundos.
[15:28:50]   [TODOS] RENDA FIXA: 42 fundos.
[15:28:55]   [TODOS] RENDA FIXA REFERENCIADO: 8 fundos.
[15:28:59]   [TODOS] RENDA FIXA CURTO PRAZO: 3 fundos.
[15:29:05]   [TODOS] MULTIMERCADO: 14 fundos.
[15:29:08]   [TODOS] CAMBIAL: 1 fundos.
[15:29:18]   [TODOS] ACOES: 25 fundos.
[15:29:21]   [TODOS] FUNDO DE INDICE: 1 fundos.
[15:29:22] ETAPA 3 — Associando URLs (estáticas + dinâmicas)...
[15:29:22]   Dicionário estático : 116 entradas
[15:29:22]   URLs encontradas    : 162/187
[15:29:22]   Sem URL             : 25/187
[15:29:22]   Fundos SEM URL:
[15:29:22]     - CAIXA FIC FIF EXCLUSIVO FUNC RF CREDITO PRIVADO LP RESP LTDA
[15:29:22]     - CAIXA EXPERT VOX DESENV SUSTENTAVEL IS RF CRED PRIV LP - RESP LTDA (1) (2)
[15:29:22]     - CAIXA EXPERT VINLAND DEB IN INFRA RF CRED PRIV LP RESP LTDA (1) (2) (3)
[15:29:22]     - CAIXA EXPERT ABSOLUTE CRETA FIC FIF RF CRED PRIV LP - RESP LTDA (1)
[15:29:22]     - CAIXA SIGMA FUNCIONARIOS FIC FIF RF REF DI LP - RESP LTDA (2) (3)
[15:29:22]     - CAIXA ATENA FIC FIF AÇÕES FUNCIONÁRIOS LIVRE QUANT RESP LTDA
[15:29:22]     - CAIXA ATENA FIC FIF AÇÕES LIVRE QUANT RESP LTDA
[15:29:22]     - CAIXA EXPERT ARX INCOME FIC FIF ACOES RESP LTDA (1) (2) (3)
[15:29:22]     - CAIXA FMP-FGTS ELETROBRAS MIGRACAO
[15:29:22]     - CAIXA FMP-FGTS ELETROBRAS RESP LTDA
[15:29:22]     - CAIXA FMP-FGTS PETROBRÁS IV RESP LTDA
[15:29:22]     - CAIXA FMP-FGTS VALE RIO DOCE II RESP LTDA
[15:29:22]     - CAIXA FMP-FGTS CL ABSOLUTO RESP LTDA
[15:29:22]     - CAIXA FMP-FGTS VALE RIO DOCE MIGRAÇÃO RESP LTDA
[15:29:22]     - CAIXA FMP-FGTS PETROBRÁS II RESP LTDA
[15:29:22]     - CAIXA FMP-FGTS VALE RIO DOCE I RESP LTDA
[15:29:22]     - CAIXA FMP-FGTS PETROBRÁS III RESP LTDA
[15:29:22]     - CAIXA CARTEIRA QUANT UNO FIC FIF MM LP RESP LTDA (1) (2) (3)
[15:29:22]     - CAIXA CARTEIRA QUANT QUALI FIC FIF MM LP RESP LTDA (1) (2) (3)
[15:29:22]     - CAIXA CARTEIRA QUANT DUO FIC FIF MM LP RESP LTDA (1) (2) (3)
[15:29:22]     - CAIXA HASHDEX NASDAQ CRYPTO INDEX FIC FIF MM RESP LTDA (1) (2)
[15:29:22]     - CAIXA FIC FIM CAPITAL PROTEGIDO CICLICO II LP - RL (1)
[15:29:22]     - CAIXA FIC FIM CAPITAL PROTEGIDO CICLICO II LP - RL
[15:29:22]     - CAIXA EXPERT ABSOLUTE CRETA FIC FIF RF CRED PRIV LP - RESP LTDA
[15:29:22]     - CAIXA ATENA FIC FIF AÇÕES BRASIL LIVRE QUANT RESP LTDA
[15:29:22] ETAPA 4 — Baixando JSON da CAIXA Asset...
[15:29:24]   JSON Asset salvo: /home/runner/work/catalogo-fundos-caixa-v2/catalogo-fundos-caixa-v2/data/fundos_asset.json
[15:29:24]   Histórico JSON salvo: /home/runner/work/catalogo-fundos-caixa-v2/catalogo-fundos-caixa-v2/historico/json/fundos_asset_20260728.json
[15:29:24]   Fundos no JSON Asset: 198
[15:29:24]   Asset matches encontrados: 183/187
[15:29:24]   Asset sem match: 4/187
[15:29:24] CSV salvo: /home/runner/work/catalogo-fundos-caixa-v2/catalogo-fundos-caixa-v2/dados_atuais.csv
[15:29:24] Histórico CSV salvo: /home/runner/work/catalogo-fundos-caixa-v2/catalogo-fundos-caixa-v2/sipii_caixa_20260728.csv
[15:29:25] Excel salvo: /home/runner/work/catalogo-fundos-caixa-v2/catalogo-fundos-caixa-v2/sipii_caixa_20260728.xlsx
[15:29:25] JSON unificado salvo: /home/runner/work/catalogo-fundos-caixa-v2/catalogo-fundos-caixa-v2/data/fundos_unificado.json
[15:29:25] Histórico JSON unificado salvo: /home/runner/work/catalogo-fundos-caixa-v2/catalogo-fundos-caixa-v2/historico/json/fundos_unificado_20260728.json
[15:29:25] SUCESSO: 187 fundos consolidados e enriquecidos salvos.
[14:39:14] INICIANDO ROBÔ SIPII v11 - SIPII + ASSET JSON
[14:39:14] ETAPA 1 — Coletando URLs dinâmicas (12 páginas CAIXA)...
[14:39:15]   [CAIXA] renda-fixa → +34 links (34 total)
[14:39:17]   [CAIXA] referenciados → +4 links (38 total)
[14:39:18]   [CAIXA] fundo-simples → +2 links (40 total)
[14:39:20]   [CAIXA] curto-prazo → +1 links (41 total)
[14:39:21]   [CAIXA] multimercado → +19 links (60 total)
[14:39:23]   [CAIXA] cambiais → +1 links (61 total)
[14:39:25]   [CAIXA] fundos-de-acoes → +11 links (72 total)
[14:39:26]   [CAIXA] fundos-de-indices → +2 links (74 total)
[14:39:28]   [CAIXA] renda-fixa → +8 links (82 total)
[14:39:29]   [CAIXA] empresa → +5 links (87 total)
[14:39:30]   [CAIXA] fmp-fgts → HTTP 404
[14:39:31]   [CAIXA] rpps → +8 links (95 total)
[14:39:32] [CAIXA] Total URLs dinâmicas: 95
[14:39:32] ETAPA 2 — Coletando dados do SIPII...
[14:39:39] [PF] Abrindo SIPII...
[14:40:14]   [PF] RENDA FIXA SIMPLES: 3 fundos.
[14:40:36]   [PF] RENDA FIXA: 39 fundos.
[14:40:49]   [PF] RENDA FIXA REFERENCIADO: 10 fundos.
[14:40:56]   [PF] RENDA FIXA CURTO PRAZO: 1 fundos.
[14:41:17]   [PF] MULTIMERCADO: 30 fundos.
[14:41:20]   [PF] CAMBIAL: 1 fundos.
[14:41:55]   [PF] ACOES: 30 fundos.
[14:42:01]   [PF] FUNDO DE INDICE: 1 fundos.
[14:42:15]   [PF] FUNDOS MUTUOS DE PRIVATIZACAO: 9 fundos.
[14:42:15] [PJ] Abrindo SIPII...
[14:43:02]   [PJ] RENDA FIXA SIMPLES: 5 fundos.
[14:43:40]   [PJ] RENDA FIXA: 38 fundos.
[14:43:48]   [PJ] RENDA FIXA REFERENCIADO: 7 fundos.
[14:43:55]   [PJ] RENDA FIXA CURTO PRAZO: 2 fundos.
[14:44:29]   [PJ] MULTIMERCADO: 27 fundos.
[14:44:33]   [PJ] CAMBIAL: 1 fundos.
[14:45:12]   [PJ] ACOES: 28 fundos.
[14:45:13] [GOV] Abrindo SIPII...
[14:46:01]   [GOV] RENDA FIXA: 2 fundos.
[14:46:09]   [GOV] RENDA FIXA REFERENCIADO: 3 fundos.
[14:46:19]   [GOV] RENDA FIXA CURTO PRAZO: 3 fundos.
[14:46:29]   [GOV] MULTIMERCADO: 6 fundos.
[14:46:37]   [GOV] ACOES: 4 fundos.
[14:46:37] [RPPS] Abrindo SIPII...
[14:50:20]   [RPPS] RENDA FIXA: 19 fundos.
[14:50:37]   [RPPS] RENDA FIXA REFERENCIADO: 4 fundos.
[14:51:10]   [RPPS] MULTIMERCADO: 14 fundos.
[14:52:06]   [RPPS] ACOES: 14 fundos.
[14:52:06] [TODOS] Abrindo SIPII...
[14:53:20]   [TODOS] RENDA FIXA SIMPLES: 2 fundos.
[14:54:48]   [TODOS] RENDA FIXA: 42 fundos.
[14:55:10]   [TODOS] RENDA FIXA REFERENCIADO: 8 fundos.
[14:55:19]   [TODOS] RENDA FIXA CURTO PRAZO: 3 fundos.
[14:55:53]   [TODOS] MULTIMERCADO: 14 fundos.
[14:56:01]   [TODOS] CAMBIAL: 1 fundos.
[14:57:34]   [TODOS] ACOES: 25 fundos.
[14:57:50]   [TODOS] FUNDO DE INDICE: 1 fundos.
[14:57:50] ETAPA 3 — Associando URLs (estáticas + dinâmicas)...
[14:57:50]   Dicionário estático : 116 entradas
[14:57:50]   URLs encontradas    : 149/172
[14:57:50]   Sem URL             : 23/172
[14:57:50]   Fundos SEM URL:
[14:57:50]     - CAIXA FIC FIF EXCLUSIVO FUNC RF CREDITO PRIVADO LP RESP LTDA
[14:57:50]     - CAIXA EXPERT VOX DESENV SUSTENTAVEL IS RF CRED PRIV LP - RESP LTDA (1) (2)
[14:57:50]     - CAIXA EXPERT VINLAND DEB IN INFRA RF CRED PRIV LP RESP LTDA (1) (2) (3)
[14:57:50]     - CAIXA EXPERT ABSOLUTE CRETA FIC FIF RF CRED PRIV LP - RESP LTDA (1)
[14:57:50]     - CAIXA SIGMA FUNCIONARIOS FIC FIF RF REF DI LP - RESP LTDA (2) (3)
[14:57:50]     - CAIXA CARTEIRA QUANT DUO FIC FIF MM LP RESP LTDA (1) (2) (3)
[14:57:50]     - CAIXA CARTEIRA QUANT QUALI FIC FIF MM LP RESP LTDA (1) (2) (3)
[14:57:50]     - CAIXA CARTEIRA QUANT UNO FIC FIF MM LP RESP LTDA (1) (2) (3)
[14:57:50]     - CAIXA FIC FIF FUNCIONARIOS ESTRATEGIA LIVRE MULTIMERCADO LP RESP LTDA (1)
[14:57:50]     - CAIXA HASHDEX NASDAQ CRYPTO INDEX FIC FIF MM RESP LTDA (1) (2)
[14:57:50]     - CAIXA FIC FIM CAPITAL PROTEGIDO CICLICO II LP - RL (1)
[14:57:50]     - CAIXA ATENA FIC FIF AÇÕES FUNCIONÁRIOS LIVRE QUANT RESP LTDA
[14:57:50]     - CAIXA ATENA FIC FIF AÇÕES LIVRE QUANT RESP LTDA
[14:57:50]     - CAIXA FMP-FGTS ELETROBRAS MIGRACAO
[14:57:50]     - CAIXA FMP-FGTS ELETROBRAS RESP LTDA
[14:57:50]     - CAIXA FMP-FGTS PETROBRÁS IV RESP LTDA
[14:57:50]     - CAIXA FMP-FGTS VALE RIO DOCE II RESP LTDA
[14:57:50]     - CAIXA FMP-FGTS CL ABSOLUTO RESP LTDA
[14:57:50]     - CAIXA FMP-FGTS VALE RIO DOCE MIGRAÇÃO RESP LTDA
[14:57:50]     - CAIXA FMP-FGTS PETROBRÁS II RESP LTDA
[14:57:50]     - CAIXA FMP-FGTS VALE RIO DOCE I RESP LTDA
[14:57:50]     - CAIXA FMP-FGTS PETROBRÁS III RESP LTDA
[14:57:50]     - CAIXA ATENA FIC FIF AÇÕES BRASIL LIVRE QUANT RESP LTDA
[14:57:50] ETAPA 4 — Baixando JSON da CAIXA Asset...
[14:57:52]   JSON Asset salvo: /home/runner/work/catalogo-fundos-caixa-v2/catalogo-fundos-caixa-v2/data/fundos_asset.json
[14:57:52]   Histórico JSON salvo: /home/runner/work/catalogo-fundos-caixa-v2/catalogo-fundos-caixa-v2/historico/json/fundos_asset_20260729.json
[14:57:52]   Fundos no JSON Asset: 198
[14:57:52]   Asset matches encontrados: 168/172
[14:57:52]   Asset sem match: 4/172
[14:57:52] CSV salvo: /home/runner/work/catalogo-fundos-caixa-v2/catalogo-fundos-caixa-v2/dados_atuais.csv
[14:57:52] Histórico CSV salvo: /home/runner/work/catalogo-fundos-caixa-v2/catalogo-fundos-caixa-v2/sipii_caixa_20260729.csv
[14:57:52] Excel salvo: /home/runner/work/catalogo-fundos-caixa-v2/catalogo-fundos-caixa-v2/sipii_caixa_20260729.xlsx
[14:57:53] JSON unificado salvo: /home/runner/work/catalogo-fundos-caixa-v2/catalogo-fundos-caixa-v2/data/fundos_unificado.json
[14:57:53] Histórico JSON unificado salvo: /home/runner/work/catalogo-fundos-caixa-v2/catalogo-fundos-caixa-v2/historico/json/fundos_unificado_20260729.json
[14:57:53] SUCESSO: 172 fundos consolidados e enriquecidos salvos.
[14:40:06] INICIANDO ROBÔ SIPII v11 - SIPII + ASSET JSON
[14:40:06] ETAPA 1 — Coletando URLs dinâmicas (12 páginas CAIXA)...
[14:40:09]   [CAIXA] renda-fixa → +34 links (34 total)
[14:40:11]   [CAIXA] referenciados → +4 links (38 total)
[14:40:14]   [CAIXA] fundo-simples → +2 links (40 total)
[14:40:16]   [CAIXA] curto-prazo → +1 links (41 total)
[14:40:18]   [CAIXA] multimercado → +19 links (60 total)
[14:40:20]   [CAIXA] cambiais → +1 links (61 total)
[14:40:21]   [CAIXA] fundos-de-acoes → +11 links (72 total)
[14:40:23]   [CAIXA] fundos-de-indices → +2 links (74 total)
[14:40:24]   [CAIXA] renda-fixa → +8 links (82 total)
[14:40:26]   [CAIXA] empresa → +5 links (87 total)
[14:40:27]   [CAIXA] fmp-fgts → HTTP 404
[14:40:28]   [CAIXA] rpps → +8 links (95 total)
[14:40:29] [CAIXA] Total URLs dinâmicas: 95
[14:40:29] ETAPA 2 — Coletando dados do SIPII...
[14:40:30] [PF] Abrindo SIPII...
[14:40:50]   [PF] RENDA FIXA SIMPLES: 3 fundos.
[14:41:04]   [PF] RENDA FIXA: 39 fundos.
[14:41:10]   [PF] RENDA FIXA REFERENCIADO: 10 fundos.
[14:41:13]   [PF] RENDA FIXA CURTO PRAZO: 1 fundos.
[14:41:26]   [PF] MULTIMERCADO: 30 fundos.
[14:41:29]   [PF] CAMBIAL: 1 fundos.
[14:41:41]   [PF] ACOES: 30 fundos.
[14:41:45]   [PF] FUNDO DE INDICE: 1 fundos.
[14:41:51]   [PF] FUNDOS MUTUOS DE PRIVATIZACAO: 9 fundos.
[14:41:51] [PJ] Abrindo SIPII...
[14:42:12]   [PJ] RENDA FIXA SIMPLES: 5 fundos.
[14:42:25]   [PJ] RENDA FIXA: 38 fundos.
[14:42:30]   [PJ] RENDA FIXA REFERENCIADO: 7 fundos.
[14:42:34]   [PJ] RENDA FIXA CURTO PRAZO: 2 fundos.
[14:42:45]   [PJ] MULTIMERCADO: 27 fundos.
[14:42:48]   [PJ] CAMBIAL: 1 fundos.
[14:42:59]   [PJ] ACOES: 28 fundos.
[14:43:00] [GOV] Abrindo SIPII...
[14:43:18]   [GOV] RENDA FIXA: 2 fundos.
[14:43:21]   [GOV] RENDA FIXA REFERENCIADO: 3 fundos.
[14:43:25]   [GOV] RENDA FIXA CURTO PRAZO: 3 fundos.
[14:43:29]   [GOV] MULTIMERCADO: 6 fundos.
[14:43:33]   [GOV] ACOES: 4 fundos.
[14:43:34] [RPPS] Abrindo SIPII...
[14:44:04]   [RPPS] RENDA FIXA: 19 fundos.
[14:44:08]   [RPPS] RENDA FIXA REFERENCIADO: 4 fundos.
[14:44:15]   [RPPS] MULTIMERCADO: 14 fundos.
[14:44:22]   [RPPS] ACOES: 14 fundos.
[14:44:22] [TODOS] Abrindo SIPII...
[14:44:42]   [TODOS] RENDA FIXA SIMPLES: 2 fundos.
[14:44:56]   [TODOS] RENDA FIXA: 42 fundos.
[14:45:02]   [TODOS] RENDA FIXA REFERENCIADO: 8 fundos.
[14:45:05]   [TODOS] RENDA FIXA CURTO PRAZO: 3 fundos.
[14:45:12]   [TODOS] MULTIMERCADO: 14 fundos.
[14:45:15]   [TODOS] CAMBIAL: 1 fundos.
[14:45:26]   [TODOS] ACOES: 25 fundos.
[14:45:29]   [TODOS] FUNDO DE INDICE: 1 fundos.
[14:45:29] ETAPA 3 — Associando URLs (estáticas + dinâmicas)...
[14:45:29]   Dicionário estático : 116 entradas
[14:45:29]   URLs encontradas    : 149/172
[14:45:29]   Sem URL             : 23/172
[14:45:29]   Fundos SEM URL:
[14:45:29]     - CAIXA FIC FIF EXCLUSIVO FUNC RF CREDITO PRIVADO LP RESP LTDA
[14:45:29]     - CAIXA EXPERT VOX DESENV SUSTENTAVEL IS RF CRED PRIV LP - RESP LTDA (1) (2)
[14:45:29]     - CAIXA EXPERT VINLAND DEB IN INFRA RF CRED PRIV LP RESP LTDA (1) (2) (3)
[14:45:29]     - CAIXA EXPERT ABSOLUTE CRETA FIC FIF RF CRED PRIV LP - RESP LTDA (1)
[14:45:29]     - CAIXA SIGMA FUNCIONARIOS FIC FIF RF REF DI LP - RESP LTDA (2) (3)
[14:45:29]     - CAIXA CARTEIRA QUANT DUO FIC FIF MM LP RESP LTDA (1) (2) (3)
[14:45:29]     - CAIXA CARTEIRA QUANT QUALI FIC FIF MM LP RESP LTDA (1) (2) (3)
[14:45:29]     - CAIXA CARTEIRA QUANT UNO FIC FIF MM LP RESP LTDA (1) (2) (3)
[14:45:29]     - CAIXA FIC FIF FUNCIONARIOS ESTRATEGIA LIVRE MULTIMERCADO LP RESP LTDA (1)
[14:45:29]     - CAIXA HASHDEX NASDAQ CRYPTO INDEX FIC FIF MM RESP LTDA (1) (2)
[14:45:29]     - CAIXA FIC FIM CAPITAL PROTEGIDO CICLICO II LP - RL (1)
[14:45:29]     - CAIXA ATENA FIC FIF AÇÕES FUNCIONÁRIOS LIVRE QUANT RESP LTDA
[14:45:29]     - CAIXA ATENA FIC FIF AÇÕES LIVRE QUANT RESP LTDA
[14:45:29]     - CAIXA FMP-FGTS ELETROBRAS MIGRACAO
[14:45:29]     - CAIXA FMP-FGTS ELETROBRAS RESP LTDA
[14:45:29]     - CAIXA FMP-FGTS PETROBRÁS IV RESP LTDA
[14:45:29]     - CAIXA FMP-FGTS VALE RIO DOCE II RESP LTDA
[14:45:29]     - CAIXA FMP-FGTS CL ABSOLUTO RESP LTDA
[14:45:29]     - CAIXA FMP-FGTS VALE RIO DOCE MIGRAÇÃO RESP LTDA
[14:45:29]     - CAIXA FMP-FGTS PETROBRÁS II RESP LTDA
[14:45:29]     - CAIXA FMP-FGTS VALE RIO DOCE I RESP LTDA
[14:45:29]     - CAIXA FMP-FGTS PETROBRÁS III RESP LTDA
[14:45:29]     - CAIXA ATENA FIC FIF AÇÕES BRASIL LIVRE QUANT RESP LTDA
[14:45:29] ETAPA 4 — Baixando JSON da CAIXA Asset...
[14:45:32]   JSON Asset salvo: /home/runner/work/catalogo-fundos-caixa-v2/catalogo-fundos-caixa-v2/data/fundos_asset.json
[14:45:32]   Histórico JSON salvo: /home/runner/work/catalogo-fundos-caixa-v2/catalogo-fundos-caixa-v2/historico/json/fundos_asset_20260730.json
[14:45:32]   Fundos no JSON Asset: 198
[14:45:32]   Asset matches encontrados: 168/172
[14:45:32]   Asset sem match: 4/172
[14:45:32] CSV salvo: /home/runner/work/catalogo-fundos-caixa-v2/catalogo-fundos-caixa-v2/dados_atuais.csv
[14:45:32] Histórico CSV salvo: /home/runner/work/catalogo-fundos-caixa-v2/catalogo-fundos-caixa-v2/sipii_caixa_20260730.csv
[14:45:32] Excel salvo: /home/runner/work/catalogo-fundos-caixa-v2/catalogo-fundos-caixa-v2/sipii_caixa_20260730.xlsx
[14:45:32] JSON unificado salvo: /home/runner/work/catalogo-fundos-caixa-v2/catalogo-fundos-caixa-v2/data/fundos_unificado.json
[14:45:32] Histórico JSON unificado salvo: /home/runner/work/catalogo-fundos-caixa-v2/catalogo-fundos-caixa-v2/historico/json/fundos_unificado_20260730.json
[14:45:32] SUCESSO: 172 fundos consolidados e enriquecidos salvos.
[14:56:09] INICIANDO ROBÔ SIPII v11 - SIPII + ASSET JSON
[14:56:09] ETAPA 1 — Coletando URLs dinâmicas (12 páginas CAIXA)...
[14:56:11]   [CAIXA] renda-fixa → +34 links (34 total)
[14:56:12]   [CAIXA] referenciados → +4 links (38 total)
[14:56:14]   [CAIXA] fundo-simples → +2 links (40 total)
[14:56:15]   [CAIXA] curto-prazo → +1 links (41 total)
[14:56:17]   [CAIXA] multimercado → +19 links (60 total)
[14:56:19]   [CAIXA] cambiais → +1 links (61 total)
[14:56:20]   [CAIXA] fundos-de-acoes → +12 links (73 total)
[14:56:22]   [CAIXA] fundos-de-indices → +2 links (75 total)
[14:56:23]   [CAIXA] renda-fixa → +8 links (83 total)
[14:56:25]   [CAIXA] empresa → +5 links (88 total)
[14:56:26]   [CAIXA] fmp-fgts → HTTP 404
[14:56:27]   [CAIXA] rpps → +8 links (96 total)
[14:56:28] [CAIXA] Total URLs dinâmicas: 96
[14:56:28] ETAPA 2 — Coletando dados do SIPII...
[14:56:29] [PF] Abrindo SIPII...
[14:58:29] [PF] Erro geral: HTTPConnectionPool(host='localhost', port=36697): Read timed out. (read timeout=120)
[14:58:40] [PJ] Abrindo SIPII...
[15:00:40] [PJ] Erro geral: HTTPConnectionPool(host='localhost', port=55139): Read timed out. (read timeout=120)
[15:00:53] [GOV] Abrindo SIPII...
[15:02:53] [GOV] Erro geral: HTTPConnectionPool(host='localhost', port=34321): Read timed out. (read timeout=120)
[15:05:54] [RPPS] Abrindo SIPII...
[15:07:54] [RPPS] Erro geral: HTTPConnectionPool(host='localhost', port=39247): Read timed out. (read timeout=120)
[15:08:06] [TODOS] Abrindo SIPII...
[15:10:06] [TODOS] Erro geral: HTTPConnectionPool(host='localhost', port=41233): Read timed out. (read timeout=120)
[15:10:18] ATENÇÃO: Nenhum dado coletado.
[15:23:23] INICIANDO ROBÔ SIPII v11 - SIPII + ASSET JSON
[15:23:23] ETAPA 1 — Coletando URLs dinâmicas (12 páginas CAIXA)...
[15:23:25]   [CAIXA] renda-fixa → +34 links (34 total)
[15:23:27]   [CAIXA] referenciados → +4 links (38 total)
[15:23:28]   [CAIXA] fundo-simples → +2 links (40 total)
[15:23:30]   [CAIXA] curto-prazo → +1 links (41 total)
[15:23:31]   [CAIXA] multimercado → +19 links (60 total)
[15:23:33]   [CAIXA] cambiais → +1 links (61 total)
[15:23:35]   [CAIXA] fundos-de-acoes → +12 links (73 total)
[15:23:36]   [CAIXA] fundos-de-indices → +2 links (75 total)
[15:23:38]   [CAIXA] renda-fixa → +8 links (83 total)
[15:23:39]   [CAIXA] empresa → +5 links (88 total)
[15:23:41]   [CAIXA] fmp-fgts → HTTP 404
[15:23:41]   [CAIXA] rpps → +8 links (96 total)
[15:23:42] [CAIXA] Total URLs dinâmicas: 96
[15:23:42] ETAPA 2 — Coletando dados do SIPII...
[15:23:49] [PF] Abrindo SIPII...
[15:24:47]   [PF] RENDA FIXA SIMPLES: 3 fundos.
[15:25:33]   [PF] RENDA FIXA: 40 fundos.
[15:25:51]   [PF] RENDA FIXA REFERENCIADO: 10 fundos.
[15:25:56]   [PF] RENDA FIXA CURTO PRAZO: 1 fundos.
[15:26:34]   [PF] MULTIMERCADO: 30 fundos.
[15:26:39]   [PF] CAMBIAL: 1 fundos.
[15:27:15]   [PF] ACOES: 30 fundos.
[15:27:19]   [PF] FUNDO DE INDICE: 1 fundos.
[15:27:39]   [PF] FUNDOS MUTUOS DE PRIVATIZACAO: 9 fundos.
[15:27:40] [PJ] Abrindo SIPII...
[15:28:37]   [PJ] RENDA FIXA SIMPLES: 5 fundos.
[15:29:31]   [PJ] RENDA FIXA: 38 fundos.
[15:29:49]   [PJ] RENDA FIXA REFERENCIADO: 7 fundos.
[15:29:55]   [PJ] RENDA FIXA CURTO PRAZO: 2 fundos.
[15:30:41]   [PJ] MULTIMERCADO: 27 fundos.
[15:30:47]   [PJ] CAMBIAL: 1 fundos.
[15:32:01]   [PJ] ACOES: 28 fundos.
[15:32:01] [GOV] Abrindo SIPII...
[15:33:23]   [GOV] RENDA FIXA: 2 fundos.
[15:33:33]   [GOV] RENDA FIXA REFERENCIADO: 3 fundos.
[15:33:51]   [GOV] RENDA FIXA CURTO PRAZO: 3 fundos.
[15:34:10]   [GOV] MULTIMERCADO: 6 fundos.
[15:34:22]   [GOV] ACOES: 4 fundos.
[15:34:23] [RPPS] Abrindo SIPII...
[15:35:27]   [RPPS] RENDA FIXA: 19 fundos.
[15:35:31]   [RPPS] RENDA FIXA REFERENCIADO: 4 fundos.
[15:35:39]   [RPPS] MULTIMERCADO: 14 fundos.
[15:35:46]   [RPPS] ACOES: 14 fundos.
[15:35:47] [TODOS] Abrindo SIPII...
[15:36:04]   [TODOS] RENDA FIXA SIMPLES: 2 fundos.
[15:36:20]   [TODOS] RENDA FIXA: 42 fundos.
[15:36:25]   [TODOS] RENDA FIXA REFERENCIADO: 8 fundos.
[15:36:29]   [TODOS] RENDA FIXA CURTO PRAZO: 3 fundos.
[15:36:35]   [TODOS] MULTIMERCADO: 14 fundos.
[15:36:38]   [TODOS] CAMBIAL: 1 fundos.
[15:36:49]   [TODOS] ACOES: 25 fundos.
[15:36:53]   [TODOS] FUNDO DE INDICE: 1 fundos.
[15:36:53] ETAPA 3 — Associando URLs (estáticas + dinâmicas)...
[15:36:53]   Dicionário estático : 116 entradas
[15:36:53]   URLs encontradas    : 149/173
[15:36:53]   Sem URL             : 24/173
[15:36:53]   Fundos SEM URL:
[15:36:53]     - CAIXA FIC FIF EXCLUSIVO FUNC RF CREDITO PRIVADO LP RESP LTDA
[15:36:53]     - CAIXA FOF SMART INFRA SUBCLASSE VAREJO (1) (2) (3)
[15:36:53]     - CAIXA EXPERT VINLAND DEB IN INFRA RF CRED PRIV LP RESP LTDA (1) (2) (3)
[15:36:53]     - CAIXA EXPERT ABSOLUTE CRETA FIC FIF RF CRED PRIV LP - RESP LTDA (1)
[15:36:53]     - CAIXA EXPERT VOX DESENV SUSTENTAVEL IS RF CRED PRIV LP - RESP LTDA (1) (2)
[15:36:53]     - CAIXA SIGMA FUNCIONARIOS FIC FIF RF REF DI LP - RESP LTDA (2) (3)
[15:36:53]     - CAIXA CARTEIRA QUANT DUO FIC FIF MM LP RESP LTDA (1) (2) (3)
[15:36:53]     - CAIXA CARTEIRA QUANT QUALI FIC FIF MM LP RESP LTDA (1) (2) (3)
[15:36:53]     - CAIXA CARTEIRA QUANT UNO FIC FIF MM LP RESP LTDA (1) (2) (3)
[15:36:53]     - CAIXA FIC FIF FUNCIONARIOS ESTRATEGIA LIVRE MULTIMERCADO LP RESP LTDA (1)
[15:36:53]     - CAIXA HASHDEX NASDAQ CRYPTO INDEX FIC FIF MM RESP LTDA (1) (2)
[15:36:53]     - CAIXA FIC FIM CAPITAL PROTEGIDO CICLICO II LP - RL (1)
[15:36:53]     - CAIXA ATENA FIC FIF AÇÕES FUNCIONÁRIOS LIVRE QUANT RESP LTDA
[15:36:53]     - CAIXA ATENA FIC FIF AÇÕES LIVRE QUANT RESP LTDA
[15:36:53]     - CAIXA FMP-FGTS ELETROBRAS MIGRACAO
[15:36:53]     - CAIXA FMP-FGTS ELETROBRAS RESP LTDA
[15:36:53]     - CAIXA FMP-FGTS PETROBRÁS IV RESP LTDA
[15:36:53]     - CAIXA FMP-FGTS VALE RIO DOCE II RESP LTDA
[15:36:53]     - CAIXA FMP-FGTS CL ABSOLUTO RESP LTDA
[15:36:53]     - CAIXA FMP-FGTS VALE RIO DOCE MIGRAÇÃO RESP LTDA
[15:36:53]     - CAIXA FMP-FGTS PETROBRÁS II RESP LTDA
[15:36:53]     - CAIXA FMP-FGTS VALE RIO DOCE I RESP LTDA
[15:36:53]     - CAIXA FMP-FGTS PETROBRÁS III RESP LTDA
[15:36:53]     - CAIXA ATENA FIC FIF AÇÕES BRASIL LIVRE QUANT RESP LTDA
[15:36:53] ETAPA 4 — Baixando JSON da CAIXA Asset...
[15:36:55]   JSON Asset salvo: /home/runner/work/catalogo-fundos-caixa-v2/catalogo-fundos-caixa-v2/data/fundos_asset.json
[15:36:55]   Histórico JSON salvo: /home/runner/work/catalogo-fundos-caixa-v2/catalogo-fundos-caixa-v2/historico/json/fundos_asset_20260803.json
[15:36:55]   Fundos no JSON Asset: 198
[15:36:55]   Asset matches encontrados: 169/173
[15:36:55]   Asset sem match: 4/173
[15:36:55] CSV salvo: /home/runner/work/catalogo-fundos-caixa-v2/catalogo-fundos-caixa-v2/dados_atuais.csv
[15:36:55] Histórico CSV salvo: /home/runner/work/catalogo-fundos-caixa-v2/catalogo-fundos-caixa-v2/sipii_caixa_20260803.csv
[15:36:56] Excel salvo: /home/runner/work/catalogo-fundos-caixa-v2/catalogo-fundos-caixa-v2/sipii_caixa_20260803.xlsx
[15:36:56] JSON unificado salvo: /home/runner/work/catalogo-fundos-caixa-v2/catalogo-fundos-caixa-v2/data/fundos_unificado.json
[15:36:56] Histórico JSON unificado salvo: /home/runner/work/catalogo-fundos-caixa-v2/catalogo-fundos-caixa-v2/historico/json/fundos_unificado_20260803.json
[15:36:56] SUCESSO: 173 fundos consolidados e enriquecidos salvos.
[14:58:43] INICIANDO ROBÔ SIPII v11 - SIPII + ASSET JSON
[14:58:43] ETAPA 1 — Coletando URLs dinâmicas (12 páginas CAIXA)...
[14:58:45]   [CAIXA] renda-fixa → +34 links (34 total)
[14:58:47]   [CAIXA] referenciados → +4 links (38 total)
[14:58:48]   [CAIXA] fundo-simples → +2 links (40 total)
[14:58:50]   [CAIXA] curto-prazo → +1 links (41 total)
[14:58:51]   [CAIXA] multimercado → +19 links (60 total)
[14:58:53]   [CAIXA] cambiais → +1 links (61 total)
[14:58:55]   [CAIXA] fundos-de-acoes → +12 links (73 total)
[14:58:56]   [CAIXA] fundos-de-indices → +2 links (75 total)
[14:58:58]   [CAIXA] renda-fixa → +8 links (83 total)
[14:58:59]   [CAIXA] empresa → +5 links (88 total)
[14:59:00]   [CAIXA] fmp-fgts → HTTP 404
[14:59:01]   [CAIXA] rpps → +8 links (96 total)
[14:59:02] [CAIXA] Total URLs dinâmicas: 96
[14:59:02] ETAPA 2 — Coletando dados do SIPII...
[14:59:10] [PF] Abrindo SIPII...
[15:00:01]   [PF] RENDA FIXA SIMPLES: 3 fundos.
[15:01:07]   [PF] RENDA FIXA: 40 fundos.
[15:01:26]   [PF] RENDA FIXA REFERENCIADO: 10 fundos.
[15:01:29]   [PF] RENDA FIXA CURTO PRAZO: 1 fundos.
[15:02:16]   [PF] MULTIMERCADO: 30 fundos.
[15:02:21]   [PF] CAMBIAL: 1 fundos.
[15:03:14]   [PF] ACOES: 30 fundos.
[15:03:22]   [PF] FUNDO DE INDICE: 1 fundos.
[15:03:41]   [PF] FUNDOS MUTUOS DE PRIVATIZACAO: 9 fundos.
[15:03:42] [PJ] Abrindo SIPII...
[15:05:14]   [PJ] RENDA FIXA SIMPLES: 5 fundos.
[15:06:24]   [PJ] RENDA FIXA: 38 fundos.
[15:06:42]   [PJ] RENDA FIXA REFERENCIADO: 7 fundos.
[15:06:48]   [PJ] RENDA FIXA CURTO PRAZO: 2 fundos.
[15:07:33]   [PJ] MULTIMERCADO: 27 fundos.
[15:07:42]   [PJ] CAMBIAL: 1 fundos.
[15:08:37]   [PJ] ACOES: 28 fundos.
[15:08:38] [GOV] Abrindo SIPII...
[15:09:34]   [GOV] RENDA FIXA: 2 fundos.
[15:09:44]   [GOV] RENDA FIXA REFERENCIADO: 3 fundos.
[15:09:54]   [GOV] RENDA FIXA CURTO PRAZO: 3 fundos.
[15:10:09]   [GOV] MULTIMERCADO: 6 fundos.
[15:10:19]   [GOV] ACOES: 4 fundos.
[15:10:19] [RPPS] Abrindo SIPII...
[15:12:39]   [RPPS] RENDA FIXA: 19 fundos.
[15:12:57]   [RPPS] RENDA FIXA REFERENCIADO: 4 fundos.
[15:13:29]   [RPPS] MULTIMERCADO: 14 fundos.
[15:14:11]   [RPPS] ACOES: 14 fundos.
[15:14:12] [TODOS] Abrindo SIPII...
[15:16:52]   [TODOS] RENDA FIXA SIMPLES: 2 fundos.
[15:20:52]   [TODOS] Erro em 'RENDA FIXA': HTTPConnectionPool(host='localhost', port=34405): Read timed out. (read timeout=120)
[15:22:53]   [TODOS] Erro em 'RENDA FIXA REFERENCIADO': HTTPConnectionPool(host='localhost', port=34405): Read timed out. (read timeout=120)
[15:24:53]   [TODOS] Erro em 'RENDA FIXA CURTO PRAZO': HTTPConnectionPool(host='localhost', port=34405): Read timed out. (read timeout=120)
[15:30:53]   [TODOS] Erro em 'MULTIMERCADO': HTTPConnectionPool(host='localhost', port=34405): Read timed out. (read timeout=120)
[15:32:53]   [TODOS] Erro em 'CAMBIAL': HTTPConnectionPool(host='localhost', port=34405): Read timed out. (read timeout=120)
[15:34:53]   [TODOS] Erro em 'ACOES': HTTPConnectionPool(host='localhost', port=34405): Read timed out. (read timeout=120)
[15:40:54]   [TODOS] Erro em 'FUNDO DE INDICE': HTTPConnectionPool(host='localhost', port=34405): Read timed out. (read timeout=120)
[15:44:06] ETAPA 3 — Associando URLs (estáticas + dinâmicas)...
[15:44:06]   Dicionário estático : 116 entradas
[15:44:06]   URLs encontradas    : 148/172
[15:44:06]   Sem URL             : 24/172
[15:44:06]   Fundos SEM URL:
[15:44:06]     - CAIXA FIC FIF EXCLUSIVO FUNC RF CREDITO PRIVADO LP RESP LTDA
[15:44:06]     - CAIXA FOF SMART INFRA SUBCLASSE VAREJO (2) (3)
[15:44:06]     - CAIXA EXPERT VINLAND DEB IN INFRA RF CRED PRIV LP RESP LTDA (2) (3)
[15:44:06]     - CAIXA EXPERT ABSOLUTE CRETA FIC FIF RF CRED PRIV LP - RESP LTDA
[15:44:06]     - CAIXA EXPERT VOX DESENV SUSTENTAVEL IS RF CRED PRIV LP - RESP LTDA (2)
[15:44:06]     - CAIXA SIGMA FUNCIONARIOS FIC FIF RF REF DI LP - RESP LTDA (2) (3)
[15:44:06]     - CAIXA CARTEIRA QUANT DUO FIC FIF MM LP RESP LTDA (2) (3)
[15:44:06]     - CAIXA CARTEIRA QUANT QUALI FIC FIF MM LP RESP LTDA (2) (3)
[15:44:06]     - CAIXA CARTEIRA QUANT UNO FIC FIF MM LP RESP LTDA (2) (3)
[15:44:06]     - CAIXA FIC FIF FUNCIONARIOS ESTRATEGIA LIVRE MULTIMERCADO LP RESP LTDA
[15:44:06]     - CAIXA HASHDEX NASDAQ CRYPTO INDEX FIC FIF MM RESP LTDA (2)
[15:44:06]     - CAIXA FIC FIM CAPITAL PROTEGIDO CICLICO II LP - RL
[15:44:06]     - CAIXA ATENA FIC FIF AÇÕES FUNCIONÁRIOS LIVRE QUANT RESP LTDA
[15:44:06]     - CAIXA ATENA FIC FIF AÇÕES LIVRE QUANT RESP LTDA
[15:44:06]     - CAIXA FMP-FGTS ELETROBRAS MIGRACAO
[15:44:06]     - CAIXA FMP-FGTS ELETROBRAS RESP LTDA
[15:44:06]     - CAIXA FMP-FGTS PETROBRÁS IV RESP LTDA
[15:44:06]     - CAIXA FMP-FGTS VALE RIO DOCE II RESP LTDA
[15:44:06]     - CAIXA FMP-FGTS CL ABSOLUTO RESP LTDA
[15:44:06]     - CAIXA FMP-FGTS VALE RIO DOCE MIGRAÇÃO RESP LTDA
[15:44:06]     - CAIXA FMP-FGTS PETROBRÁS II RESP LTDA
[15:44:06]     - CAIXA FMP-FGTS VALE RIO DOCE I RESP LTDA
[15:44:06]     - CAIXA FMP-FGTS PETROBRÁS III RESP LTDA
[15:44:06]     - CAIXA ATENA FIC FIF AÇÕES BRASIL LIVRE QUANT RESP LTDA
[15:44:06] ETAPA 4 — Baixando JSON da CAIXA Asset...
[15:44:08]   JSON Asset salvo: /home/runner/work/catalogo-fundos-caixa-v2/catalogo-fundos-caixa-v2/data/fundos_asset.json
[15:44:08]   Histórico JSON salvo: /home/runner/work/catalogo-fundos-caixa-v2/catalogo-fundos-caixa-v2/historico/json/fundos_asset_20260804.json
[15:44:08]   Fundos no JSON Asset: 198
[15:44:08]   Asset matches encontrados: 168/172
[15:44:08]   Asset sem match: 4/172
[15:44:08] CSV salvo: /home/runner/work/catalogo-fundos-caixa-v2/catalogo-fundos-caixa-v2/dados_atuais.csv
[15:44:08] Histórico CSV salvo: /home/runner/work/catalogo-fundos-caixa-v2/catalogo-fundos-caixa-v2/sipii_caixa_20260804.csv
[15:44:09] Excel salvo: /home/runner/work/catalogo-fundos-caixa-v2/catalogo-fundos-caixa-v2/sipii_caixa_20260804.xlsx
[15:44:09] JSON unificado salvo: /home/runner/work/catalogo-fundos-caixa-v2/catalogo-fundos-caixa-v2/data/fundos_unificado.json
[15:44:09] Histórico JSON unificado salvo: /home/runner/work/catalogo-fundos-caixa-v2/catalogo-fundos-caixa-v2/historico/json/fundos_unificado_20260804.json
[15:44:09] SUCESSO: 172 fundos consolidados e enriquecidos salvos.
[14:44:05] INICIANDO ROBÔ SIPII v11 - SIPII + ASSET JSON
[14:44:05] ETAPA 1 — Coletando URLs dinâmicas (12 páginas CAIXA)...
[14:44:10]   [CAIXA] renda-fixa → +34 links (34 total)
[14:44:12]   [CAIXA] referenciados → +4 links (38 total)
[14:44:13]   [CAIXA] fundo-simples → +2 links (40 total)
[14:44:15]   [CAIXA] curto-prazo → +1 links (41 total)
[14:44:17]   [CAIXA] multimercado → +19 links (60 total)
[14:44:19]   [CAIXA] cambiais → +1 links (61 total)
[14:44:21]   [CAIXA] fundos-de-acoes → +12 links (73 total)
[14:44:22]   [CAIXA] fundos-de-indices → +2 links (75 total)
[14:44:24]   [CAIXA] renda-fixa → +8 links (83 total)
[14:44:26]   [CAIXA] empresa → +5 links (88 total)
[14:44:27]   [CAIXA] fmp-fgts → HTTP 404
[14:44:27]   [CAIXA] rpps → +8 links (96 total)
[14:44:28] [CAIXA] Total URLs dinâmicas: 96
[14:44:28] ETAPA 2 — Coletando dados do SIPII...
[14:44:30] [PF] Abrindo SIPII...
[14:45:38]   [PF] RENDA FIXA SIMPLES: 3 fundos.
[14:47:09]   [PF] RENDA FIXA: 40 fundos.
[14:47:29]   [PF] RENDA FIXA REFERENCIADO: 10 fundos.
[14:47:35]   [PF] RENDA FIXA CURTO PRAZO: 1 fundos.
[14:48:37]   [PF] MULTIMERCADO: 30 fundos.
[14:48:43]   [PF] CAMBIAL: 1 fundos.
[14:49:26]   [PF] ACOES: 30 fundos.
[14:49:30]   [PF] FUNDO DE INDICE: 1 fundos.
[14:49:38]   [PF] FUNDOS MUTUOS DE PRIVATIZACAO: 9 fundos.
[14:49:39] [PJ] Abrindo SIPII...
[14:50:10]   [PJ] RENDA FIXA SIMPLES: 5 fundos.
[14:50:35]   [PJ] RENDA FIXA: 38 fundos.
[14:50:42]   [PJ] RENDA FIXA REFERENCIADO: 7 fundos.
[14:50:49]   [PJ] RENDA FIXA CURTO PRAZO: 2 fundos.
[14:51:07]   [PJ] MULTIMERCADO: 27 fundos.
[14:51:11]   [PJ] CAMBIAL: 1 fundos.
[14:51:29]   [PJ] ACOES: 28 fundos.
[14:51:29] [GOV] Abrindo SIPII...
[14:52:00]   [GOV] RENDA FIXA: 2 fundos.
[14:52:04]   [GOV] RENDA FIXA REFERENCIADO: 3 fundos.
[14:52:08]   [GOV] RENDA FIXA CURTO PRAZO: 3 fundos.
[14:52:16]   [GOV] MULTIMERCADO: 6 fundos.
[14:52:20]   [GOV] ACOES: 4 fundos.
[14:52:21] [RPPS] Abrindo SIPII...
[14:53:12]   [RPPS] RENDA FIXA: 19 fundos.
[14:53:19]   [RPPS] RENDA FIXA REFERENCIADO: 4 fundos.
[14:53:30]   [RPPS] MULTIMERCADO: 14 fundos.
[14:53:46]   [RPPS] ACOES: 14 fundos.
[14:53:47] [TODOS] Abrindo SIPII...
[14:54:22]   [TODOS] RENDA FIXA SIMPLES: 2 fundos.
[14:54:56]   [TODOS] RENDA FIXA: 42 fundos.
[14:55:08]   [TODOS] RENDA FIXA REFERENCIADO: 8 fundos.
[14:55:15]   [TODOS] RENDA FIXA CURTO PRAZO: 3 fundos.
[14:55:30]   [TODOS] MULTIMERCADO: 14 fundos.
[14:55:38]   [TODOS] CAMBIAL: 1 fundos.
[14:55:59]   [TODOS] ACOES: 25 fundos.
[14:56:04]   [TODOS] FUNDO DE INDICE: 1 fundos.
[14:56:04] ETAPA 3 — Associando URLs (estáticas + dinâmicas)...
[14:56:04]   Dicionário estático : 116 entradas
[14:56:04]   URLs encontradas    : 149/173
[14:56:04]   Sem URL             : 24/173
[14:56:04]   Fundos SEM URL:
[14:56:04]     - CAIXA FIC FIF EXCLUSIVO FUNC RF CREDITO PRIVADO LP RESP LTDA
[14:56:04]     - CAIXA FOF SMART INFRA SUBCLASSE VAREJO (1) (2) (3)
[14:56:04]     - CAIXA EXPERT VINLAND DEB IN INFRA RF CRED PRIV LP RESP LTDA (1) (2) (3)
[14:56:04]     - CAIXA EXPERT ABSOLUTE CRETA FIC FIF RF CRED PRIV LP - RESP LTDA (1)
[14:56:04]     - CAIXA EXPERT VOX DESENV SUSTENTAVEL IS RF CRED PRIV LP - RESP LTDA (1) (2)
[14:56:04]     - CAIXA SIGMA FUNCIONARIOS FIC FIF RF REF DI LP - RESP LTDA (2) (3)
[14:56:04]     - CAIXA CARTEIRA QUANT DUO FIC FIF MM LP RESP LTDA (1) (2) (3)
[14:56:04]     - CAIXA CARTEIRA QUANT QUALI FIC FIF MM LP RESP LTDA (1) (2) (3)
[14:56:04]     - CAIXA CARTEIRA QUANT UNO FIC FIF MM LP RESP LTDA (1) (2) (3)
[14:56:04]     - CAIXA FIC FIF FUNCIONARIOS ESTRATEGIA LIVRE MULTIMERCADO LP RESP LTDA (1)
[14:56:04]     - CAIXA HASHDEX NASDAQ CRYPTO INDEX FIC FIF MM RESP LTDA (1) (2)
[14:56:04]     - CAIXA FIC FIM CAPITAL PROTEGIDO CICLICO II LP - RL (1)
[14:56:04]     - CAIXA ATENA FIC FIF AÇÕES FUNCIONÁRIOS LIVRE QUANT RESP LTDA
[14:56:04]     - CAIXA ATENA FIC FIF AÇÕES LIVRE QUANT RESP LTDA
[14:56:04]     - CAIXA FMP-FGTS ELETROBRAS MIGRACAO
[14:56:04]     - CAIXA FMP-FGTS ELETROBRAS RESP LTDA
[14:56:04]     - CAIXA FMP-FGTS PETROBRÁS IV RESP LTDA
[14:56:04]     - CAIXA FMP-FGTS VALE RIO DOCE II RESP LTDA
[14:56:04]     - CAIXA FMP-FGTS CL ABSOLUTO RESP LTDA
[14:56:04]     - CAIXA FMP-FGTS VALE RIO DOCE MIGRAÇÃO RESP LTDA
[14:56:04]     - CAIXA FMP-FGTS PETROBRÁS II RESP LTDA
[14:56:04]     - CAIXA FMP-FGTS VALE RIO DOCE I RESP LTDA
[14:56:04]     - CAIXA FMP-FGTS PETROBRÁS III RESP LTDA
[14:56:04]     - CAIXA ATENA FIC FIF AÇÕES BRASIL LIVRE QUANT RESP LTDA
[14:56:04] ETAPA 4 — Baixando JSON da CAIXA Asset...
[14:56:07]   JSON Asset salvo: /home/runner/work/catalogo-fundos-caixa-v2/catalogo-fundos-caixa-v2/data/fundos_asset.json
[14:56:07]   Histórico JSON salvo: /home/runner/work/catalogo-fundos-caixa-v2/catalogo-fundos-caixa-v2/historico/json/fundos_asset_20260805.json
[14:56:07]   Fundos no JSON Asset: 198
[14:56:07]   Asset matches encontrados: 169/173
[14:56:07]   Asset sem match: 4/173
[14:56:07] CSV salvo: /home/runner/work/catalogo-fundos-caixa-v2/catalogo-fundos-caixa-v2/dados_atuais.csv
[14:56:07] Histórico CSV salvo: /home/runner/work/catalogo-fundos-caixa-v2/catalogo-fundos-caixa-v2/sipii_caixa_20260805.csv
[14:56:07] Excel salvo: /home/runner/work/catalogo-fundos-caixa-v2/catalogo-fundos-caixa-v2/sipii_caixa_20260805.xlsx
[14:56:07] JSON unificado salvo: /home/runner/work/catalogo-fundos-caixa-v2/catalogo-fundos-caixa-v2/data/fundos_unificado.json
[14:56:07] Histórico JSON unificado salvo: /home/runner/work/catalogo-fundos-caixa-v2/catalogo-fundos-caixa-v2/historico/json/fundos_unificado_20260805.json
[14:56:07] SUCESSO: 173 fundos consolidados e enriquecidos salvos.
[14:44:11] INICIANDO ROBÔ SIPII v11 - SIPII + ASSET JSON
[14:44:11] ETAPA 1 — Coletando URLs dinâmicas (12 páginas CAIXA)...
[14:44:14]   [CAIXA] renda-fixa → +34 links (34 total)
[14:44:15]   [CAIXA] referenciados → +4 links (38 total)
[14:44:17]   [CAIXA] fundo-simples → +2 links (40 total)
[14:44:18]   [CAIXA] curto-prazo → +1 links (41 total)
[14:44:20]   [CAIXA] multimercado → +19 links (60 total)
[14:44:22]   [CAIXA] cambiais → +1 links (61 total)
[14:44:23]   [CAIXA] fundos-de-acoes → +12 links (73 total)
[14:44:25]   [CAIXA] fundos-de-indices → +2 links (75 total)
[14:44:26]   [CAIXA] renda-fixa → +8 links (83 total)
[14:44:28]   [CAIXA] empresa → +5 links (88 total)
[14:44:29]   [CAIXA] fmp-fgts → HTTP 404
[14:44:30]   [CAIXA] rpps → +8 links (96 total)
[14:44:31] [CAIXA] Total URLs dinâmicas: 96
[14:44:31] ETAPA 2 — Coletando dados do SIPII...
[14:44:39] [PF] Abrindo SIPII...
[14:44:58]   [PF] RENDA FIXA SIMPLES: 3 fundos.
[14:45:12]   [PF] RENDA FIXA: 40 fundos.
[14:45:18]   [PF] RENDA FIXA REFERENCIADO: 10 fundos.
[14:45:21]   [PF] RENDA FIXA CURTO PRAZO: 1 fundos.
[14:45:33]   [PF] MULTIMERCADO: 30 fundos.
[14:45:36]   [PF] CAMBIAL: 1 fundos.
[14:45:48]   [PF] ACOES: 30 fundos.
[14:45:52]   [PF] FUNDO DE INDICE: 1 fundos.
[14:45:56]   [PF] FUNDOS MUTUOS DE PRIVATIZACAO: 9 fundos.
[14:45:56] [PJ] Abrindo SIPII...
[14:46:15]   [PJ] RENDA FIXA SIMPLES: 5 fundos.
[14:46:29]   [PJ] RENDA FIXA: 38 fundos.
[14:46:34]   [PJ] RENDA FIXA REFERENCIADO: 7 fundos.
[14:46:37]   [PJ] RENDA FIXA CURTO PRAZO: 2 fundos.
[14:46:48]   [PJ] MULTIMERCADO: 27 fundos.
[14:46:51]   [PJ] CAMBIAL: 1 fundos.
[14:47:03]   [PJ] ACOES: 28 fundos.
[14:47:03] [GOV] Abrindo SIPII...
[14:47:21]   [GOV] RENDA FIXA: 2 fundos.
[14:47:25]   [GOV] RENDA FIXA REFERENCIADO: 3 fundos.
[14:47:28]   [GOV] RENDA FIXA CURTO PRAZO: 3 fundos.
[14:47:33]   [GOV] MULTIMERCADO: 6 fundos.
[14:47:36]   [GOV] ACOES: 4 fundos.
[14:47:37] [RPPS] Abrindo SIPII...
[14:48:06]   [RPPS] RENDA FIXA: 19 fundos.
[14:48:09]   [RPPS] RENDA FIXA REFERENCIADO: 4 fundos.
[14:48:16]   [RPPS] MULTIMERCADO: 14 fundos.
[14:48:22]   [RPPS] ACOES: 14 fundos.
[14:48:22] [TODOS] Abrindo SIPII...
[14:48:40]   [TODOS] RENDA FIXA SIMPLES: 2 fundos.
[14:48:55]   [TODOS] RENDA FIXA: 42 fundos.
[14:49:01]   [TODOS] RENDA FIXA REFERENCIADO: 8 fundos.
[14:49:03]   [TODOS] RENDA FIXA CURTO PRAZO: 3 fundos.
[14:49:10]   [TODOS] MULTIMERCADO: 14 fundos.
[14:49:13]   [TODOS] CAMBIAL: 1 fundos.
[14:49:24]   [TODOS] ACOES: 25 fundos.
[14:49:27]   [TODOS] FUNDO DE INDICE: 1 fundos.
[14:49:27] ETAPA 3 — Associando URLs (estáticas + dinâmicas)...
[14:49:27]   Dicionário estático : 116 entradas
[14:49:27]   URLs encontradas    : 149/173
[14:49:27]   Sem URL             : 24/173
[14:49:27]   Fundos SEM URL:
[14:49:27]     - CAIXA FIC FIF EXCLUSIVO FUNC RF CREDITO PRIVADO LP RESP LTDA
[14:49:27]     - CAIXA FOF SMART INFRA SUBCLASSE VAREJO (1) (2) (3)
[14:49:27]     - CAIXA EXPERT VINLAND DEB IN INFRA RF CRED PRIV LP RESP LTDA (1) (2) (3)
[14:49:27]     - CAIXA EXPERT ABSOLUTE CRETA FIC FIF RF CRED PRIV LP - RESP LTDA (1)
[14:49:27]     - CAIXA EXPERT VOX DESENV SUSTENTAVEL IS RF CRED PRIV LP - RESP LTDA (1) (2)
[14:49:27]     - CAIXA SIGMA FUNCIONARIOS FIC FIF RF REF DI LP - RESP LTDA (2) (3)
[14:49:27]     - CAIXA CARTEIRA QUANT DUO FIC FIF MM LP RESP LTDA (1) (2) (3)
[14:49:27]     - CAIXA CARTEIRA QUANT QUALI FIC FIF MM LP RESP LTDA (1) (2) (3)
[14:49:27]     - CAIXA CARTEIRA QUANT UNO FIC FIF MM LP RESP LTDA (1) (2) (3)
[14:49:27]     - CAIXA FIC FIF FUNCIONARIOS ESTRATEGIA LIVRE MULTIMERCADO LP RESP LTDA (1)
[14:49:27]     - CAIXA HASHDEX NASDAQ CRYPTO INDEX FIC FIF MM RESP LTDA (1) (2)
[14:49:27]     - CAIXA FIC FIM CAPITAL PROTEGIDO CICLICO II LP - RL (1)
[14:49:27]     - CAIXA ATENA FIC FIF AÇÕES FUNCIONÁRIOS LIVRE QUANT RESP LTDA
[14:49:27]     - CAIXA ATENA FIC FIF AÇÕES LIVRE QUANT RESP LTDA
[14:49:27]     - CAIXA FMP-FGTS ELETROBRAS MIGRACAO
[14:49:27]     - CAIXA FMP-FGTS ELETROBRAS RESP LTDA
[14:49:27]     - CAIXA FMP-FGTS PETROBRÁS IV RESP LTDA
[14:49:27]     - CAIXA FMP-FGTS VALE RIO DOCE II RESP LTDA
[14:49:27]     - CAIXA FMP-FGTS CL ABSOLUTO RESP LTDA
[14:49:27]     - CAIXA FMP-FGTS VALE RIO DOCE MIGRAÇÃO RESP LTDA
[14:49:27]     - CAIXA FMP-FGTS PETROBRÁS II RESP LTDA
[14:49:27]     - CAIXA FMP-FGTS VALE RIO DOCE I RESP LTDA
[14:49:27]     - CAIXA FMP-FGTS PETROBRÁS III RESP LTDA
[14:49:27]     - CAIXA ATENA FIC FIF AÇÕES BRASIL LIVRE QUANT RESP LTDA
[14:49:27] ETAPA 4 — Baixando JSON da CAIXA Asset...
[14:49:30]   JSON Asset salvo: /home/runner/work/catalogo-fundos-caixa-v2/catalogo-fundos-caixa-v2/data/fundos_asset.json
[14:49:30]   Histórico JSON salvo: /home/runner/work/catalogo-fundos-caixa-v2/catalogo-fundos-caixa-v2/historico/json/fundos_asset_20260806.json
[14:49:30]   Fundos no JSON Asset: 198
[14:49:30]   Asset matches encontrados: 169/173
[14:49:30]   Asset sem match: 4/173
[14:49:30] CSV salvo: /home/runner/work/catalogo-fundos-caixa-v2/catalogo-fundos-caixa-v2/dados_atuais.csv
[14:49:30] Histórico CSV salvo: /home/runner/work/catalogo-fundos-caixa-v2/catalogo-fundos-caixa-v2/sipii_caixa_20260806.csv
[14:49:30] Excel salvo: /home/runner/work/catalogo-fundos-caixa-v2/catalogo-fundos-caixa-v2/sipii_caixa_20260806.xlsx
[14:49:30] JSON unificado salvo: /home/runner/work/catalogo-fundos-caixa-v2/catalogo-fundos-caixa-v2/data/fundos_unificado.json
[14:49:30] Histórico JSON unificado salvo: /home/runner/work/catalogo-fundos-caixa-v2/catalogo-fundos-caixa-v2/historico/json/fundos_unificado_20260806.json
[14:49:30] SUCESSO: 173 fundos consolidados e enriquecidos salvos.
[13:47:23] INICIANDO ROBÔ SIPII v11 - SIPII + ASSET JSON
[13:47:23] ETAPA 1 — Coletando URLs dinâmicas (12 páginas CAIXA)...
[13:47:25]   [CAIXA] renda-fixa → +34 links (34 total)
[13:47:27]   [CAIXA] referenciados → +4 links (38 total)
[13:47:28]   [CAIXA] fundo-simples → +2 links (40 total)
[13:47:30]   [CAIXA] curto-prazo → +1 links (41 total)
[13:47:31]   [CAIXA] multimercado → +19 links (60 total)
[13:47:33]   [CAIXA] cambiais → +1 links (61 total)
[13:47:34]   [CAIXA] fundos-de-acoes → +12 links (73 total)
[13:47:36]   [CAIXA] fundos-de-indices → +2 links (75 total)
[13:47:37]   [CAIXA] renda-fixa → +8 links (83 total)
[13:47:39]   [CAIXA] empresa → +5 links (88 total)
[13:47:40]   [CAIXA] fmp-fgts → HTTP 404
[13:47:41]   [CAIXA] rpps → +8 links (96 total)
[13:47:42] [CAIXA] Total URLs dinâmicas: 96
[13:47:42] ETAPA 2 — Coletando dados do SIPII...
[13:47:43] [PF] Abrindo SIPII...
[13:49:43] [PF] Erro geral: HTTPConnectionPool(host='localhost', port=33365): Read timed out. (read timeout=120)
[13:49:55] [PJ] Abrindo SIPII...
[13:51:55] [PJ] Erro geral: HTTPConnectionPool(host='localhost', port=37595): Read timed out. (read timeout=120)
[13:52:08] [GOV] Abrindo SIPII...
[13:54:08] [GOV] Erro geral: HTTPConnectionPool(host='localhost', port=60411): Read timed out. (read timeout=120)
[13:54:19] [RPPS] Abrindo SIPII...
[13:56:19] [RPPS] Erro geral: HTTPConnectionPool(host='localhost', port=48703): Read timed out. (read timeout=120)
[13:56:32] [TODOS] Abrindo SIPII...
[13:58:32] [TODOS] Erro geral: HTTPConnectionPool(host='localhost', port=35689): Read timed out. (read timeout=120)
[13:58:45] ATENÇÃO: Nenhum dado coletado.
[13:52:11] INICIANDO ROBÔ SIPII v11 - SIPII + ASSET JSON
[13:52:11] ETAPA 1 — Coletando URLs dinâmicas (12 páginas CAIXA)...
[13:52:13]   [CAIXA] renda-fixa → +34 links (34 total)
[13:52:14]   [CAIXA] referenciados → +4 links (38 total)
[13:52:16]   [CAIXA] fundo-simples → +2 links (40 total)
[13:52:17]   [CAIXA] curto-prazo → +1 links (41 total)
[13:52:19]   [CAIXA] multimercado → +19 links (60 total)
[13:52:21]   [CAIXA] cambiais → +1 links (61 total)
[13:52:22]   [CAIXA] fundos-de-acoes → +12 links (73 total)
[13:52:24]   [CAIXA] fundos-de-indices → +2 links (75 total)
[13:52:25]   [CAIXA] renda-fixa → +8 links (83 total)
[13:52:27]   [CAIXA] empresa → +5 links (88 total)
[13:52:28]   [CAIXA] fmp-fgts → HTTP 404
[13:52:29]   [CAIXA] rpps → +8 links (96 total)
[13:52:30] [CAIXA] Total URLs dinâmicas: 96
[13:52:30] ETAPA 2 — Coletando dados do SIPII...
[13:52:38] [PF] Abrindo SIPII...
[13:59:01] [PF] Erro geral: HTTPConnectionPool(host='localhost', port=39249): Read timed out. (read timeout=120)
[14:05:01] [PJ] Abrindo SIPII...
[14:07:01] [PJ] Erro geral: HTTPConnectionPool(host='localhost', port=35767): Read timed out. (read timeout=120)
[14:10:02] [GOV] Abrindo SIPII...
[14:12:02] [GOV] Erro geral: HTTPConnectionPool(host='localhost', port=55797): Read timed out. (read timeout=120)
[14:15:02] [RPPS] Abrindo SIPII...
[14:17:02] [RPPS] Erro geral: HTTPConnectionPool(host='localhost', port=46579): Read timed out. (read timeout=120)
[14:20:02] [TODOS] Abrindo SIPII...
[14:22:02] [TODOS] Erro geral: HTTPConnectionPool(host='localhost', port=38761): Read timed out. (read timeout=120)
[14:25:03] ATENÇÃO: Nenhum dado coletado.
[13:51:08] INICIANDO ROBÔ SIPII v11 - SIPII + ASSET JSON
[13:51:08] ETAPA 1 — Coletando URLs dinâmicas (12 páginas CAIXA)...
[13:51:12]   [CAIXA] renda-fixa → +34 links (34 total)
[13:51:13]   [CAIXA] referenciados → +4 links (38 total)
[13:51:15]   [CAIXA] fundo-simples → +2 links (40 total)
[13:51:17]   [CAIXA] curto-prazo → +1 links (41 total)
[13:51:18]   [CAIXA] multimercado → +19 links (60 total)
[13:51:21]   [CAIXA] cambiais → +1 links (61 total)
[13:51:23]   [CAIXA] fundos-de-acoes → +12 links (73 total)
[13:51:24]   [CAIXA] fundos-de-indices → +2 links (75 total)
[13:51:26]   [CAIXA] renda-fixa → +8 links (83 total)
[13:51:27]   [CAIXA] empresa → +5 links (88 total)
[13:51:29]   [CAIXA] fmp-fgts → HTTP 404
[13:51:29]   [CAIXA] rpps → +8 links (96 total)
[13:51:30] [CAIXA] Total URLs dinâmicas: 96
[13:51:30] ETAPA 2 — Coletando dados do SIPII...
[13:51:34] [PF] Abrindo SIPII...
[13:53:34] [PF] Erro geral: HTTPConnectionPool(host='localhost', port=50791): Read timed out. (read timeout=120)
[13:56:34] [PJ] Abrindo SIPII...
[13:58:34] [PJ] Erro geral: HTTPConnectionPool(host='localhost', port=52909): Read timed out. (read timeout=120)
[14:01:34] [GOV] Abrindo SIPII...
[14:03:34] [GOV] Erro geral: HTTPConnectionPool(host='localhost', port=60015): Read timed out. (read timeout=120)
[14:03:46] [RPPS] Abrindo SIPII...
[14:04:05] [RPPS] Erro geral: Message: Link não encontrado: RPPS; For documentation on this error, please visit: https://www.selenium.dev/documentation/webdriver/troubleshooting/errors#nosuchelementexception

[14:04:05] [TODOS] Abrindo SIPII...
[14:06:05] [TODOS] Erro geral: HTTPConnectionPool(host='localhost', port=40395): Read timed out. (read timeout=120)
[14:09:05] ATENÇÃO: Nenhum dado coletado.
[13:54:37] INICIANDO ROBÔ SIPII v11 - SIPII + ASSET JSON
[13:54:37] ETAPA 1 — Coletando URLs dinâmicas (12 páginas CAIXA)...
[13:54:39]   [CAIXA] renda-fixa → +35 links (35 total)
[13:54:41]   [CAIXA] referenciados → +4 links (39 total)
[13:54:42]   [CAIXA] fundo-simples → +2 links (41 total)
[13:54:44]   [CAIXA] curto-prazo → +1 links (42 total)
[13:54:45]   [CAIXA] multimercado → +19 links (61 total)
[13:54:48]   [CAIXA] cambiais → +1 links (62 total)
[13:54:49]   [CAIXA] fundos-de-acoes → +12 links (74 total)
[13:54:51]   [CAIXA] fundos-de-indices → +2 links (76 total)
[13:54:52]   [CAIXA] renda-fixa → +8 links (84 total)
[13:54:54]   [CAIXA] empresa → +5 links (89 total)
[13:54:55]   [CAIXA] fmp-fgts → HTTP 404
[13:54:55]   [CAIXA] rpps → +8 links (97 total)
[13:54:56] [CAIXA] Total URLs dinâmicas: 97
[13:54:56] ETAPA 2 — Coletando dados do SIPII...
[13:54:58] [PF] Abrindo SIPII...
[13:56:58] [PF] Erro geral: HTTPConnectionPool(host='localhost', port=46315): Read timed out. (read timeout=120)
[13:57:08] [PJ] Abrindo SIPII...
[13:59:08] [PJ] Erro geral: HTTPConnectionPool(host='localhost', port=56513): Read timed out. (read timeout=120)
[13:59:21] [GOV] Abrindo SIPII...
[14:01:21] [GOV] Erro geral: HTTPConnectionPool(host='localhost', port=48163): Read timed out. (read timeout=120)
[14:04:21] [RPPS] Abrindo SIPII...
[14:06:21] [RPPS] Erro geral: HTTPConnectionPool(host='localhost', port=46507): Read timed out. (read timeout=120)
[14:06:31] [TODOS] Abrindo SIPII...
[14:08:31] [TODOS] Erro geral: HTTPConnectionPool(host='localhost', port=37225): Read timed out. (read timeout=120)
[14:08:44] ATENÇÃO: Nenhum dado coletado.
[13:54:37] INICIANDO ROBÔ SIPII v11 - SIPII + ASSET JSON
[13:54:37] ETAPA 1 — Coletando URLs dinâmicas (12 páginas CAIXA)...
[13:54:39]   [CAIXA] renda-fixa → +35 links (35 total)
[13:54:40]   [CAIXA] referenciados → +4 links (39 total)
[13:54:42]   [CAIXA] fundo-simples → +2 links (41 total)
[13:54:44]   [CAIXA] curto-prazo → +1 links (42 total)
[13:54:45]   [CAIXA] multimercado → +19 links (61 total)
[13:54:47]   [CAIXA] cambiais → +1 links (62 total)
[13:54:49]   [CAIXA] fundos-de-acoes → +12 links (74 total)
[13:54:50]   [CAIXA] fundos-de-indices → +2 links (76 total)
[13:54:52]   [CAIXA] renda-fixa → +8 links (84 total)
[13:54:53]   [CAIXA] empresa → +5 links (89 total)
[13:54:54]   [CAIXA] fmp-fgts → HTTP 404
[13:54:55]   [CAIXA] rpps → +8 links (97 total)
[13:54:56] [CAIXA] Total URLs dinâmicas: 97
[13:54:56] ETAPA 2 — Coletando dados do SIPII...
[13:55:01] [PF] Abrindo SIPII...
[13:56:54] [PJ] Abrindo SIPII...
[13:58:53]   [PJ] RENDA FIXA SIMPLES: 5 fundos.
[14:01:14]   [PJ] Sessão perdida em 'RENDA FIXA'. Reiniciando...
[14:01:14] [PJ] Abrindo SIPII...
[14:06:57]   [PJ] Falha ao recuperar 'RENDA FIXA': HTTPConnectionPool(host='localhost', port=35859): Read timed out. (read timeout=120)
[14:08:57]   [PJ] Erro em 'RENDA FIXA REFERENCIADO': HTTPConnectionPool(host='localhost', port=35859): Read timed out. (read timeout=120)
[14:10:57]   [PJ] Erro em 'RENDA FIXA CURTO PRAZO': HTTPConnectionPool(host='localhost', port=35859): Read timed out. (read timeout=120)
[14:16:58]   [PJ] Erro em 'MULTIMERCADO': HTTPConnectionPool(host='localhost', port=35859): Read timed out. (read timeout=120)
[14:18:52]   [PJ] Sessão perdida em 'CAMBIAL'. Reiniciando...
[14:18:52] [PJ] Abrindo SIPII...
[14:19:11]   [PJ] CAMBIAL (recuperado): 1 fundos.
[14:19:23]   [PJ] ACOES: 28 fundos.
[14:19:23] [GOV] Abrindo SIPII...
[14:19:40]   [GOV] RENDA FIXA: 2 fundos.
[14:19:43]   [GOV] RENDA FIXA REFERENCIADO: 3 fundos.
[14:19:47]   [GOV] RENDA FIXA CURTO PRAZO: 3 fundos.
[14:19:52]   [GOV] MULTIMERCADO: 6 fundos.
[14:19:56]   [GOV] ACOES: 4 fundos.
[14:19:56] [RPPS] Abrindo SIPII...
[14:20:26]   [RPPS] RENDA FIXA: 19 fundos.
[14:20:31]   [RPPS] RENDA FIXA REFERENCIADO: 5 fundos.
[14:20:38]   [RPPS] MULTIMERCADO: 14 fundos.
[14:20:46]   [RPPS] ACOES: 14 fundos.
[14:20:46] [TODOS] Abrindo SIPII...
[14:21:04]   [TODOS] RENDA FIXA SIMPLES: 2 fundos.
[14:21:20]   [TODOS] RENDA FIXA: 42 fundos.
[14:21:25]   [TODOS] RENDA FIXA REFERENCIADO: 8 fundos.
[14:21:29]   [TODOS] RENDA FIXA CURTO PRAZO: 3 fundos.
[14:21:36]   [TODOS] MULTIMERCADO: 14 fundos.
[14:21:39]   [TODOS] CAMBIAL: 1 fundos.
[14:21:50]   [TODOS] ACOES: 25 fundos.
[14:21:54]   [TODOS] FUNDO DE INDICE: 1 fundos.
[14:21:54] ETAPA 3 — Associando URLs (estáticas + dinâmicas)...
[14:21:54]   Dicionário estático : 116 entradas
[14:21:54]   URLs encontradas    : 120/125
[14:21:54]   Sem URL             : 5/125
[14:21:54]   Fundos SEM URL:
[14:21:54]     - CAIXA ATENA FIC FIF AÇÕES LIVRE QUANT RESP LTDA
[14:21:54]     - CAIXA FIC FIM CAPITAL PROTEGIDO CICLICO II LP - RL (1)
[14:21:54]     - CAIXA EXPERT ABSOLUTE CRETA FIC FIF RF CRED PRIV LP - RESP LTDA (1)
[14:21:54]     - CAIXA BRASIL ESMERALDA FIC FIF RF REF DI CRED PRIV LONGO PRAZO RESP LTDA (2
[14:21:54]     - CAIXA ATENA FIC FIF AÇÕES BRASIL LIVRE QUANT RESP LTDA
[14:21:54] ETAPA 4 — Baixando JSON da CAIXA Asset...
[14:21:56]   JSON Asset salvo: /home/runner/work/catalogo-fundos-caixa-v2/catalogo-fundos-caixa-v2/data/fundos_asset.json
[14:21:56]   Histórico JSON salvo: /home/runner/work/catalogo-fundos-caixa-v2/catalogo-fundos-caixa-v2/historico/json/fundos_asset_20260813.json
[14:21:56]   Fundos no JSON Asset: 199
[14:21:56]   Asset matches encontrados: 122/125
[14:21:56]   Asset sem match: 3/125
[14:21:56] CSV salvo: /home/runner/work/catalogo-fundos-caixa-v2/catalogo-fundos-caixa-v2/dados_atuais.csv
[14:21:56] Histórico CSV salvo: /home/runner/work/catalogo-fundos-caixa-v2/catalogo-fundos-caixa-v2/sipii_caixa_20260813.csv
[14:21:57] Excel salvo: /home/runner/work/catalogo-fundos-caixa-v2/catalogo-fundos-caixa-v2/sipii_caixa_20260813.xlsx
[14:21:57] JSON unificado salvo: /home/runner/work/catalogo-fundos-caixa-v2/catalogo-fundos-caixa-v2/data/fundos_unificado.json
[14:21:57] Histórico JSON unificado salvo: /home/runner/work/catalogo-fundos-caixa-v2/catalogo-fundos-caixa-v2/historico/json/fundos_unificado_20260813.json
[14:21:57] SUCESSO: 125 fundos consolidados e enriquecidos salvos.
[13:50:53] INICIANDO ROBÔ SIPII v11 - SIPII + ASSET JSON
[13:50:53] ETAPA 1 — Coletando URLs dinâmicas (12 páginas CAIXA)...
[13:50:55]   [CAIXA] renda-fixa → +35 links (35 total)
[13:50:57]   [CAIXA] referenciados → +4 links (39 total)
[13:50:58]   [CAIXA] fundo-simples → +2 links (41 total)
[13:51:00]   [CAIXA] curto-prazo → +1 links (42 total)
[13:51:01]   [CAIXA] multimercado → +19 links (61 total)
[13:51:04]   [CAIXA] cambiais → +1 links (62 total)
[13:51:05]   [CAIXA] fundos-de-acoes → +12 links (74 total)
[13:51:07]   [CAIXA] fundos-de-indices → +2 links (76 total)
[13:51:08]   [CAIXA] renda-fixa → +8 links (84 total)
[13:51:10]   [CAIXA] empresa → +5 links (89 total)
[13:51:11]   [CAIXA] fmp-fgts → HTTP 404
[13:51:12]   [CAIXA] rpps → +8 links (97 total)
[13:51:13] [CAIXA] Total URLs dinâmicas: 97
[13:51:13] ETAPA 2 — Coletando dados do SIPII...
[13:51:14] [PF] Abrindo SIPII...
[13:53:14] [PF] Erro geral: HTTPConnectionPool(host='localhost', port=40737): Read timed out. (read timeout=120)
[13:53:24] [PJ] Abrindo SIPII...
[13:55:24] [PJ] Erro geral: HTTPConnectionPool(host='localhost', port=45119): Read timed out. (read timeout=120)
[13:55:38] [GOV] Abrindo SIPII...
[13:57:38] [GOV] Erro geral: HTTPConnectionPool(host='localhost', port=48735): Read timed out. (read timeout=120)
[13:57:49] [RPPS] Abrindo SIPII...
[13:59:49] [RPPS] Erro geral: HTTPConnectionPool(host='localhost', port=58633): Read timed out. (read timeout=120)
[14:00:00] [TODOS] Abrindo SIPII...
[14:02:00] [TODOS] Erro geral: HTTPConnectionPool(host='localhost', port=38249): Read timed out. (read timeout=120)
[14:02:10] ATENÇÃO: Nenhum dado coletado.
[13:14:31] INICIANDO ROBÔ SIPII v11 - SIPII + ASSET JSON
[13:14:31] ETAPA 1 — Coletando URLs dinâmicas (12 páginas CAIXA)...
[13:14:38]   [CAIXA] renda-fixa → +35 links (35 total)
[13:14:39]   [CAIXA] referenciados → +4 links (39 total)
[13:14:41]   [CAIXA] fundo-simples → +2 links (41 total)
[13:14:43]   [CAIXA] curto-prazo → +1 links (42 total)
[13:14:46]   [CAIXA] multimercado → +19 links (61 total)
[13:14:49]   [CAIXA] cambiais → +1 links (62 total)
[13:14:51]   [CAIXA] fundos-de-acoes → +12 links (74 total)
[13:14:54]   [CAIXA] fundos-de-indices → +2 links (76 total)
[13:14:57]   [CAIXA] renda-fixa → +8 links (84 total)
[13:14:59]   [CAIXA] empresa → +5 links (89 total)
[13:15:00]   [CAIXA] fmp-fgts → HTTP 404
[13:15:01]   [CAIXA] rpps → +8 links (97 total)
[13:15:02] [CAIXA] Total URLs dinâmicas: 97
[13:15:02] ETAPA 2 — Coletando dados do SIPII...
[13:15:05] [PF] Abrindo SIPII...
[13:15:28]   [PF] RENDA FIXA SIMPLES: 3 fundos.
[13:15:44]   [PF] RENDA FIXA: 40 fundos.
[13:15:52]   [PF] RENDA FIXA REFERENCIADO: 10 fundos.
[13:15:55]   [PF] RENDA FIXA CURTO PRAZO: 1 fundos.
[13:16:08]   [PF] MULTIMERCADO: 30 fundos.
[13:16:11]   [PF] CAMBIAL: 1 fundos.
[13:16:26]   [PF] ACOES: 30 fundos.
[13:16:30]   [PF] FUNDO DE INDICE: 1 fundos.
[13:16:35]   [PF] FUNDOS MUTUOS DE PRIVATIZACAO: 9 fundos.
[13:16:35] [PJ] Abrindo SIPII...
[13:17:02]   [PJ] RENDA FIXA SIMPLES: 5 fundos.
[13:17:18]   [PJ] RENDA FIXA: 38 fundos.
[13:17:25]   [PJ] RENDA FIXA REFERENCIADO: 8 fundos.
[13:17:28]   [PJ] RENDA FIXA CURTO PRAZO: 2 fundos.
[13:17:41]   [PJ] MULTIMERCADO: 27 fundos.
[13:17:45]   [PJ] CAMBIAL: 1 fundos.
[13:17:58]   [PJ] ACOES: 28 fundos.
[13:17:59] [GOV] Abrindo SIPII...
[13:18:25]   [GOV] RENDA FIXA: 2 fundos.
[13:18:28]   [GOV] RENDA FIXA REFERENCIADO: 3 fundos.
[13:18:34]   [GOV] RENDA FIXA CURTO PRAZO: 3 fundos.
[13:18:38]   [GOV] MULTIMERCADO: 6 fundos.
[13:18:42]   [GOV] ACOES: 4 fundos.
[13:18:42] [RPPS] Abrindo SIPII...
[13:19:24]   [RPPS] RENDA FIXA: 19 fundos.
[13:19:28]   [RPPS] RENDA FIXA REFERENCIADO: 5 fundos.
[13:19:36]   [RPPS] MULTIMERCADO: 14 fundos.
[13:19:44]   [RPPS] ACOES: 14 fundos.
[13:19:45] [TODOS] Abrindo SIPII...
[13:20:11]   [TODOS] RENDA FIXA SIMPLES: 2 fundos.
[13:20:32]   [TODOS] RENDA FIXA: 42 fundos.
[13:20:39]   [TODOS] RENDA FIXA REFERENCIADO: 8 fundos.
[13:20:43]   [TODOS] RENDA FIXA CURTO PRAZO: 3 fundos.
[13:20:51]   [TODOS] MULTIMERCADO: 14 fundos.
[13:20:55]   [TODOS] CAMBIAL: 1 fundos.
[13:21:08]   [TODOS] ACOES: 25 fundos.
[13:21:11]   [TODOS] FUNDO DE INDICE: 1 fundos.
[13:21:12] ETAPA 3 — Associando URLs (estáticas + dinâmicas)...
[13:21:12]   Dicionário estático : 116 entradas
[13:21:12]   URLs encontradas    : 150/174
[13:21:12]   Sem URL             : 24/174
[13:21:12]   Fundos SEM URL:
[13:21:12]     - CAIXA FIC FIF EXCLUSIVO FUNC RF CREDITO PRIVADO LP RESP LTDA
[13:21:12]     - CAIXA EXPERT VINLAND DEB IN INFRA RF CRED PRIV LP RESP LTDA (1) (2) (3)
[13:21:12]     - CAIXA EXPERT ABSOLUTE CRETA FIC FIF RF CRED PRIV LP - RESP LTDA (1)
[13:21:12]     - CAIXA EXPERT VOX DESENV SUSTENTAVEL IS RF CRED PRIV LP - RESP LTDA (1) (2)
[13:21:12]     - CAIXA SIGMA FUNCIONARIOS FIC FIF RF REF DI LP - RESP LTDA (2) (3)
[13:21:12]     - CAIXA CARTEIRA QUANT DUO FIC FIF MM LP RESP LTDA (1) (2) (3)
[13:21:12]     - CAIXA CARTEIRA QUANT QUALI FIC FIF MM LP RESP LTDA (1) (2) (3)
[13:21:12]     - CAIXA CARTEIRA QUANT UNO FIC FIF MM LP RESP LTDA (1) (2) (3)
[13:21:12]     - CAIXA FIC FIF FUNCIONARIOS ESTRATEGIA LIVRE MULTIMERCADO LP RESP LTDA (1)
[13:21:12]     - CAIXA HASHDEX NASDAQ CRYPTO INDEX FIC FIF MM RESP LTDA (1) (2)
[13:21:12]     - CAIXA FIC FIM CAPITAL PROTEGIDO CICLICO II LP - RL (1)
[13:21:12]     - CAIXA ATENA FIC FIF AÇÕES FUNCIONÁRIOS LIVRE QUANT RESP LTDA
[13:21:12]     - CAIXA ATENA FIC FIF AÇÕES LIVRE QUANT RESP LTDA
[13:21:12]     - CAIXA FMP-FGTS ELETROBRAS MIGRACAO
[13:21:12]     - CAIXA FMP-FGTS ELETROBRAS RESP LTDA
[13:21:12]     - CAIXA FMP-FGTS PETROBRÁS IV RESP LTDA
[13:21:12]     - CAIXA FMP-FGTS VALE RIO DOCE II RESP LTDA
[13:21:12]     - CAIXA FMP-FGTS CL ABSOLUTO RESP LTDA
[13:21:12]     - CAIXA FMP-FGTS VALE RIO DOCE MIGRAÇÃO RESP LTDA
[13:21:12]     - CAIXA FMP-FGTS PETROBRÁS II RESP LTDA
[13:21:12]     - CAIXA FMP-FGTS VALE RIO DOCE I RESP LTDA
[13:21:12]     - CAIXA FMP-FGTS PETROBRÁS III RESP LTDA
[13:21:12]     - CAIXA BRASIL ESMERALDA FIC FIF RF REF DI CRED PRIV LONGO PRAZO RESP LTDA (2
[13:21:12]     - CAIXA ATENA FIC FIF AÇÕES BRASIL LIVRE QUANT RESP LTDA
[13:21:12] ETAPA 4 — Baixando JSON da CAIXA Asset...
[13:21:14]   JSON Asset salvo: /home/runner/work/catalogo-fundos-caixa-v2/catalogo-fundos-caixa-v2/data/fundos_asset.json
[13:21:14]   Histórico JSON salvo: /home/runner/work/catalogo-fundos-caixa-v2/catalogo-fundos-caixa-v2/historico/json/fundos_asset_20260817.json
[13:21:14]   Fundos no JSON Asset: 199
[13:21:14]   Asset matches encontrados: 170/174
[13:21:14]   Asset sem match: 4/174
[13:21:14] CSV salvo: /home/runner/work/catalogo-fundos-caixa-v2/catalogo-fundos-caixa-v2/dados_atuais.csv
[13:21:14] Histórico CSV salvo: /home/runner/work/catalogo-fundos-caixa-v2/catalogo-fundos-caixa-v2/sipii_caixa_20260817.csv
[13:21:15] Excel salvo: /home/runner/work/catalogo-fundos-caixa-v2/catalogo-fundos-caixa-v2/sipii_caixa_20260817.xlsx
[13:21:15] JSON unificado salvo: /home/runner/work/catalogo-fundos-caixa-v2/catalogo-fundos-caixa-v2/data/fundos_unificado.json
[13:21:15] Histórico JSON unificado salvo: /home/runner/work/catalogo-fundos-caixa-v2/catalogo-fundos-caixa-v2/historico/json/fundos_unificado_20260817.json
[13:21:15] SUCESSO: 174 fundos consolidados e enriquecidos salvos.
[13:22:04] INICIANDO ROBÔ SIPII v11 - SIPII + ASSET JSON
[13:22:04] ETAPA 1 — Coletando URLs dinâmicas (12 páginas CAIXA)...
[13:22:06]   [CAIXA] renda-fixa → +35 links (35 total)
[13:22:07]   [CAIXA] referenciados → +4 links (39 total)
[13:22:09]   [CAIXA] fundo-simples → +2 links (41 total)
[13:22:11]   [CAIXA] curto-prazo → +1 links (42 total)
[13:22:12]   [CAIXA] multimercado → +19 links (61 total)
[13:22:14]   [CAIXA] cambiais → +1 links (62 total)
[13:22:16]   [CAIXA] fundos-de-acoes → +12 links (74 total)
[13:22:17]   [CAIXA] fundos-de-indices → +2 links (76 total)
[13:22:18]   [CAIXA] renda-fixa → +8 links (84 total)
[13:22:20]   [CAIXA] empresa → +5 links (89 total)
[13:22:21]   [CAIXA] fmp-fgts → HTTP 404
[13:22:22]   [CAIXA] rpps → +8 links (97 total)
[13:22:23] [CAIXA] Total URLs dinâmicas: 97
[13:22:23] ETAPA 2 — Coletando dados do SIPII...
[13:22:24] [PF] Abrindo SIPII...
[13:24:07]   [PF] RENDA FIXA SIMPLES: 3 fundos.
[13:26:19]   [PF] RENDA FIXA: 40 fundos.
[13:27:08]   [PF] RENDA FIXA REFERENCIADO: 10 fundos.
[13:27:26]   [PF] RENDA FIXA CURTO PRAZO: 1 fundos.
[13:31:27]   [PF] Erro em 'MULTIMERCADO': HTTPConnectionPool(host='localhost', port=42921): Read timed out. (read timeout=120)
[13:36:28]   [PF] Erro em 'CAMBIAL': HTTPConnectionPool(host='localhost', port=42921): Read timed out. (read timeout=120)
[13:38:28]   [PF] Erro em 'ACOES': HTTPConnectionPool(host='localhost', port=42921): Read timed out. (read timeout=120)
[13:40:28]   [PF] Erro em 'FUNDO DE INDICE': HTTPConnectionPool(host='localhost', port=42921): Read timed out. (read timeout=120)
[13:44:59]   [PF] Sessão perdida em 'FUNDOS MUTUOS DE PRIVATIZACAO'. Reiniciando...
[13:45:00] [PF] Abrindo SIPII...
[13:45:37]   [PF] Falha ao recuperar 'FUNDOS MUTUOS DE PRIVATIZACAO': Message: stale element reference: stale element not found
  (Session info: chrome=151.0.7922.108); For documentation on this error, please visit: https://www.selenium.dev/documentation/webdriver/troubleshooting/errors#staleelementreferenceexception
Stacktrace:
#0 0x55b3ce08882a <unknown>
#1 0x55b3cd9fbfc9 <unknown>
#2 0x55b3cda1109b <unknown>
#3 0x55b3cda0fb31 <unknown>
#4 0x55b3cda03bd1 <unknown>
#5 0x55b3cda03d0e <unknown>
#6 0x55b3cda01d89 <unknown>
#7 0x55b3cda05d68 <unknown>
#8 0x55b3cda9b2a1 <unknown>
#9 0x55b3cda9a1a3 <unknown>
#10 0x55b3cda44d32 <unknown>
#11 0x55b3cda45bb1 <unknown>
#12 0x55b3ce04dbb0 <unknown>
#13 0x55b3ce04c22a <unknown>
#14 0x55b3ce036c55 <unknown>
#15 0x55b3ce04ceea <unknown>
#16 0x55b3ce01eb50 <unknown>
#17 0x55b3ce074208 <unknown>
#18 0x55b3ce0743a5 <unknown>
#19 0x55b3ce0873de <unknown>
#20 0x7fbde369cb84 <unknown>
#21 0x7fbde3729d6c <unknown>

[13:45:37] [PJ] Abrindo SIPII...
[13:46:36]   [PJ] RENDA FIXA SIMPLES: 5 fundos.
[13:47:35]   [PJ] RENDA FIXA: 38 fundos.
[13:47:50]   [PJ] RENDA FIXA REFERENCIADO: 8 fundos.
[13:47:58]   [PJ] RENDA FIXA CURTO PRAZO: 2 fundos.
[13:48:39]   [PJ] MULTIMERCADO: 27 fundos.
[13:48:46]   [PJ] CAMBIAL: 1 fundos.
[13:49:26]   [PJ] ACOES: 28 fundos.
[13:49:27] [GOV] Abrindo SIPII...
[13:50:12] [GOV] Erro geral: Message: stale element reference: stale element not found
  (Session info: chrome=151.0.7922.108); For documentation on this error, please visit: https://www.selenium.dev/documentation/webdriver/troubleshooting/errors#staleelementreferenceexception
Stacktrace:
#0 0x55f2eb6ab82a <unknown>
#1 0x55f2eb01efc9 <unknown>
#2 0x55f2eb03409b <unknown>
#3 0x55f2eb032b31 <unknown>
#4 0x55f2eb026bd1 <unknown>
#5 0x55f2eb026d0e <unknown>
#6 0x55f2eb024d89 <unknown>
#7 0x55f2eb028d68 <unknown>
#8 0x55f2eb0be2a1 <unknown>
#9 0x55f2eb0bd1a3 <unknown>
#10 0x55f2eb067d32 <unknown>
#11 0x55f2eb068bb1 <unknown>
#12 0x55f2eb670bb0 <unknown>
#13 0x55f2eb66f22a <unknown>
#14 0x55f2eb659c55 <unknown>
#15 0x55f2eb66feea <unknown>
#16 0x55f2eb641b50 <unknown>
#17 0x55f2eb697208 <unknown>
#18 0x55f2eb6973a5 <unknown>
#19 0x55f2eb6aa3de <unknown>
#20 0x7fda2a29cb84 <unknown>
#21 0x7fda2a329d6c <unknown>

[13:50:12] [RPPS] Abrindo SIPII...
[13:54:14]   [RPPS] RENDA FIXA: 19 fundos.
[13:54:38]   [RPPS] RENDA FIXA REFERENCIADO: 5 fundos.
[13:55:26]   [RPPS] MULTIMERCADO: 14 fundos.
[13:56:16]   [RPPS] ACOES: 14 fundos.
[13:56:17] [TODOS] Abrindo SIPII...
[13:57:48]   [TODOS] RENDA FIXA SIMPLES: 2 fundos.
[14:00:20]   [TODOS] Sessão perdida em 'RENDA FIXA'. Reiniciando...
[14:00:20] [TODOS] Abrindo SIPII...
[14:01:19]   [TODOS] Falha ao recuperar 'RENDA FIXA': Message: Link não encontrado: TODOS; For documentation on this error, please visit: https://www.selenium.dev/documentation/webdriver/troubleshooting/errors#nosuchelementexception

[14:01:19]   [TODOS] Sessão perdida em 'RENDA FIXA REFERENCIADO'. Reiniciando...
[14:01:19] [TODOS] Abrindo SIPII...
[14:04:09]   [TODOS] RENDA FIXA REFERENCIADO (recuperado): 8 fundos.
[14:04:42]   [TODOS] RENDA FIXA CURTO PRAZO: 3 fundos.
[14:06:45]   [TODOS] Sessão perdida em 'MULTIMERCADO'. Reiniciando...
[14:06:45] [TODOS] Abrindo SIPII...
[14:08:46]   [TODOS] Falha ao recuperar 'MULTIMERCADO': HTTPConnectionPool(host='localhost', port=45009): Read timed out. (read timeout=120)
[14:10:46]   [TODOS] Erro em 'CAMBIAL': HTTPConnectionPool(host='localhost', port=45009): Read timed out. (read timeout=120)
[14:11:45]   [TODOS] Sessão perdida em 'ACOES'. Reiniciando...
[14:11:46] [TODOS] Abrindo SIPII...
[14:13:46]   [TODOS] Falha ao recuperar 'ACOES': HTTPConnectionPool(host='localhost', port=37197): Read timed out. (read timeout=120)
[14:15:46]   [TODOS] Erro em 'FUNDO DE INDICE': HTTPConnectionPool(host='localhost', port=37197): Read timed out. (read timeout=120)
[14:16:46] ETAPA 3 — Associando URLs (estáticas + dinâmicas)...
[14:16:46]   Dicionário estático : 116 entradas
[14:16:46]   URLs encontradas    : 145/158
[14:16:46]   Sem URL             : 13/158
[14:16:46]   Fundos SEM URL:
[14:16:46]     - CAIXA FIC FIF EXCLUSIVO FUNC RF CREDITO PRIVADO LP RESP LTDA
[14:16:46]     - CAIXA EXPERT VINLAND DEB IN INFRA RF CRED PRIV LP RESP LTDA (1) (2) (3)
[14:16:46]     - CAIXA EXPERT ABSOLUTE CRETA FIC FIF RF CRED PRIV LP - RESP LTDA (1)
[14:16:46]     - CAIXA EXPERT VOX DESENV SUSTENTAVEL IS RF CRED PRIV LP - RESP LTDA (1) (2)
[14:16:46]     - CAIXA SIGMA FUNCIONARIOS FIC FIF RF REF DI LP - RESP LTDA (2) (3)
[14:16:46]     - CAIXA BRASIL ESMERALDA FIC FIF RF REF DI CRED PRIV LONGO PRAZO RESP LTDA (2
[14:16:46]     - CAIXA CARTEIRA QUANT UNO FIC FIF MM LP RESP LTDA (1) (2) (3)
[14:16:46]     - CAIXA CARTEIRA QUANT QUALI FIC FIF MM LP RESP LTDA (1) (2) (3)
[14:16:46]     - CAIXA CARTEIRA QUANT DUO FIC FIF MM LP RESP LTDA (1) (2) (3)
[14:16:46]     - CAIXA HASHDEX NASDAQ CRYPTO INDEX FIC FIF MM RESP LTDA (1) (2)
[14:16:46]     - CAIXA FIC FIM CAPITAL PROTEGIDO CICLICO II LP - RL (1)
[14:16:46]     - CAIXA ATENA FIC FIF AÇÕES LIVRE QUANT RESP LTDA
[14:16:46]     - CAIXA ATENA FIC FIF AÇÕES BRASIL LIVRE QUANT RESP LTDA
[14:16:46] ETAPA 4 — Baixando JSON da CAIXA Asset...
[14:16:48]   JSON Asset salvo: /home/runner/work/catalogo-fundos-caixa-v2/catalogo-fundos-caixa-v2/data/fundos_asset.json
[14:16:48]   Histórico JSON salvo: /home/runner/work/catalogo-fundos-caixa-v2/catalogo-fundos-caixa-v2/historico/json/fundos_asset_20260818.json
[14:16:48]   Fundos no JSON Asset: 199
[14:16:48]   Asset matches encontrados: 156/158
[14:16:48]   Asset sem match: 2/158
[14:16:48] CSV salvo: /home/runner/work/catalogo-fundos-caixa-v2/catalogo-fundos-caixa-v2/dados_atuais.csv
[14:16:48] Histórico CSV salvo: /home/runner/work/catalogo-fundos-caixa-v2/catalogo-fundos-caixa-v2/sipii_caixa_20260818.csv
[14:16:49] Excel salvo: /home/runner/work/catalogo-fundos-caixa-v2/catalogo-fundos-caixa-v2/sipii_caixa_20260818.xlsx
[14:16:49] JSON unificado salvo: /home/runner/work/catalogo-fundos-caixa-v2/catalogo-fundos-caixa-v2/data/fundos_unificado.json
[14:16:49] Histórico JSON unificado salvo: /home/runner/work/catalogo-fundos-caixa-v2/catalogo-fundos-caixa-v2/historico/json/fundos_unificado_20260818.json
[14:16:49] SUCESSO: 158 fundos consolidados e enriquecidos salvos.
[13:23:52] INICIANDO ROBÔ SIPII v11 - SIPII + ASSET JSON
[13:23:52] ETAPA 1 — Coletando URLs dinâmicas (12 páginas CAIXA)...
[13:23:54]   [CAIXA] renda-fixa → +35 links (35 total)
[13:23:56]   [CAIXA] referenciados → +4 links (39 total)
[13:23:58]   [CAIXA] fundo-simples → +2 links (41 total)
[13:23:59]   [CAIXA] curto-prazo → +1 links (42 total)
[13:24:01]   [CAIXA] multimercado → +19 links (61 total)
[13:24:03]   [CAIXA] cambiais → +1 links (62 total)
[13:24:04]   [CAIXA] fundos-de-acoes → +12 links (74 total)
[13:24:06]   [CAIXA] fundos-de-indices → +2 links (76 total)
[13:24:07]   [CAIXA] renda-fixa → +8 links (84 total)
[13:24:09]   [CAIXA] empresa → +5 links (89 total)
[13:24:10]   [CAIXA] fmp-fgts → HTTP 404
[13:24:11]   [CAIXA] rpps → +8 links (97 total)
[13:24:12] [CAIXA] Total URLs dinâmicas: 97
[13:24:12] ETAPA 2 — Coletando dados do SIPII...
[13:24:18] [PF] Abrindo SIPII...
[13:26:18] [PF] Erro geral: HTTPConnectionPool(host='localhost', port=34933): Read timed out. (read timeout=120)
[13:29:19] [PJ] Abrindo SIPII...
[13:31:19] [PJ] Erro geral: HTTPConnectionPool(host='localhost', port=54403): Read timed out. (read timeout=120)
[13:31:29] [GOV] Abrindo SIPII...
[13:33:29] [GOV] Erro geral: HTTPConnectionPool(host='localhost', port=59309): Read timed out. (read timeout=120)
[13:34:41] [RPPS] Abrindo SIPII...
[13:36:13]   [RPPS] RENDA FIXA: 19 fundos.
[13:36:22]   [RPPS] RENDA FIXA REFERENCIADO: 5 fundos.
[13:36:41]   [RPPS] MULTIMERCADO: 14 fundos.
[13:36:59]   [RPPS] ACOES: 14 fundos.
[13:37:00] [TODOS] Abrindo SIPII...
[13:37:38]   [TODOS] RENDA FIXA SIMPLES: 2 fundos.
[13:38:27]   [TODOS] RENDA FIXA: 42 fundos.
[13:38:40]   [TODOS] RENDA FIXA REFERENCIADO: 8 fundos.
[13:38:46]   [TODOS] RENDA FIXA CURTO PRAZO: 3 fundos.
[13:39:05]   [TODOS] MULTIMERCADO: 14 fundos.
[13:39:12]   [TODOS] CAMBIAL: 1 fundos.
[13:39:45]   [TODOS] ACOES: 25 fundos.
[13:39:52]   [TODOS] FUNDO DE INDICE: 1 fundos.
[13:39:52] ETAPA 3 — Associando URLs (estáticas + dinâmicas)...
[13:39:52]   Dicionário estático : 116 entradas
[13:39:52]   URLs encontradas    : 112/116
[13:39:52]   Sem URL             : 4/116
[13:39:52]   Fundos SEM URL:
[13:39:52]     - CAIXA EXPERT ABSOLUTE CRETA FIC FIF RF CRED PRIV LP - RESP LTDA (1)
[13:39:52]     - CAIXA BRASIL ESMERALDA FIC FIF RF REF DI CRED PRIV LONGO PRAZO RESP LTDA (2
[13:39:52]     - CAIXA FIC FIM CAPITAL PROTEGIDO CICLICO II LP - RL (1)
[13:39:52]     - CAIXA ATENA FIC FIF AÇÕES BRASIL LIVRE QUANT RESP LTDA
[13:39:52] ETAPA 4 — Baixando JSON da CAIXA Asset...
[13:39:55]   JSON Asset salvo: /home/runner/work/catalogo-fundos-caixa-v2/catalogo-fundos-caixa-v2/data/fundos_asset.json
[13:39:55]   Histórico JSON salvo: /home/runner/work/catalogo-fundos-caixa-v2/catalogo-fundos-caixa-v2/historico/json/fundos_asset_20260819.json
[13:39:55]   Fundos no JSON Asset: 199
[13:39:55]   Asset matches encontrados: 113/116
[13:39:55]   Asset sem match: 3/116
[13:39:55] CSV salvo: /home/runner/work/catalogo-fundos-caixa-v2/catalogo-fundos-caixa-v2/dados_atuais.csv
[13:39:55] Histórico CSV salvo: /home/runner/work/catalogo-fundos-caixa-v2/catalogo-fundos-caixa-v2/sipii_caixa_20260819.csv
[13:39:55] Excel salvo: /home/runner/work/catalogo-fundos-caixa-v2/catalogo-fundos-caixa-v2/sipii_caixa_20260819.xlsx
[13:39:55] JSON unificado salvo: /home/runner/work/catalogo-fundos-caixa-v2/catalogo-fundos-caixa-v2/data/fundos_unificado.json
[13:39:55] Histórico JSON unificado salvo: /home/runner/work/catalogo-fundos-caixa-v2/catalogo-fundos-caixa-v2/historico/json/fundos_unificado_20260819.json
[13:39:55] SUCESSO: 116 fundos consolidados e enriquecidos salvos.
[13:26:06] INICIANDO ROBÔ SIPII v11 - SIPII + ASSET JSON
[13:26:06] ETAPA 1 — Coletando URLs dinâmicas (12 páginas CAIXA)...
[13:26:08]   [CAIXA] renda-fixa → +35 links (35 total)
[13:26:09]   [CAIXA] referenciados → +4 links (39 total)
[13:26:11]   [CAIXA] fundo-simples → +2 links (41 total)
[13:26:13]   [CAIXA] curto-prazo → +1 links (42 total)
[13:26:14]   [CAIXA] multimercado → +19 links (61 total)
[13:26:16]   [CAIXA] cambiais → +1 links (62 total)
[13:26:18]   [CAIXA] fundos-de-acoes → +12 links (74 total)
[13:26:19]   [CAIXA] fundos-de-indices → +2 links (76 total)
[13:26:21]   [CAIXA] renda-fixa → +8 links (84 total)
[13:26:22]   [CAIXA] empresa → +5 links (89 total)
[13:26:24]   [CAIXA] fmp-fgts → HTTP 404
[13:26:24]   [CAIXA] rpps → +8 links (97 total)
[13:26:25] [CAIXA] Total URLs dinâmicas: 97
[13:26:25] ETAPA 2 — Coletando dados do SIPII...
[13:26:49] [PF] Abrindo SIPII...
[13:27:31]   [PF] RENDA FIXA SIMPLES: 3 fundos.
[13:28:23]   [PF] RENDA FIXA: 40 fundos.
[13:28:44]   [PF] RENDA FIXA REFERENCIADO: 10 fundos.
[13:28:50]   [PF] RENDA FIXA CURTO PRAZO: 1 fundos.
[13:29:36]   [PF] MULTIMERCADO: 30 fundos.
[13:29:45]   [PF] CAMBIAL: 1 fundos.
[13:30:54]   [PF] ACOES: 30 fundos.
[13:31:00]   [PF] FUNDO DE INDICE: 1 fundos.
[13:31:20]   [PF] FUNDOS MUTUOS DE PRIVATIZACAO: 9 fundos.
[13:31:20] [PJ] Abrindo SIPII...
[13:32:34]   [PJ] RENDA FIXA SIMPLES: 5 fundos.
[13:33:32]   [PJ] RENDA FIXA: 38 fundos.
[13:33:49]   [PJ] RENDA FIXA REFERENCIADO: 8 fundos.
[13:33:55]   [PJ] RENDA FIXA CURTO PRAZO: 2 fundos.
[13:34:38]   [PJ] MULTIMERCADO: 27 fundos.
[13:34:42]   [PJ] CAMBIAL: 1 fundos.
[13:34:53]   [PJ] ACOES: 28 fundos.
[13:34:54] [GOV] Abrindo SIPII...
[13:35:12]   [GOV] RENDA FIXA: 2 fundos.
[13:35:15]   [GOV] RENDA FIXA REFERENCIADO: 3 fundos.
[13:35:19]   [GOV] RENDA FIXA CURTO PRAZO: 3 fundos.
[13:35:23]   [GOV] MULTIMERCADO: 6 fundos.
[13:35:27]   [GOV] ACOES: 4 fundos.
[13:35:27] [RPPS] Abrindo SIPII...
[13:35:56]   [RPPS] RENDA FIXA: 19 fundos.
[13:36:00]   [RPPS] RENDA FIXA REFERENCIADO: 5 fundos.
[13:36:07]   [RPPS] MULTIMERCADO: 14 fundos.
[13:36:13]   [RPPS] ACOES: 14 fundos.
[13:36:14] [TODOS] Abrindo SIPII...
[13:36:31]   [TODOS] RENDA FIXA SIMPLES: 2 fundos.
[13:36:46]   [TODOS] RENDA FIXA: 42 fundos.
[13:36:51]   [TODOS] RENDA FIXA REFERENCIADO: 8 fundos.
[13:36:55]   [TODOS] RENDA FIXA CURTO PRAZO: 3 fundos.
[13:37:02]   [TODOS] MULTIMERCADO: 14 fundos.
[13:37:05]   [TODOS] CAMBIAL: 1 fundos.
[13:37:15]   [TODOS] ACOES: 25 fundos.
[13:37:18]   [TODOS] FUNDO DE INDICE: 1 fundos.
[13:37:19] ETAPA 3 — Associando URLs (estáticas + dinâmicas)...
[13:37:19]   Dicionário estático : 116 entradas
[13:37:19]   URLs encontradas    : 150/174
[13:37:19]   Sem URL             : 24/174
[13:37:19]   Fundos SEM URL:
[13:37:19]     - CAIXA FIC FIF EXCLUSIVO FUNC RF CREDITO PRIVADO LP RESP LTDA
[13:37:19]     - CAIXA EXPERT VINLAND DEB IN INFRA RF CRED PRIV LP RESP LTDA (1) (2) (3)
[13:37:19]     - CAIXA EXPERT ABSOLUTE CRETA FIC FIF RF CRED PRIV LP - RESP LTDA (1)
[13:37:19]     - CAIXA EXPERT VOX DESENV SUSTENTAVEL IS RF CRED PRIV LP - RESP LTDA (1) (2)
[13:37:19]     - CAIXA SIGMA FUNCIONARIOS FIC FIF RF REF DI LP - RESP LTDA (2) (3)
[13:37:19]     - CAIXA CARTEIRA QUANT DUO FIC FIF MM LP RESP LTDA (1) (2) (3)
[13:37:19]     - CAIXA CARTEIRA QUANT QUALI FIC FIF MM LP RESP LTDA (1) (2) (3)
[13:37:19]     - CAIXA CARTEIRA QUANT UNO FIC FIF MM LP RESP LTDA (1) (2) (3)
[13:37:19]     - CAIXA FIC FIF FUNCIONARIOS ESTRATEGIA LIVRE MULTIMERCADO LP RESP LTDA (1)
[13:37:19]     - CAIXA HASHDEX NASDAQ CRYPTO INDEX FIC FIF MM RESP LTDA (1) (2)
[13:37:19]     - CAIXA FIC FIM CAPITAL PROTEGIDO CICLICO II LP - RL (1)
[13:37:19]     - CAIXA ATENA FIC FIF AÇÕES FUNCIONÁRIOS LIVRE QUANT RESP LTDA
[13:37:19]     - CAIXA ATENA FIC FIF AÇÕES LIVRE QUANT RESP LTDA
[13:37:19]     - CAIXA FMP-FGTS ELETROBRAS MIGRACAO
[13:37:19]     - CAIXA FMP-FGTS ELETROBRAS RESP LTDA
[13:37:19]     - CAIXA FMP-FGTS PETROBRÁS IV RESP LTDA
[13:37:19]     - CAIXA FMP-FGTS VALE RIO DOCE II RESP LTDA
[13:37:19]     - CAIXA FMP-FGTS CL ABSOLUTO RESP LTDA
[13:37:19]     - CAIXA FMP-FGTS VALE RIO DOCE MIGRAÇÃO RESP LTDA
[13:37:19]     - CAIXA FMP-FGTS PETROBRÁS II RESP LTDA
[13:37:19]     - CAIXA FMP-FGTS VALE RIO DOCE I RESP LTDA
[13:37:19]     - CAIXA FMP-FGTS PETROBRÁS III RESP LTDA
[13:37:19]     - CAIXA BRASIL ESMERALDA FIC FIF RF REF DI CRED PRIV LONGO PRAZO RESP LTDA (2
[13:37:19]     - CAIXA ATENA FIC FIF AÇÕES BRASIL LIVRE QUANT RESP LTDA
[13:37:19] ETAPA 4 — Baixando JSON da CAIXA Asset...
[13:37:21]   JSON Asset salvo: /home/runner/work/catalogo-fundos-caixa-v2/catalogo-fundos-caixa-v2/data/fundos_asset.json
[13:37:21]   Histórico JSON salvo: /home/runner/work/catalogo-fundos-caixa-v2/catalogo-fundos-caixa-v2/historico/json/fundos_asset_20260820.json
[13:37:21]   Fundos no JSON Asset: 199
[13:37:21]   Asset matches encontrados: 170/174
[13:37:21]   Asset sem match: 4/174
[13:37:21] CSV salvo: /home/runner/work/catalogo-fundos-caixa-v2/catalogo-fundos-caixa-v2/dados_atuais.csv
[13:37:21] Histórico CSV salvo: /home/runner/work/catalogo-fundos-caixa-v2/catalogo-fundos-caixa-v2/sipii_caixa_20260820.csv
[13:37:22] Excel salvo: /home/runner/work/catalogo-fundos-caixa-v2/catalogo-fundos-caixa-v2/sipii_caixa_20260820.xlsx
[13:37:22] JSON unificado salvo: /home/runner/work/catalogo-fundos-caixa-v2/catalogo-fundos-caixa-v2/data/fundos_unificado.json
[13:37:22] Histórico JSON unificado salvo: /home/runner/work/catalogo-fundos-caixa-v2/catalogo-fundos-caixa-v2/historico/json/fundos_unificado_20260820.json
[13:37:22] SUCESSO: 174 fundos consolidados e enriquecidos salvos.
[13:25:08] INICIANDO ROBÔ SIPII v11 - SIPII + ASSET JSON
[13:25:08] ETAPA 1 — Coletando URLs dinâmicas (12 páginas CAIXA)...
[13:25:10]   [CAIXA] renda-fixa → +35 links (35 total)
[13:25:11]   [CAIXA] referenciados → +4 links (39 total)
[13:25:13]   [CAIXA] fundo-simples → +2 links (41 total)
[13:25:14]   [CAIXA] curto-prazo → +1 links (42 total)
[13:25:16]   [CAIXA] multimercado → +19 links (61 total)
[13:25:17]   [CAIXA] cambiais → +1 links (62 total)
[13:25:19]   [CAIXA] fundos-de-acoes → +12 links (74 total)
[13:25:21]   [CAIXA] fundos-de-indices → +2 links (76 total)
[13:25:22]   [CAIXA] renda-fixa → +8 links (84 total)
[13:25:23]   [CAIXA] empresa → +5 links (89 total)
[13:25:25]   [CAIXA] fmp-fgts → HTTP 404
[13:25:25]   [CAIXA] rpps → +8 links (97 total)
[13:25:26] [CAIXA] Total URLs dinâmicas: 97
[13:25:26] ETAPA 2 — Coletando dados do SIPII...
[13:25:27] [PF] Abrindo SIPII...
[13:26:05]   [PF] RENDA FIXA SIMPLES: 3 fundos.
[13:26:58]   [PF] RENDA FIXA: 40 fundos.
[13:27:19]   [PF] RENDA FIXA REFERENCIADO: 10 fundos.
[13:27:25]   [PF] RENDA FIXA CURTO PRAZO: 1 fundos.
[13:28:16]   [PF] MULTIMERCADO: 30 fundos.
[13:28:21]   [PF] CAMBIAL: 1 fundos.
[13:29:03]   [PF] ACOES: 30 fundos.
[13:29:10]   [PF] FUNDO DE INDICE: 1 fundos.
[13:29:24]   [PF] FUNDOS MUTUOS DE PRIVATIZACAO: 9 fundos.
[13:29:25] [PJ] Abrindo SIPII...
[13:30:22]   [PJ] RENDA FIXA SIMPLES: 5 fundos.
[13:30:36]   [PJ] RENDA FIXA: 38 fundos.
[13:30:42]   [PJ] RENDA FIXA REFERENCIADO: 8 fundos.
[13:30:45]   [PJ] RENDA FIXA CURTO PRAZO: 2 fundos.
[13:30:56]   [PJ] MULTIMERCADO: 27 fundos.
[13:30:59]   [PJ] CAMBIAL: 1 fundos.
[13:31:11]   [PJ] ACOES: 28 fundos.
[13:31:11] [GOV] Abrindo SIPII...
[13:31:29]   [GOV] RENDA FIXA: 2 fundos.
[13:31:32]   [GOV] RENDA FIXA REFERENCIADO: 3 fundos.
[13:31:36]   [GOV] RENDA FIXA CURTO PRAZO: 3 fundos.
[13:31:40]   [GOV] MULTIMERCADO: 6 fundos.
[13:31:44]   [GOV] ACOES: 4 fundos.
[13:31:44] [RPPS] Abrindo SIPII...
[13:32:13]   [RPPS] RENDA FIXA: 19 fundos.
[13:32:17]   [RPPS] RENDA FIXA REFERENCIADO: 5 fundos.
[13:32:24]   [RPPS] MULTIMERCADO: 14 fundos.
[13:32:31]   [RPPS] ACOES: 14 fundos.
[13:32:31] [TODOS] Abrindo SIPII...
[13:32:41] [TODOS] Erro geral: Message: stale element reference: stale element not found
  (Session info: chrome=151.0.7922.137); For documentation on this error, please visit: https://www.selenium.dev/documentation/webdriver/troubleshooting/errors#staleelementreferenceexception
Stacktrace:
#0 0x55a466c6436a <unknown>
#1 0x55a4665d7f49 <unknown>
#2 0x55a4665ed01b <unknown>
#3 0x55a4665ebab1 <unknown>
#4 0x55a4665dfb41 <unknown>
#5 0x55a4665dfc7e <unknown>
#6 0x55a4665ddd02 <unknown>
#7 0x55a4665e1cc2 <unknown>
#8 0x55a4666771c1 <unknown>
#9 0x55a4666760c3 <unknown>
#10 0x55a466620c92 <unknown>
#11 0x55a466621b11 <unknown>
#12 0x55a466c298d0 <unknown>
#13 0x55a466c27f3a <unknown>
#14 0x55a466c129b5 <unknown>
#15 0x55a466c28c0a <unknown>
#16 0x55a466bfa740 <unknown>
#17 0x55a466c4f9a8 <unknown>
#18 0x55a466c4fb45 <unknown>
#19 0x55a466c62f1e <unknown>
#20 0x7f0b97a9cb84 <unknown>
#21 0x7f0b97b29d6c <unknown>

[13:32:42] ETAPA 3 — Associando URLs (estáticas + dinâmicas)...
[13:32:42]   Dicionário estático : 116 entradas
[13:32:42]   URLs encontradas    : 148/173
[13:32:42]   Sem URL             : 25/173
[13:32:42]   Fundos SEM URL:
[13:32:42]     - CAIXA FIC FIF EXCLUSIVO FUNC RF CREDITO PRIVADO LP RESP LTDA
[13:32:42]     - CAIXA EXPERT VINLAND DEB IN INFRA RF CRED PRIV LP RESP LTDA (1) (2) (3)
[13:32:42]     - CAIXA EXPERT ABSOLUTE CRETA FIC FIF RF CRED PRIV LP - RESP LTDA (1)
[13:32:42]     - CAIXA EXPERT VOX DESENV SUSTENTAVEL IS RF CRED PRIV LP - RESP LTDA (1) (2)
[13:32:42]     - CAIXA SIGMA FUNCIONARIOS FIC FIF RF REF DI LP - RESP LTDA (2) (3)
[13:32:42]     - CAIXA CARTEIRA QUANT DUO FIC FIF MM LP RESP LTDA (1) (2) (3)
[13:32:42]     - CAIXA CARTEIRA QUANT QUALI FIC FIF MM LP RESP LTDA (1) (2) (3)
[13:32:42]     - CAIXA CARTEIRA QUANT UNO FIC FIF MM LP RESP LTDA (1) (2) (3)
[13:32:42]     - CAIXA FIC FIF FUNCIONARIOS ESTRATEGIA LIVRE MULTIMERCADO LP RESP LTDA (1)
[13:32:42]     - CAIXA HASHDEX NASDAQ CRYPTO INDEX FIC FIF MM RESP LTDA (1) (2)
[13:32:42]     - CAIXA FIC FIM CAPITAL PROTEGIDO CICLICO II LP - RL (1)
[13:32:42]     - CAIXA ATENA FIC FIF AÇÕES FUNCIONÁRIOS LIVRE QUANT RESP LTDA
[13:32:42]     - CAIXA ATENA FIC FIF AÇÕES LIVRE QUANT RESP LTDA
[13:32:42]     - CAIXA FMP-FGTS ELETROBRAS MIGRACAO
[13:32:42]     - CAIXA FMP-FGTS ELETROBRAS RESP LTDA
[13:32:42]     - CAIXA FMP-FGTS PETROBRÁS IV RESP LTDA
[13:32:42]     - CAIXA FMP-FGTS VALE RIO DOCE II RESP LTDA
[13:32:42]     - CAIXA FMP-FGTS CL ABSOLUTO RESP LTDA
[13:32:42]     - CAIXA FMP-FGTS VALE RIO DOCE MIGRAÇÃO RESP LTDA
[13:32:42]     - CAIXA FMP-FGTS PETROBRÁS II RESP LTDA
[13:32:42]     - CAIXA FMP-FGTS VALE RIO DOCE I RESP LTDA
[13:32:42]     - CAIXA FMP-FGTS PETROBRÁS III RESP LTDA
[13:32:42]     - CAIXA AUTOMATICO AMETISTA PJ FIC FIF RF SIMPLES RESP LTDA
[13:32:42]     - CAIXA BRASIL ESMERALDA FIC FIF RF REF DI CRED PRIV LONGO PRAZO RESP LTDA (2
[13:32:42]     - CAIXA ATENA FIC FIF AÇÕES BRASIL LIVRE QUANT RESP LTDA
[13:32:42] ETAPA 4 — Baixando JSON da CAIXA Asset...
[13:32:43]   JSON Asset salvo: /home/runner/work/catalogo-fundos-caixa-v2/catalogo-fundos-caixa-v2/data/fundos_asset.json
[13:32:43]   Histórico JSON salvo: /home/runner/work/catalogo-fundos-caixa-v2/catalogo-fundos-caixa-v2/historico/json/fundos_asset_20260821.json
[13:32:43]   Fundos no JSON Asset: 199
[13:32:43]   Asset matches encontrados: 169/173
[13:32:43]   Asset sem match: 4/173
[13:32:43] CSV salvo: /home/runner/work/catalogo-fundos-caixa-v2/catalogo-fundos-caixa-v2/dados_atuais.csv
[13:32:43] Histórico CSV salvo: /home/runner/work/catalogo-fundos-caixa-v2/catalogo-fundos-caixa-v2/sipii_caixa_20260821.csv
[13:32:44] Excel salvo: /home/runner/work/catalogo-fundos-caixa-v2/catalogo-fundos-caixa-v2/sipii_caixa_20260821.xlsx
[13:32:44] JSON unificado salvo: /home/runner/work/catalogo-fundos-caixa-v2/catalogo-fundos-caixa-v2/data/fundos_unificado.json
[13:32:44] Histórico JSON unificado salvo: /home/runner/work/catalogo-fundos-caixa-v2/catalogo-fundos-caixa-v2/historico/json/fundos_unificado_20260821.json
[13:32:44] SUCESSO: 173 fundos consolidados e enriquecidos salvos.
[13:29:11] INICIANDO ROBÔ SIPII v11 - SIPII + ASSET JSON
[13:29:11] ETAPA 1 — Coletando URLs dinâmicas (12 páginas CAIXA)...
[13:29:16]   [CAIXA] renda-fixa → +35 links (35 total)
[13:29:18]   [CAIXA] referenciados → +4 links (39 total)
[13:29:19]   [CAIXA] fundo-simples → +2 links (41 total)
[13:29:21]   [CAIXA] curto-prazo → +1 links (42 total)
[13:29:23]   [CAIXA] multimercado → +19 links (61 total)
[13:29:25]   [CAIXA] cambiais → +1 links (62 total)
[13:29:26]   [CAIXA] fundos-de-acoes → +12 links (74 total)
[13:29:28]   [CAIXA] fundos-de-indices → +2 links (76 total)
[13:29:30]   [CAIXA] renda-fixa → +8 links (84 total)
[13:29:32]   [CAIXA] empresa → +5 links (89 total)
[13:29:33]   [CAIXA] fmp-fgts → HTTP 404
[13:29:33]   [CAIXA] rpps → +8 links (97 total)
[13:29:34] [CAIXA] Total URLs dinâmicas: 97
[13:29:34] ETAPA 2 — Coletando dados do SIPII...
[13:29:35] [PF] Abrindo SIPII...
[13:30:07]   [PF] RENDA FIXA SIMPLES: 3 fundos.
[13:30:31]   [PF] RENDA FIXA: 40 fundos.
[13:30:41]   [PF] RENDA FIXA REFERENCIADO: 10 fundos.
[13:30:50]   [PF] RENDA FIXA CURTO PRAZO: 1 fundos.
[13:31:07]   [PF] MULTIMERCADO: 30 fundos.
[13:31:13]   [PF] CAMBIAL: 1 fundos.
[13:31:34]   [PF] ACOES: 30 fundos.
[13:31:37]   [PF] FUNDO DE INDICE: 1 fundos.
[13:31:44]   [PF] FUNDOS MUTUOS DE PRIVATIZACAO: 9 fundos.
[13:31:45] [PJ] Abrindo SIPII...
[13:32:18]   [PJ] RENDA FIXA SIMPLES: 5 fundos.
[13:32:38]   [PJ] RENDA FIXA: 38 fundos.
[13:32:44]   [PJ] RENDA FIXA REFERENCIADO: 8 fundos.
[13:32:48]   [PJ] RENDA FIXA CURTO PRAZO: 2 fundos.
[13:33:03]   [PJ] MULTIMERCADO: 27 fundos.
[13:33:07]   [PJ] CAMBIAL: 1 fundos.
[13:33:24]   [PJ] ACOES: 28 fundos.
[13:33:24] [GOV] Abrindo SIPII...
[13:34:00]   [GOV] RENDA FIXA: 2 fundos.
[13:34:09]   [GOV] RENDA FIXA REFERENCIADO: 3 fundos.
[13:34:16]   [GOV] RENDA FIXA CURTO PRAZO: 3 fundos.
[13:34:22]   [GOV] MULTIMERCADO: 6 fundos.
[13:34:31]   [GOV] ACOES: 4 fundos.
[13:34:32] [RPPS] Abrindo SIPII...
[13:35:28]   [RPPS] RENDA FIXA: 19 fundos.
[13:35:33]   [RPPS] RENDA FIXA REFERENCIADO: 5 fundos.
[13:35:41]   [RPPS] MULTIMERCADO: 14 fundos.
[13:35:50]   [RPPS] ACOES: 14 fundos.
[13:35:50] [TODOS] Abrindo SIPII...
[13:36:16]   [TODOS] RENDA FIXA SIMPLES: 2 fundos.
[13:36:40]   [TODOS] RENDA FIXA: 42 fundos.
[13:36:45]   [TODOS] RENDA FIXA REFERENCIADO: 8 fundos.
[13:36:56]   [TODOS] RENDA FIXA CURTO PRAZO: 3 fundos.
[13:37:06]   [TODOS] MULTIMERCADO: 14 fundos.
[13:37:09]   [TODOS] CAMBIAL: 1 fundos.
[13:37:24]   [TODOS] ACOES: 25 fundos.
[13:37:29]   [TODOS] FUNDO DE INDICE: 1 fundos.
[13:37:29] ETAPA 3 — Associando URLs (estáticas + dinâmicas)...
[13:37:29]   Dicionário estático : 116 entradas
[13:37:29]   URLs encontradas    : 149/174
[13:37:29]   Sem URL             : 25/174
[13:37:29]   Fundos SEM URL:
[13:37:29]     - CAIXA FIC FIF EXCLUSIVO FUNC RF CREDITO PRIVADO LP RESP LTDA
[13:37:29]     - CAIXA EXPERT VINLAND DEB IN INFRA RF CRED PRIV LP RESP LTDA (1) (2) (3)
[13:37:29]     - CAIXA EXPERT ABSOLUTE CRETA FIC FIF RF CRED PRIV LP - RESP LTDA (1)
[13:37:29]     - CAIXA EXPERT VOX DESENV SUSTENTAVEL IS RF CRED PRIV LP - RESP LTDA (1) (2)
[13:37:29]     - CAIXA SIGMA FUNCIONARIOS FIC FIF RF REF DI LP - RESP LTDA (2) (3)
[13:37:29]     - CAIXA CARTEIRA QUANT DUO FIC FIF MM LP RESP LTDA (1) (2) (3)
[13:37:29]     - CAIXA CARTEIRA QUANT QUALI FIC FIF MM LP RESP LTDA (1) (2) (3)
[13:37:29]     - CAIXA CARTEIRA QUANT UNO FIC FIF MM LP RESP LTDA (1) (2) (3)
[13:37:29]     - CAIXA FIC FIF FUNCIONARIOS ESTRATEGIA LIVRE MULTIMERCADO LP RESP LTDA (1)
[13:37:29]     - CAIXA HASHDEX NASDAQ CRYPTO INDEX FIC FIF MM RESP LTDA (1) (2)
[13:37:29]     - CAIXA FIC FIM CAPITAL PROTEGIDO CICLICO II LP - RL (1)
[13:37:29]     - CAIXA ATENA FIC FIF AÇÕES FUNCIONÁRIOS LIVRE QUANT RESP LTDA
[13:37:29]     - CAIXA ATENA FIC FIF AÇÕES LIVRE QUANT RESP LTDA
[13:37:29]     - CAIXA FMP-FGTS ELETROBRAS MIGRACAO
[13:37:29]     - CAIXA FMP-FGTS ELETROBRAS RESP LTDA
[13:37:29]     - CAIXA FMP-FGTS PETROBRÁS IV RESP LTDA
[13:37:29]     - CAIXA FMP-FGTS VALE RIO DOCE II RESP LTDA
[13:37:29]     - CAIXA FMP-FGTS CL ABSOLUTO RESP LTDA
[13:37:29]     - CAIXA FMP-FGTS VALE RIO DOCE MIGRAÇÃO RESP LTDA
[13:37:29]     - CAIXA FMP-FGTS PETROBRÁS II RESP LTDA
[13:37:29]     - CAIXA FMP-FGTS VALE RIO DOCE I RESP LTDA
[13:37:29]     - CAIXA FMP-FGTS PETROBRÁS III RESP LTDA
[13:37:29]     - CAIXA AUTOMATICO AMETISTA PJ FIC FIF RF SIMPLES RESP LTDA
[13:37:29]     - CAIXA BRASIL ESMERALDA FIC FIF RF REF DI CRED PRIV LONGO PRAZO RESP LTDA (2
[13:37:29]     - CAIXA ATENA FIC FIF AÇÕES BRASIL LIVRE QUANT RESP LTDA
[13:37:29] ETAPA 4 — Baixando JSON da CAIXA Asset...
[13:37:33]   JSON Asset salvo: /home/runner/work/catalogo-fundos-caixa-v2/catalogo-fundos-caixa-v2/data/fundos_asset.json
[13:37:33]   Histórico JSON salvo: /home/runner/work/catalogo-fundos-caixa-v2/catalogo-fundos-caixa-v2/historico/json/fundos_asset_20260824.json
[13:37:33]   Fundos no JSON Asset: 199
[13:37:33]   Asset matches encontrados: 170/174
[13:37:33]   Asset sem match: 4/174
[13:37:33] CSV salvo: /home/runner/work/catalogo-fundos-caixa-v2/catalogo-fundos-caixa-v2/dados_atuais.csv
[13:37:33] Histórico CSV salvo: /home/runner/work/catalogo-fundos-caixa-v2/catalogo-fundos-caixa-v2/sipii_caixa_20260824.csv
[13:37:34] Excel salvo: /home/runner/work/catalogo-fundos-caixa-v2/catalogo-fundos-caixa-v2/sipii_caixa_20260824.xlsx
[13:37:34] JSON unificado salvo: /home/runner/work/catalogo-fundos-caixa-v2/catalogo-fundos-caixa-v2/data/fundos_unificado.json
[13:37:34] Histórico JSON unificado salvo: /home/runner/work/catalogo-fundos-caixa-v2/catalogo-fundos-caixa-v2/historico/json/fundos_unificado_20260824.json
[13:37:34] SUCESSO: 174 fundos consolidados e enriquecidos salvos.
[13:26:28] INICIANDO ROBÔ SIPII v11 - SIPII + ASSET JSON
[13:26:28] ETAPA 1 — Coletando URLs dinâmicas (12 páginas CAIXA)...
[13:26:34]   [CAIXA] renda-fixa → +35 links (35 total)
[13:26:35]   [CAIXA] referenciados → +4 links (39 total)
[13:26:37]   [CAIXA] fundo-simples → +2 links (41 total)
[13:26:39]   [CAIXA] curto-prazo → +1 links (42 total)
[13:26:40]   [CAIXA] multimercado → +19 links (61 total)
[13:26:51]   [CAIXA] cambiais → +1 links (62 total)
[13:26:54]   [CAIXA] fundos-de-acoes → +12 links (74 total)
[13:26:56]   [CAIXA] fundos-de-indices → +2 links (76 total)
[13:26:57]   [CAIXA] renda-fixa → +8 links (84 total)
[13:26:59]   [CAIXA] empresa → +5 links (89 total)
[13:27:00]   [CAIXA] fmp-fgts → HTTP 404
[13:27:01]   [CAIXA] rpps → +8 links (97 total)
[13:27:02] [CAIXA] Total URLs dinâmicas: 97
[13:27:02] ETAPA 2 — Coletando dados do SIPII...
[13:27:08] [PF] Abrindo SIPII...
[13:28:24]   [PF] RENDA FIXA SIMPLES: 3 fundos.
[13:30:24]   [PF] RENDA FIXA: 40 fundos.
[13:30:40]   [PF] RENDA FIXA REFERENCIADO: 10 fundos.
[13:30:47]   [PF] RENDA FIXA CURTO PRAZO: 1 fundos.
[13:31:13]   [PF] MULTIMERCADO: 30 fundos.
[13:31:19]   [PF] CAMBIAL: 1 fundos.
[13:32:06]   [PF] ACOES: 30 fundos.
[13:32:12]   [PF] FUNDO DE INDICE: 1 fundos.
[13:32:36]   [PF] FUNDOS MUTUOS DE PRIVATIZACAO: 9 fundos.
[13:32:37] [PJ] Abrindo SIPII...
[13:33:55]   [PJ] RENDA FIXA SIMPLES: 5 fundos.
[13:34:45]   [PJ] RENDA FIXA: 38 fundos.
[13:35:04]   [PJ] RENDA FIXA REFERENCIADO: 8 fundos.
[13:35:13]   [PJ] RENDA FIXA CURTO PRAZO: 2 fundos.
[13:36:00]   [PJ] MULTIMERCADO: 27 fundos.
[13:36:05]   [PJ] CAMBIAL: 1 fundos.
[13:36:45]   [PJ] ACOES: 28 fundos.
[13:36:46] [GOV] Abrindo SIPII...
[13:37:42]   [GOV] RENDA FIXA: 2 fundos.
[13:37:48]   [GOV] RENDA FIXA REFERENCIADO: 3 fundos.
[13:38:08]   [GOV] RENDA FIXA CURTO PRAZO: 3 fundos.
[13:38:19]   [GOV] MULTIMERCADO: 6 fundos.
[13:38:25]   [GOV] ACOES: 4 fundos.
[13:38:26] [RPPS] Abrindo SIPII...
[13:40:26]   [RPPS] RENDA FIXA: 19 fundos.
[13:40:44]   [RPPS] RENDA FIXA REFERENCIADO: 5 fundos.
[13:41:02]   [RPPS] MULTIMERCADO: 14 fundos.
[13:41:29]   [RPPS] ACOES: 14 fundos.
[13:41:30] [TODOS] Abrindo SIPII...
[13:42:14]   [TODOS] RENDA FIXA SIMPLES: 2 fundos.
[13:42:39]   [TODOS] RENDA FIXA: 42 fundos.
[13:42:49]   [TODOS] RENDA FIXA REFERENCIADO: 8 fundos.
[13:42:53]   [TODOS] RENDA FIXA CURTO PRAZO: 3 fundos.
[13:43:04]   [TODOS] MULTIMERCADO: 14 fundos.
[13:43:08]   [TODOS] CAMBIAL: 1 fundos.
[13:43:30]   [TODOS] ACOES: 25 fundos.
[13:43:36]   [TODOS] FUNDO DE INDICE: 1 fundos.
[13:43:37] ETAPA 3 — Associando URLs (estáticas + dinâmicas)...
[13:43:37]   Dicionário estático : 116 entradas
[13:43:37]   URLs encontradas    : 149/174
[13:43:37]   Sem URL             : 25/174
[13:43:37]   Fundos SEM URL:
[13:43:37]     - CAIXA FIC FIF EXCLUSIVO FUNC RF CREDITO PRIVADO LP RESP LTDA
[13:43:37]     - CAIXA EXPERT VINLAND DEB IN INFRA RF CRED PRIV LP RESP LTDA (1) (2) (3)
[13:43:37]     - CAIXA EXPERT ABSOLUTE CRETA FIC FIF RF CRED PRIV LP - RESP LTDA (1)
[13:43:37]     - CAIXA EXPERT VOX DESENV SUSTENTAVEL IS RF CRED PRIV LP - RESP LTDA (1) (2)
[13:43:37]     - CAIXA SIGMA FUNCIONARIOS FIC FIF RF REF DI LP - RESP LTDA (2) (3)
[13:43:37]     - CAIXA CARTEIRA QUANT DUO FIC FIF MM LP RESP LTDA (1) (2) (3)
[13:43:37]     - CAIXA CARTEIRA QUANT QUALI FIC FIF MM LP RESP LTDA (1) (2) (3)
[13:43:37]     - CAIXA CARTEIRA QUANT UNO FIC FIF MM LP RESP LTDA (1) (2) (3)
[13:43:37]     - CAIXA FIC FIF FUNCIONARIOS ESTRATEGIA LIVRE MULTIMERCADO LP RESP LTDA (1)
[13:43:37]     - CAIXA HASHDEX NASDAQ CRYPTO INDEX FIC FIF MM RESP LTDA (1) (2)
[13:43:37]     - CAIXA FIC FIM CAPITAL PROTEGIDO CICLICO II LP - RL (1)
[13:43:37]     - CAIXA ATENA FIC FIF AÇÕES FUNCIONÁRIOS LIVRE QUANT RESP LTDA
[13:43:37]     - CAIXA ATENA FIC FIF AÇÕES LIVRE QUANT RESP LTDA
[13:43:37]     - CAIXA FMP-FGTS ELETROBRAS MIGRACAO
[13:43:37]     - CAIXA FMP-FGTS ELETROBRAS RESP LTDA
[13:43:37]     - CAIXA FMP-FGTS PETROBRÁS IV RESP LTDA
[13:43:37]     - CAIXA FMP-FGTS VALE RIO DOCE II RESP LTDA
[13:43:37]     - CAIXA FMP-FGTS CL ABSOLUTO RESP LTDA
[13:43:37]     - CAIXA FMP-FGTS VALE RIO DOCE MIGRAÇÃO RESP LTDA
[13:43:37]     - CAIXA FMP-FGTS PETROBRÁS II RESP LTDA
[13:43:37]     - CAIXA FMP-FGTS VALE RIO DOCE I RESP LTDA
[13:43:37]     - CAIXA FMP-FGTS PETROBRÁS III RESP LTDA
[13:43:37]     - CAIXA AUTOMATICO AMETISTA PJ FIC FIF RF SIMPLES RESP LTDA
[13:43:37]     - CAIXA BRASIL ESMERALDA FIC FIF RF REF DI CRED PRIV LONGO PRAZO RESP LTDA (2
[13:43:37]     - CAIXA ATENA FIC FIF AÇÕES BRASIL LIVRE QUANT RESP LTDA
[13:43:37] ETAPA 4 — Baixando JSON da CAIXA Asset...
[13:43:40]   JSON Asset salvo: /home/runner/work/catalogo-fundos-caixa-v2/catalogo-fundos-caixa-v2/data/fundos_asset.json
[13:43:40]   Histórico JSON salvo: /home/runner/work/catalogo-fundos-caixa-v2/catalogo-fundos-caixa-v2/historico/json/fundos_asset_20260825.json
[13:43:40]   Fundos no JSON Asset: 199
[13:43:40]   Asset matches encontrados: 170/174
[13:43:40]   Asset sem match: 4/174
[13:43:40] CSV salvo: /home/runner/work/catalogo-fundos-caixa-v2/catalogo-fundos-caixa-v2/dados_atuais.csv
[13:43:40] Histórico CSV salvo: /home/runner/work/catalogo-fundos-caixa-v2/catalogo-fundos-caixa-v2/sipii_caixa_20260825.csv
[13:43:41] Excel salvo: /home/runner/work/catalogo-fundos-caixa-v2/catalogo-fundos-caixa-v2/sipii_caixa_20260825.xlsx
[13:43:41] JSON unificado salvo: /home/runner/work/catalogo-fundos-caixa-v2/catalogo-fundos-caixa-v2/data/fundos_unificado.json
[13:43:41] Histórico JSON unificado salvo: /home/runner/work/catalogo-fundos-caixa-v2/catalogo-fundos-caixa-v2/historico/json/fundos_unificado_20260825.json
[13:43:41] SUCESSO: 174 fundos consolidados e enriquecidos salvos.
[13:32:00] INICIANDO ROBÔ SIPII v11 - SIPII + ASSET JSON
[13:32:00] ETAPA 1 — Coletando URLs dinâmicas (12 páginas CAIXA)...
[13:32:13]   [CAIXA] renda-fixa → +35 links (35 total)
[13:32:14]   [CAIXA] referenciados → +4 links (39 total)
[13:32:16]   [CAIXA] fundo-simples → +2 links (41 total)
[13:32:18]   [CAIXA] curto-prazo → +1 links (42 total)
[13:32:19]   [CAIXA] multimercado → +19 links (61 total)
[13:32:27]   [CAIXA] cambiais → +1 links (62 total)
[13:32:28]   [CAIXA] fundos-de-acoes → +12 links (74 total)
[13:32:30]   [CAIXA] fundos-de-indices → +2 links (76 total)
[13:32:32]   [CAIXA] renda-fixa → +8 links (84 total)
[13:32:33]   [CAIXA] empresa → +5 links (89 total)
[13:32:35]   [CAIXA] fmp-fgts → HTTP 404
[13:32:35]   [CAIXA] rpps → +8 links (97 total)
[13:32:36] [CAIXA] Total URLs dinâmicas: 97
[13:32:36] ETAPA 2 — Coletando dados do SIPII...
[13:32:38] [PF] Abrindo SIPII...
[13:33:02]   [PF] RENDA FIXA SIMPLES: 3 fundos.
[13:33:17]   [PF] RENDA FIXA: 40 fundos.
[13:33:23]   [PF] RENDA FIXA REFERENCIADO: 10 fundos.
[13:33:26]   [PF] RENDA FIXA CURTO PRAZO: 1 fundos.
[13:33:38]   [PF] MULTIMERCADO: 30 fundos.
[13:33:42]   [PF] CAMBIAL: 1 fundos.
[13:33:54]   [PF] ACOES: 30 fundos.
[13:33:58]   [PF] FUNDO DE INDICE: 1 fundos.
[13:34:04]   [PF] FUNDOS MUTUOS DE PRIVATIZACAO: 9 fundos.
[13:34:04] [PJ] Abrindo SIPII...
[13:34:23]   [PJ] RENDA FIXA SIMPLES: 5 fundos.
[13:34:38]   [PJ] RENDA FIXA: 38 fundos.
[13:34:43]   [PJ] RENDA FIXA REFERENCIADO: 8 fundos.
[13:34:47]   [PJ] RENDA FIXA CURTO PRAZO: 2 fundos.
[13:34:58]   [PJ] MULTIMERCADO: 27 fundos.
[13:35:01]   [PJ] CAMBIAL: 1 fundos.
[13:35:14]   [PJ] ACOES: 28 fundos.
[13:35:14] [GOV] Abrindo SIPII...
[13:35:32]   [GOV] RENDA FIXA: 2 fundos.
[13:35:35]   [GOV] RENDA FIXA REFERENCIADO: 3 fundos.
[13:35:39]   [GOV] RENDA FIXA CURTO PRAZO: 3 fundos.
[13:35:44]   [GOV] MULTIMERCADO: 6 fundos.
[13:35:47]   [GOV] ACOES: 4 fundos.
[13:35:48] [RPPS] Abrindo SIPII...
[13:36:18]   [RPPS] RENDA FIXA: 19 fundos.
[13:36:23]   [RPPS] RENDA FIXA REFERENCIADO: 5 fundos.
[13:36:30]   [RPPS] MULTIMERCADO: 14 fundos.
[13:36:37]   [RPPS] ACOES: 14 fundos.
[13:36:37] [TODOS] Abrindo SIPII...
[13:36:56]   [TODOS] RENDA FIXA SIMPLES: 2 fundos.
[13:37:12]   [TODOS] RENDA FIXA: 42 fundos.
[13:37:18]   [TODOS] RENDA FIXA REFERENCIADO: 8 fundos.
[13:37:21]   [TODOS] RENDA FIXA CURTO PRAZO: 3 fundos.
[13:37:28]   [TODOS] MULTIMERCADO: 14 fundos.
[13:37:31]   [TODOS] CAMBIAL: 1 fundos.
[13:37:42]   [TODOS] ACOES: 25 fundos.
[13:37:46]   [TODOS] FUNDO DE INDICE: 1 fundos.
[13:37:46] ETAPA 3 — Associando URLs (estáticas + dinâmicas)...
[13:37:46]   Dicionário estático : 116 entradas
[13:37:46]   URLs encontradas    : 149/174
[13:37:46]   Sem URL             : 25/174
[13:37:46]   Fundos SEM URL:
[13:37:46]     - CAIXA FIC FIF EXCLUSIVO FUNC RF CREDITO PRIVADO LP RESP LTDA
[13:37:46]     - CAIXA EXPERT VINLAND DEB IN INFRA RF CRED PRIV LP RESP LTDA (1) (2) (3)
[13:37:46]     - CAIXA EXPERT ABSOLUTE CRETA FIC FIF RF CRED PRIV LP - RESP LTDA (1)
[13:37:46]     - CAIXA EXPERT VOX DESENV SUSTENTAVEL IS RF CRED PRIV LP - RESP LTDA (1) (2)
[13:37:46]     - CAIXA SIGMA FUNCIONARIOS FIC FIF RF REF DI LP - RESP LTDA (2) (3)
[13:37:46]     - CAIXA CARTEIRA QUANT DUO FIC FIF MM LP RESP LTDA (1) (2) (3)
[13:37:46]     - CAIXA CARTEIRA QUANT QUALI FIC FIF MM LP RESP LTDA (1) (2) (3)
[13:37:46]     - CAIXA CARTEIRA QUANT UNO FIC FIF MM LP RESP LTDA (1) (2) (3)
[13:37:46]     - CAIXA FIC FIF FUNCIONARIOS ESTRATEGIA LIVRE MULTIMERCADO LP RESP LTDA (1)
[13:37:46]     - CAIXA HASHDEX NASDAQ CRYPTO INDEX FIC FIF MM RESP LTDA (1) (2)
[13:37:46]     - CAIXA FIC FIM CAPITAL PROTEGIDO CICLICO II LP - RL (1)
[13:37:46]     - CAIXA ATENA FIC FIF AÇÕES FUNCIONÁRIOS LIVRE QUANT RESP LTDA
[13:37:46]     - CAIXA ATENA FIC FIF AÇÕES LIVRE QUANT RESP LTDA
[13:37:46]     - CAIXA FMP-FGTS ELETROBRAS MIGRACAO
[13:37:46]     - CAIXA FMP-FGTS ELETROBRAS RESP LTDA
[13:37:46]     - CAIXA FMP-FGTS PETROBRÁS IV RESP LTDA
[13:37:46]     - CAIXA FMP-FGTS VALE RIO DOCE II RESP LTDA
[13:37:46]     - CAIXA FMP-FGTS CL ABSOLUTO RESP LTDA
[13:37:46]     - CAIXA FMP-FGTS VALE RIO DOCE MIGRAÇÃO RESP LTDA
[13:37:46]     - CAIXA FMP-FGTS PETROBRÁS II RESP LTDA
[13:37:46]     - CAIXA FMP-FGTS VALE RIO DOCE I RESP LTDA
[13:37:46]     - CAIXA FMP-FGTS PETROBRÁS III RESP LTDA
[13:37:46]     - CAIXA AUTOMATICO AMETISTA PJ FIC FIF RF SIMPLES RESP LTDA
[13:37:46]     - CAIXA BRASIL ESMERALDA FIC FIF RF REF DI CRED PRIV LONGO PRAZO RESP LTDA (2
[13:37:46]     - CAIXA ATENA FIC FIF AÇÕES BRASIL LIVRE QUANT RESP LTDA
[13:37:46] ETAPA 4 — Baixando JSON da CAIXA Asset...
[13:37:49]   JSON Asset salvo: /home/runner/work/catalogo-fundos-caixa-v2/catalogo-fundos-caixa-v2/data/fundos_asset.json
[13:37:49]   Histórico JSON salvo: /home/runner/work/catalogo-fundos-caixa-v2/catalogo-fundos-caixa-v2/historico/json/fundos_asset_20260826.json
[13:37:49]   Fundos no JSON Asset: 199
[13:37:49]   Asset matches encontrados: 170/174
[13:37:49]   Asset sem match: 4/174
[13:37:49] CSV salvo: /home/runner/work/catalogo-fundos-caixa-v2/catalogo-fundos-caixa-v2/dados_atuais.csv
[13:37:49] Histórico CSV salvo: /home/runner/work/catalogo-fundos-caixa-v2/catalogo-fundos-caixa-v2/sipii_caixa_20260826.csv
[13:37:50] Excel salvo: /home/runner/work/catalogo-fundos-caixa-v2/catalogo-fundos-caixa-v2/sipii_caixa_20260826.xlsx
[13:37:50] JSON unificado salvo: /home/runner/work/catalogo-fundos-caixa-v2/catalogo-fundos-caixa-v2/data/fundos_unificado.json
[13:37:50] Histórico JSON unificado salvo: /home/runner/work/catalogo-fundos-caixa-v2/catalogo-fundos-caixa-v2/historico/json/fundos_unificado_20260826.json
[13:37:50] SUCESSO: 174 fundos consolidados e enriquecidos salvos.
[22:27:47] INICIANDO ROBÔ SIPII v11 - SIPII + ASSET JSON
[22:27:47] ETAPA 1 — Coletando URLs dinâmicas (12 páginas CAIXA)...
[22:27:54]   [CAIXA] renda-fixa → +35 links (35 total)
[22:27:56]   [CAIXA] referenciados → +4 links (39 total)
[22:27:57]   [CAIXA] fundo-simples → +2 links (41 total)
[22:27:59]   [CAIXA] curto-prazo → +1 links (42 total)
[22:28:01]   [CAIXA] multimercado → +19 links (61 total)
[22:28:03]   [CAIXA] cambiais → +1 links (62 total)
[22:28:04]   [CAIXA] fundos-de-acoes → +12 links (74 total)
[22:28:06]   [CAIXA] fundos-de-indices → +2 links (76 total)
[22:28:07]   [CAIXA] renda-fixa → +8 links (84 total)
[22:28:09]   [CAIXA] empresa → +5 links (89 total)
[22:28:10]   [CAIXA] fmp-fgts → HTTP 404
[22:28:11]   [CAIXA] rpps → +8 links (97 total)
[22:28:12] [CAIXA] Total URLs dinâmicas: 97
[22:28:12] ETAPA 2 — Coletando dados do SIPII...
[22:28:20] [PF] Abrindo SIPII...
[22:28:40]   [PF] RENDA FIXA SIMPLES: 3 fundos.
[22:28:54]   [PF] RENDA FIXA: 41 fundos.
[22:29:00]   [PF] RENDA FIXA REFERENCIADO: 10 fundos.
[22:29:03]   [PF] RENDA FIXA CURTO PRAZO: 1 fundos.
[22:29:14]   [PF] MULTIMERCADO: 30 fundos.
[22:29:17]   [PF] CAMBIAL: 1 fundos.
[22:29:29]   [PF] ACOES: 30 fundos.
[22:29:32]   [PF] FUNDO DE INDICE: 1 fundos.
[22:29:37]   [PF] FUNDOS MUTUOS DE PRIVATIZACAO: 9 fundos.
[22:29:38] [PJ] Abrindo SIPII...
[22:29:58]   [PJ] RENDA FIXA SIMPLES: 5 fundos.
[22:30:11]   [PJ] RENDA FIXA: 38 fundos.
[22:30:16]   [PJ] RENDA FIXA REFERENCIADO: 8 fundos.
[22:30:20]   [PJ] RENDA FIXA CURTO PRAZO: 2 fundos.
[22:30:30]   [PJ] MULTIMERCADO: 27 fundos.
[22:30:33]   [PJ] CAMBIAL: 1 fundos.
[22:30:44]   [PJ] ACOES: 28 fundos.
[22:30:44] [GOV] Abrindo SIPII...
[22:31:02]   [GOV] RENDA FIXA: 2 fundos.
[22:31:06]   [GOV] RENDA FIXA REFERENCIADO: 3 fundos.
[22:31:09]   [GOV] RENDA FIXA CURTO PRAZO: 3 fundos.
[22:31:14]   [GOV] MULTIMERCADO: 6 fundos.
[22:31:17]   [GOV] ACOES: 4 fundos.
[22:31:18] [RPPS] Abrindo SIPII...
[22:31:49]   [RPPS] RENDA FIXA: 23 fundos.
[22:31:53]   [RPPS] RENDA FIXA REFERENCIADO: 5 fundos.
[22:32:00]   [RPPS] MULTIMERCADO: 14 fundos.
[22:32:07]   [RPPS] ACOES: 14 fundos.
[22:32:07] [TODOS] Abrindo SIPII...
[22:32:25]   [TODOS] RENDA FIXA SIMPLES: 2 fundos.
[22:32:40]   [TODOS] RENDA FIXA: 42 fundos.
[22:32:45]   [TODOS] RENDA FIXA REFERENCIADO: 8 fundos.
[22:32:48]   [TODOS] RENDA FIXA CURTO PRAZO: 3 fundos.
[22:32:55]   [TODOS] MULTIMERCADO: 14 fundos.
[22:32:58]   [TODOS] CAMBIAL: 1 fundos.
[22:33:08]   [TODOS] ACOES: 25 fundos.
[22:33:11]   [TODOS] FUNDO DE INDICE: 1 fundos.
[22:33:11] ETAPA 3 — Associando URLs (estáticas + dinâmicas)...
[22:33:11]   Dicionário estático : 116 entradas
[22:33:11]   URLs encontradas    : 149/179
[22:33:11]   Sem URL             : 30/179
[22:33:11]   Fundos SEM URL:
[22:33:11]     - CAIXA FIC FIF EXCLUSIVO FUNC RF CREDITO PRIVADO LP RESP LTDA
[22:33:11]     - CAIXA IMPULSO SINGULAR DEB INC FIF INC INFRA RF CRÉD PRIV LP RESP LTDA - SI
[22:33:11]     - CAIXA EXPERT ABSOLUTE CRETA FIC FIF RF CRED PRIV LP - RESP LTDA
[22:33:11]     - CAIXA EXPERT VINLAND DEB IN INFRA RF CRED PRIV LP RESP LTDA (2) (3)
[22:33:11]     - CAIXA EXPERT VOX DESENV SUSTENTAVEL IS RF CRED PRIV LP - RESP LTDA (2)
[22:33:11]     - CAIXA SIGMA FUNCIONARIOS FIC FIF RF REF DI LP - RESP LTDA (2) (3)
[22:33:11]     - CAIXA CARTEIRA QUANT DUO FIC FIF MM LP RESP LTDA (2) (3)
[22:33:11]     - CAIXA CARTEIRA QUANT QUALI FIC FIF MM LP RESP LTDA (2) (3)
[22:33:11]     - CAIXA CARTEIRA QUANT UNO FIC FIF MM LP RESP LTDA (2) (3)
[22:33:11]     - CAIXA FIC FIF FUNCIONARIOS ESTRATEGIA LIVRE MULTIMERCADO LP RESP LTDA
[22:33:11]     - CAIXA HASHDEX NASDAQ CRYPTO INDEX FIC FIF MM RESP LTDA (2)
[22:33:11]     - CAIXA FIC FIM CAPITAL PROTEGIDO CICLICO II LP - RL
[22:33:11]     - CAIXA ATENA FIC FIF AÇÕES FUNCIONÁRIOS LIVRE QUANT RESP LTDA
[22:33:11]     - CAIXA ATENA FIC FIF AÇÕES LIVRE QUANT RESP LTDA
[22:33:11]     - CAIXA FMP-FGTS ELETROBRAS MIGRACAO
[22:33:11]     - CAIXA FMP-FGTS ELETROBRAS RESP LTDA
[22:33:11]     - CAIXA FMP-FGTS PETROBRÁS IV RESP LTDA
[22:33:11]     - CAIXA FMP-FGTS VALE RIO DOCE II RESP LTDA
[22:33:11]     - CAIXA FMP-FGTS CL ABSOLUTO RESP LTDA
[22:33:11]     - CAIXA FMP-FGTS VALE RIO DOCE MIGRAÇÃO RESP LTDA
[22:33:11]     - CAIXA FMP-FGTS PETROBRÁS II RESP LTDA
[22:33:11]     - CAIXA FMP-FGTS VALE RIO DOCE I RESP LTDA
[22:33:11]     - CAIXA FMP-FGTS PETROBRÁS III RESP LTDA
[22:33:11]     - CAIXA AUTOMATICO AMETISTA PJ FIC FIF RF SIMPLES RESP LTDA (8)
[22:33:11]     - CAIXA BRASIL ESMERALDA FIC FIF RF REF DI CRED PRIV LONGO PRAZO RESP LTDA (2
[22:33:11]     - CAIXA BRASIL 2030 SEM CUPOM TP FIF RF - RESP LTDA (2) (3)
[22:33:11]     - CAIXA BRASIL 2028 SEM CUPOM TP FIF RF - RESP LTDA (2) (3)
[22:33:11]     - CAIXA BRASIL 2031 SEM CUPOM TP FIF RF RESP LTDA (2) (3)
[22:33:11]     - CAIXA BRASIL 2029 SEM CUPOM TP FIF RF - RL (2) (3)
[22:33:11]     - CAIXA ATENA FIC FIF AÇÕES BRASIL LIVRE QUANT RESP LTDA
[22:33:11] ETAPA 4 — Baixando JSON da CAIXA Asset...
[22:33:20]   JSON Asset salvo: /home/runner/work/catalogo-fundos-caixa-v2/catalogo-fundos-caixa-v2/data/fundos_asset.json
[22:33:20]   Histórico JSON salvo: /home/runner/work/catalogo-fundos-caixa-v2/catalogo-fundos-caixa-v2/historico/json/fundos_asset_20260827.json
[22:33:20]   Fundos no JSON Asset: 0
[22:33:20]   JSON Asset vazio. Mantendo base apenas com dados SIPII.
[22:33:20] CSV salvo: /home/runner/work/catalogo-fundos-caixa-v2/catalogo-fundos-caixa-v2/dados_atuais.csv
[22:33:20] Histórico CSV salvo: /home/runner/work/catalogo-fundos-caixa-v2/catalogo-fundos-caixa-v2/sipii_caixa_20260827.csv
[22:33:20] Excel salvo: /home/runner/work/catalogo-fundos-caixa-v2/catalogo-fundos-caixa-v2/sipii_caixa_20260827.xlsx
[22:33:20] JSON unificado salvo: /home/runner/work/catalogo-fundos-caixa-v2/catalogo-fundos-caixa-v2/data/fundos_unificado.json
[22:33:20] Histórico JSON unificado salvo: /home/runner/work/catalogo-fundos-caixa-v2/catalogo-fundos-caixa-v2/historico/json/fundos_unificado_20260827.json
[22:33:20] SUCESSO: 179 fundos consolidados e enriquecidos salvos.
[22:30:38] INICIANDO ROBÔ SIPII v11 - SIPII + ASSET JSON
[22:30:38] ETAPA 1 — Coletando URLs dinâmicas (12 páginas CAIXA)...
[22:30:42]   [CAIXA] renda-fixa → +35 links (35 total)
[22:30:44]   [CAIXA] referenciados → +4 links (39 total)
[22:30:45]   [CAIXA] fundo-simples → +2 links (41 total)
[22:30:47]   [CAIXA] curto-prazo → +1 links (42 total)
[22:30:48]   [CAIXA] multimercado → +19 links (61 total)
[22:30:51]   [CAIXA] cambiais → +1 links (62 total)
[22:30:52]   [CAIXA] fundos-de-acoes → +12 links (74 total)
[22:30:54]   [CAIXA] fundos-de-indices → +2 links (76 total)
[22:30:55]   [CAIXA] renda-fixa → +8 links (84 total)
[22:30:57]   [CAIXA] empresa → +5 links (89 total)
[22:30:58]   [CAIXA] fmp-fgts → HTTP 404
[22:30:59]   [CAIXA] rpps → +8 links (97 total)
[22:31:00] [CAIXA] Total URLs dinâmicas: 97
[22:31:00] ETAPA 2 — Coletando dados do SIPII...
[22:31:08] [PF] Abrindo SIPII...
[22:31:27]   [PF] RENDA FIXA SIMPLES: 3 fundos.
[22:31:42]   [PF] RENDA FIXA: 41 fundos.
[22:31:47]   [PF] RENDA FIXA REFERENCIADO: 10 fundos.
[22:31:50]   [PF] RENDA FIXA CURTO PRAZO: 1 fundos.
[22:32:02]   [PF] MULTIMERCADO: 30 fundos.
[22:32:06]   [PF] CAMBIAL: 1 fundos.
[22:32:18]   [PF] ACOES: 30 fundos.
[22:32:21]   [PF] FUNDO DE INDICE: 1 fundos.
[22:32:27]   [PF] FUNDOS MUTUOS DE PRIVATIZACAO: 9 fundos.
[22:32:27] [PJ] Abrindo SIPII...
[22:32:47]   [PJ] RENDA FIXA SIMPLES: 5 fundos.
[22:33:01]   [PJ] RENDA FIXA: 38 fundos.
[22:33:06]   [PJ] RENDA FIXA REFERENCIADO: 8 fundos.
[22:33:10]   [PJ] RENDA FIXA CURTO PRAZO: 2 fundos.
[22:33:21]   [PJ] MULTIMERCADO: 27 fundos.
[22:33:24]   [PJ] CAMBIAL: 1 fundos.
[22:33:35]   [PJ] ACOES: 28 fundos.
[22:33:36] [GOV] Abrindo SIPII...
[22:33:53]   [GOV] RENDA FIXA: 2 fundos.
[22:33:57]   [GOV] RENDA FIXA REFERENCIADO: 3 fundos.
[22:34:00]   [GOV] RENDA FIXA CURTO PRAZO: 3 fundos.
[22:34:05]   [GOV] MULTIMERCADO: 6 fundos.
[22:34:08]   [GOV] ACOES: 4 fundos.
[22:34:09] [RPPS] Abrindo SIPII...
[22:34:40]   [RPPS] RENDA FIXA: 23 fundos.
[22:34:45]   [RPPS] RENDA FIXA REFERENCIADO: 5 fundos.
[22:34:52]   [RPPS] MULTIMERCADO: 14 fundos.
[22:34:59]   [RPPS] ACOES: 14 fundos.
[22:34:59] [TODOS] Abrindo SIPII...
[22:35:17]   [TODOS] RENDA FIXA SIMPLES: 2 fundos.
[22:35:32]   [TODOS] RENDA FIXA: 42 fundos.
[22:35:38]   [TODOS] RENDA FIXA REFERENCIADO: 8 fundos.
[22:35:41]   [TODOS] RENDA FIXA CURTO PRAZO: 3 fundos.
[22:35:48]   [TODOS] MULTIMERCADO: 14 fundos.
[22:35:51]   [TODOS] CAMBIAL: 1 fundos.
[22:36:02]   [TODOS] ACOES: 25 fundos.
[22:36:05]   [TODOS] FUNDO DE INDICE: 1 fundos.
[22:36:05] ETAPA 3 — Associando URLs (estáticas + dinâmicas)...
[22:36:05]   Dicionário estático : 116 entradas
[22:36:05]   URLs encontradas    : 149/179
[22:36:05]   Sem URL             : 30/179
[22:36:05]   Fundos SEM URL:
[22:36:05]     - CAIXA FIC FIF EXCLUSIVO FUNC RF CREDITO PRIVADO LP RESP LTDA
[22:36:05]     - CAIXA IMPULSO SINGULAR DEB INC FIF INC INFRA RF CRÉD PRIV LP RESP LTDA - SI
[22:36:05]     - CAIXA EXPERT ABSOLUTE CRETA FIC FIF RF CRED PRIV LP - RESP LTDA
[22:36:05]     - CAIXA EXPERT VINLAND DEB IN INFRA RF CRED PRIV LP RESP LTDA (2) (3)
[22:36:05]     - CAIXA EXPERT VOX DESENV SUSTENTAVEL IS RF CRED PRIV LP - RESP LTDA (2)
[22:36:05]     - CAIXA SIGMA FUNCIONARIOS FIC FIF RF REF DI LP - RESP LTDA (2) (3)
[22:36:05]     - CAIXA CARTEIRA QUANT DUO FIC FIF MM LP RESP LTDA (2) (3)
[22:36:05]     - CAIXA CARTEIRA QUANT QUALI FIC FIF MM LP RESP LTDA (2) (3)
[22:36:05]     - CAIXA CARTEIRA QUANT UNO FIC FIF MM LP RESP LTDA (2) (3)
[22:36:05]     - CAIXA FIC FIF FUNCIONARIOS ESTRATEGIA LIVRE MULTIMERCADO LP RESP LTDA
[22:36:05]     - CAIXA HASHDEX NASDAQ CRYPTO INDEX FIC FIF MM RESP LTDA (2)
[22:36:05]     - CAIXA FIC FIM CAPITAL PROTEGIDO CICLICO II LP - RL
[22:36:05]     - CAIXA ATENA FIC FIF AÇÕES FUNCIONÁRIOS LIVRE QUANT RESP LTDA
[22:36:05]     - CAIXA ATENA FIC FIF AÇÕES LIVRE QUANT RESP LTDA
[22:36:05]     - CAIXA FMP-FGTS ELETROBRAS MIGRACAO
[22:36:05]     - CAIXA FMP-FGTS ELETROBRAS RESP LTDA
[22:36:05]     - CAIXA FMP-FGTS PETROBRÁS IV RESP LTDA
[22:36:05]     - CAIXA FMP-FGTS VALE RIO DOCE II RESP LTDA
[22:36:05]     - CAIXA FMP-FGTS CL ABSOLUTO RESP LTDA
[22:36:05]     - CAIXA FMP-FGTS VALE RIO DOCE MIGRAÇÃO RESP LTDA
[22:36:05]     - CAIXA FMP-FGTS PETROBRÁS II RESP LTDA
[22:36:05]     - CAIXA FMP-FGTS VALE RIO DOCE I RESP LTDA
[22:36:05]     - CAIXA FMP-FGTS PETROBRÁS III RESP LTDA
[22:36:05]     - CAIXA AUTOMATICO AMETISTA PJ FIC FIF RF SIMPLES RESP LTDA (8)
[22:36:05]     - CAIXA BRASIL ESMERALDA FIC FIF RF REF DI CRED PRIV LONGO PRAZO RESP LTDA (2
[22:36:05]     - CAIXA BRASIL 2030 SEM CUPOM TP FIF RF - RESP LTDA (2) (3)
[22:36:05]     - CAIXA BRASIL 2028 SEM CUPOM TP FIF RF - RESP LTDA (2) (3)
[22:36:05]     - CAIXA BRASIL 2031 SEM CUPOM TP FIF RF RESP LTDA (2) (3)
[22:36:05]     - CAIXA BRASIL 2029 SEM CUPOM TP FIF RF - RL (2) (3)
[22:36:05]     - CAIXA ATENA FIC FIF AÇÕES BRASIL LIVRE QUANT RESP LTDA
[22:36:05] ETAPA 4 — Baixando JSON da CAIXA Asset...
[22:36:09]   JSON Asset salvo: /home/runner/work/catalogo-fundos-caixa-v2/catalogo-fundos-caixa-v2/data/fundos_asset.json
[22:36:09]   Histórico JSON salvo: /home/runner/work/catalogo-fundos-caixa-v2/catalogo-fundos-caixa-v2/historico/json/fundos_asset_20260828.json
[22:36:09]   Fundos no JSON Asset: 207
[22:36:09]   Asset matches encontrados: 174/179
[22:36:09]   Asset sem match: 5/179
[22:36:09] CSV salvo: /home/runner/work/catalogo-fundos-caixa-v2/catalogo-fundos-caixa-v2/dados_atuais.csv
[22:36:09] Histórico CSV salvo: /home/runner/work/catalogo-fundos-caixa-v2/catalogo-fundos-caixa-v2/sipii_caixa_20260828.csv
[22:36:10] Excel salvo: /home/runner/work/catalogo-fundos-caixa-v2/catalogo-fundos-caixa-v2/sipii_caixa_20260828.xlsx
[22:36:10] JSON unificado salvo: /home/runner/work/catalogo-fundos-caixa-v2/catalogo-fundos-caixa-v2/data/fundos_unificado.json
[22:36:10] Histórico JSON unificado salvo: /home/runner/work/catalogo-fundos-caixa-v2/catalogo-fundos-caixa-v2/historico/json/fundos_unificado_20260828.json
[22:36:10] SUCESSO: 179 fundos consolidados e enriquecidos salvos.
[19:10:48] INICIANDO ROBÔ SIPII v11 - SIPII + ASSET JSON
[19:10:48] ETAPA 1 — Coletando URLs dinâmicas (12 páginas CAIXA)...
[19:10:50]   [CAIXA] renda-fixa → +35 links (35 total)
[19:10:51]   [CAIXA] referenciados → +4 links (39 total)
[19:10:53]   [CAIXA] fundo-simples → +2 links (41 total)
[19:10:54]   [CAIXA] curto-prazo → +1 links (42 total)
[19:10:55]   [CAIXA] multimercado → +19 links (61 total)
[19:10:57]   [CAIXA] cambiais → +1 links (62 total)
[19:10:59]   [CAIXA] fundos-de-acoes → +12 links (74 total)
[19:11:00]   [CAIXA] fundos-de-indices → +2 links (76 total)
[19:11:02]   [CAIXA] renda-fixa → +8 links (84 total)
[19:11:03]   [CAIXA] empresa → +5 links (89 total)
[19:11:04]   [CAIXA] fmp-fgts → HTTP 404
[19:11:05]   [CAIXA] rpps → +8 links (97 total)
[19:11:06] [CAIXA] Total URLs dinâmicas: 97
[19:11:06] ETAPA 2 — Coletando dados do SIPII...
[19:11:12] [PF] Abrindo SIPII...
[19:13:12] [PF] Erro geral: HTTPConnectionPool(host='localhost', port=47995): Read timed out. (read timeout=120)
[19:16:13] [PJ] Abrindo SIPII...
[19:18:13] [PJ] Erro geral: HTTPConnectionPool(host='localhost', port=56019): Read timed out. (read timeout=120)
[19:21:13] [GOV] Abrindo SIPII...
[19:23:13] [GOV] Erro geral: HTTPConnectionPool(host='localhost', port=41711): Read timed out. (read timeout=120)
[19:26:14] [RPPS] Abrindo SIPII...
[19:28:14] [RPPS] Erro geral: HTTPConnectionPool(host='localhost', port=39041): Read timed out. (read timeout=120)
[19:31:14] [TODOS] Abrindo SIPII...
[19:33:14] [TODOS] Erro geral: HTTPConnectionPool(host='localhost', port=44503): Read timed out. (read timeout=120)
[19:36:14] ATENÇÃO: Nenhum dado coletado.
[16:48:18] INICIANDO ROBÔ SIPII v11 - SIPII + ASSET JSON
[16:48:18] ETAPA 1 — Coletando URLs dinâmicas (12 páginas CAIXA)...
[16:48:22]   [CAIXA] renda-fixa → +35 links (35 total)
[16:48:24]   [CAIXA] referenciados → +4 links (39 total)
[16:48:25]   [CAIXA] fundo-simples → +2 links (41 total)
[16:48:27]   [CAIXA] curto-prazo → +1 links (42 total)
[16:48:29]   [CAIXA] multimercado → +19 links (61 total)
[16:48:31]   [CAIXA] cambiais → +1 links (62 total)
[16:48:32]   [CAIXA] fundos-de-acoes → +12 links (74 total)
[16:48:34]   [CAIXA] fundos-de-indices → +2 links (76 total)
[16:48:36]   [CAIXA] renda-fixa → +8 links (84 total)
[16:48:37]   [CAIXA] empresa → +5 links (89 total)
[16:48:39]   [CAIXA] fmp-fgts → HTTP 404
[16:48:39]   [CAIXA] rpps → +8 links (97 total)
[16:48:40] [CAIXA] Total URLs dinâmicas: 97
[16:48:40] ETAPA 2 — Coletando dados do SIPII...
[16:48:42] [PF] Abrindo SIPII...
[16:50:42] [PF] Erro geral: HTTPConnectionPool(host='localhost', port=43053): Read timed out. (read timeout=120)
[16:53:42] [PJ] Abrindo SIPII...
[16:55:42] [PJ] Erro geral: HTTPConnectionPool(host='localhost', port=60509): Read timed out. (read timeout=120)
[16:58:43] [GOV] Abrindo SIPII...
[17:00:43] [GOV] Erro geral: HTTPConnectionPool(host='localhost', port=58969): Read timed out. (read timeout=120)
[17:03:43] [RPPS] Abrindo SIPII...
[17:05:43] [RPPS] Erro geral: HTTPConnectionPool(host='localhost', port=43471): Read timed out. (read timeout=120)
[17:05:55] [TODOS] Abrindo SIPII...
[17:07:55] [TODOS] Erro geral: HTTPConnectionPool(host='localhost', port=41479): Read timed out. (read timeout=120)
[17:10:55] ATENÇÃO: Nenhum dado coletado.
