Categoria,Fundo,Fundo_norm,Data Inicio,Cota (R$),Variacao Dia (%),Acum. Mes (%),Acum. Ano (%),Acum. 12M (%),PL (milhoes R$),Perfil,Perfis,URL,Match Asset,Tipo Match Asset,CNPJ,Código SIICO,Código SIICO Num,Código SIART,Oferta SIART,Risco,Benchmark,Classificação CVM,Estratégia,Tributação,Taxa Adm Cliente (%),Taxa Adm Máxima (%),Aplicação Inicial (R$),Aplicação Adicional Mínima (R$),Saldo Mínimo (R$),Resgate Mínimo (R$),Conversão Aplicação,Conversão Resgate,Pagamento Resgate,Horário Limite,Aberto Captação,ASG,Movimentação Automática,Adiantamento Resgate,Público Alvo Asset,Segmento Asset,Link Página Fundo,Link Lâmina,Link Regulamento,Link Termo Adesão,Link Fato Relevante,Link Info Complementar,Link Sumário,Observação Asset,Data Cota Asset,Código MN,Nome Asset,Razão Social,Pesquisa Index Asset,Classificação Investidor,Horário Resgate,Lançamento,Carência,% Adiantamento Resgate,Adiant. Manual/Automático,Destino,Oferta IBC,Link Due Diligence,Link Raio X,Link Boletim Comercial,Data Início Asset
RENDA FIXA SIMPLES,CAIXA FIF E-SIMPLES RENDA FIXA LP RESP LTDA,CAIXA FIF E-SIMPLES RENDA FIXA LP RESP LTDA,15/10/2015,"2,28218700","0,045","0,23","6,20","12,81","404,559",PF,PF | PJ,https://www.caixa.gov.br/fundos-investimento/renda-fixa/fi-renda-fixa-simples-lp/,Sim,nome_aproximado_0.80,17322725000107,5908,5908,"PF, PJ","PF, PJ",Moderado,CDI,Renda Fixa,RF Crédito Privado sem Risco Mercado,LONGO PRAZO,0.3,0.3,200000.0,100.0,20000.0,100.0,D+0 (du),D+0 (du),D+00 (du),17:00,Sim,Não,Não,Sim,"[""Pessoa Física"", ""PJ Atacado"", ""PJ Varejo"", ""Private""]","[""Pessoa Física"", ""PJ Atacado"", ""PJ Varejo"", ""Private""]",http://www.caixa.gov.br/fundos-investimento/renda-fixa/fic-maxi-renda-fixa-credito-privado-longo-prazo,,https://www.caixa.gov.br/downloads/aplicacao-financeira-regulamentos/RG_5908.pdf,https://www.caixa.gov.br/Downloads/aplicacao-financeira-termos-adesao/TA_5908.pdf,,https://www.caixa.gov.br/Downloads/aplicacao-financeira-inf-com/FIC_5908.pdf,,"*Este Fundo não está adaptado às normas vigentes para RPPS (Regimes Próprios de Previdência Social).




",2026-06-30T00:00:00Z,FI657,CAIXA FIC FIF MAXI RENDA FIXA CRED PRIV LP - RESP LTDA,CAIXA MAXI FUNDO DE INVESTIMENTO EM COTAS DE CLASSE DE FUNDO DE INVESTIMENTO FINANCEIRO RENDA FIXA CRÉDITO PRIVADO LONGO PRAZO - RESP LIMITADA,CAIXA FIC FIF MAXI RENDA FIXA CRED PRIV LP - RESP LTDA 5908 17322725000107 17.322.725/0001-07,GERAL,17h00,Não,Não,90.0,AUTOMATICO,"PF, PJ PRIV","FX, GC, GR, GV, PJ Atacado, PJ Varejo",,https://web.microsoftstream.com/video/1689d147-ff5e-41df-9e77-e9270bae338b?channelId=772517ff-88ae-4298-88f2-3ed5a5893c3e,,2013-03-04T00:00:00Z
RENDA FIXA SIMPLES,CAIXA FIC FIF FÁCIL RF SIMPLES RESP LTDA (8),CAIXA FIC FIF FACIL RF SIMPLES RESP LTDA (8),24/02/2003,"5,54562800","0,044","0,22","6,08","12,56","6.638,717",PF,PF | PJ,https://www.caixa.gov.br/fundos-investimento/fundo-simples/fic-facil-rf-simples,Sim,nome_exato,05114716000133,0088,88,"PF, PJ","PF, PJ",Conservador,SELIC,Renda Fixa,RF Simples 100% TPF,CURTO PRAZO,1.7,1.7,0.01,0.01,0.02,0.01,D+0 (du),D+0 (du),D+00 (du),18:00,Sim,Não,Sim,Não,"[""Institucional"", ""Pessoa Física"", ""PJ Atacado"", ""PJ Varejo"", ""Private""]","[""Institucional"", ""Pessoa Física"", ""PJ Atacado"", ""PJ Varejo"", ""Private""]",http://www.caixa.gov.br/fundos-investimento/fundo-simples/fic-facil-rf-simples,,https://www.caixa.gov.br/downloads/aplicacao-financeira-regulamentos/RG_0088.pdf,https://www.caixa.gov.br/Downloads/aplicacao-financeira-termos-adesao/TA_0088.pdf,,https://www.caixa.gov.br/Downloads/aplicacao-financeira-inf-com/FIC_0088.pdf,,"Movimentação exclusiva pela plataforma e/ou IBC/APP.

Movimentações: O FUNDO oferece mecanismo resgate automático.

Para ativar a funcionalidade de Resgate Automático, acessar o SIART -> Movimentação Automática -> Marcar

As regras da funcionalidade de Movimentação Automática estão descritas no MN TE099.

**Esse fundo não possui adiantamento de resgate, os resgates efetuados ficarão disponíveis no processamento noturno.",2026-06-30T00:00:00Z,FI657,CAIXA FACIL FIC FIF RF SIMPLES - RESP LTDA,CAIXA FÁCIL FUNDO DE INVESTIMENTO EM COTAS DE CLASSE DE FUNDO DE INVESTIMENTO FINANCEIRO RENDA FIXA SIMPLES - RESPONSABILIDADE LIMITADA,CAIXA FACIL FIC FIF RF SIMPLES - RESP LTDA 0088 05114716000133 05.114.716/0001-33,GERAL,18h00,Não,Não,,NÃO SE APLICA,"PF, PJ PRIV","FX, GC, GR, GV, INST, PJ Atacado, PJ Varejo",,,,2003-02-24T00:00:00Z
RENDA FIXA SIMPLES,CAIXA FIC FIF MOVIMENTAÇÕES AUTOMÁTICAS RF SIMPLES RESP LTDA (8),CAIXA FIC FIF MOVIMENTACOES AUTOMATICAS RF SIMPLES RESP LTDA (8),13/07/2012,"2,80007900","0,044","0,22","6,08","12,55","865,174",PF,PF | PJ,https://www.caixa.gov.br/fundos-investimento/fundo-simples/fic-movimentacoes-automaticas-rf-simples/Paginas/default.aspx,Sim,nome_exato,14508652000146,5823,5823,"PF, PJ","PF, PJ",Conservador,CDI,Renda Fixa,RF Simples 100% TPF,CURTO PRAZO,1.7,1.7,10.0,0.01,0.01,0.01,D+0 (du),D+0 (du),D+00 (du),18:00,Sim,Não,Sim,Não,"[""Pessoa Física"", ""PJ Varejo"", ""Private""]","[""Pessoa Física"", ""PJ Varejo"", ""Private""]",http://www.caixa.gov.br/fundos-investimento/curto-prazo/fic-movimentacoes-automaticas-curto-prazo/Paginas/default.aspx,,https://www.caixa.gov.br/downloads/aplicacao-financeira-regulamentos/RG_5823.pdf,https://www.caixa.gov.br/Downloads/aplicacao-financeira-termos-adesao/TA_5823.pdf,,https://www.caixa.gov.br/Downloads/aplicacao-financeira-inf-com/FIC_5823.pdf,,"OBS: O Fundo possui a funcionalidade de Aplicação e Resgate Automáticos em caso de adesão pelo cotista, o gerente deverá proceder à contratação no SIART. Para ativar a funcionalidade de Aplicação e Resgate Automáticos, acessar o SIART -> Movimentação Automática -> Marcar

As regras da funcionalidade de Movimentação Automática estão descritas no MN TE099. O Fundo não possui adiantamento de resgate, os resgates efetuados ficarão disponíveis no processamento noturno.

FUNDO NÃO PONTUA NO RESULTADO.CAIXA

Este Fundo não está adaptado às normas vigentes para RPPS (Regimes Próprios de Previdência Social).",2026-06-30T00:00:00Z,FI657,CAIXA MOVIMENTACOES AUTOMATICAS FIC FIF RF SIMPLES - RESP LTDA,CAIXA MOVIMENTAÇÕES AUTOMÁTICAS FUNDO DE INVESTIMENTO EM COTAS DE CLASSE DE FUNDO DE INVESTIMENTO FINANCEIRO RENDA FIXA SIMPLES - RESP LIMITADA,CAIXA MOVIMENTACOES AUTOMATICAS FIC FIF RF SIMPLES - RESP LTDA 5823 14508652000146 14.508.652/0001-46,GERAL,18h00,Não,Não,,NÃO SE APLICA,"PF, PJ PRIV","FX, GC, GR, GV, PJ Varejo",,,,2012-07-13T00:00:00Z
RENDA FIXA,CAIXA FIC FIF GERAÇÃO JOVEM CRED PRIV RF LP RESP LTDA,CAIXA FIC FIF GERACAO JOVEM CRED PRIV RF LP RESP LTDA,26/04/2012,"3,36452100","0,051","0,25","6,78","14,04","11,945",PF,PF | PJ,https://www.caixa.gov.br/fundos-investimento/renda-fixa/fic-geracao-jovem-rf-credito-privado-longo-prazo,Sim,nome_aproximado_0.71,10646888000198,5156,5156,"PF, PJ","PF, PJ",Moderado,CDI,Renda Fixa,RF Crédito Privado sem Risco Mercado,LONGO PRAZO,0.5,0.5,20000.0,100.0,1000.0,100.0,D+0 (du),D+0 (du),D+00 (du),17:00,Sim,Não,Não,Sim,"[""Pessoa Física"", ""PJ Varejo"", ""Private""]","[""Pessoa Física"", ""PJ Varejo"", ""Private""]",http://www.caixa.gov.br/fundos-investimento/renda-fixa/fic-expertise-rf-credito-privado-longo-prazo,,https://www.caixa.gov.br/downloads/aplicacao-financeira-regulamentos/RG_5156.pdf,https://www.caixa.gov.br/Downloads/aplicacao-financeira-termos-adesao/TA_5156.pdf,,https://www.caixa.gov.br/Downloads/aplicacao-financeira-inf-com/FIC_5156.pdf,,*Este Fundo não está adaptado às normas vigentes para RPPS (Regimes Próprios de Previdência Social).,2026-06-30T00:00:00Z,FI657,CAIXA FIC FIF EXPERTISE RF CRED PRIV LP - RESP LTDA,CAIXA EXPERTISE FUNDO DE INVESTIMENTO EM COTAS DE CLASSE DE FUNDO DE INVESTIMENTO FINANCEIRO RENDA FIXA CRÉDITO PRIVADO LONGO PRAZO - RESP LIMITADA,CAIXA FIC FIF EXPERTISE RF CRED PRIV LP - RESP LTDA 5156 10646888000198 10.646.888/0001-98,GERAL,17h00,Não,Não,90.0,AUTOMATICO,"PF, PJ PRIV","FX, GC, GR, GV, PJ Varejo",,,,2009-07-02T00:00:00Z
RENDA FIXA,CAIXA FIC FIF RELACIONAMENTO PERSONAL RF LP RESP LTDA,CAIXA FIC FIF RELACIONAMENTO PERSONAL RF LP RESP LTDA,16/04/2012,"3,52104100","0,052","0,26","6,91","14,28","121,270",PF,PF,https://www.caixa.gov.br/fundos-investimento/renda-fixa/fic-relacionamento-personal-rf-longo-prazo,Sim,nome_exato,10577509000155,5565,5565,PF,PF,Moderado,CDI,Renda Fixa,RF até 49% Crédito Privado,LONGO PRAZO,0.7,0.7,0.01,0.01,0.01,0.01,D+0 (du),D+0 (du),D+00 (du),17:00,Sim,Não,Não,Sim,"[""Pessoa Física"", ""Private""]","[""Pessoa Física"", ""Private""]",http://www.caixa.gov.br/fundos-investimento/renda-fixa/fic-relacionamento-personal-rf-longo-prazo,,https://www.caixa.gov.br/downloads/aplicacao-financeira-regulamentos/RG_5565.pdf,https://www.caixa.gov.br/Downloads/aplicacao-financeira-termos-adesao/TA_5565.pdf,https://www.caixa.gov.br/Downloads/aplicacao-financeira-comunicado-aos-cotistas/FR_5565.pdf,https://www.caixa.gov.br/Downloads/aplicacao-financeira-inf-com/FIC_5565.pdf,,"Destinado à Pessoas Físicas que possuam conta-salário na CAIXA, inclusive empregados da CAIXA. Este Fundo não está adaptado às normas vigentes para RPPS (Regimes Próprios de Previdência Social).

Fundo disponível para aplicação somente via conta corrente marcada como conta-salário (CS), ou conta-salário empregado CAIXA. 

Caso ocorra desmarcação da conta, o cotista não poderá realizar novas aplicações no fundo, no entanto as condições do produto permanecem válidas enquanto houver recursos aplicados. 

As regras para marcação e desmarcação da conta estão no CO020.",2026-06-30T00:00:00Z,FI657,CAIXA FIC FIF RELACIONAMENTO PERSONAL RF LP - RESP LTDA,CAIXA RELACIONAMENTO PERSONAL FUNDO DE INVESTIMENTO EM COTAS DE CLASSE DE FUNDO DE INVESTIMENTO FINANCEIRO RENDA FIXA LONGO PRAZO - RESP LIMITADA,CAIXA FIC FIF RELACIONAMENTO PERSONAL RF LP - RESP LTDA 5565 10577509000155 10.577.509/0001-55,GERAL,17h00,Não,Não,90.0,AUTOMATICO,PF,"FX, GC, GR, GV",,,,2012-04-16T00:00:00Z
RENDA FIXA,CAIXA MASTER PLUS FIF RF CRED PRIV LP RESP LTDA,CAIXA MASTER PLUS FIF RF CRED PRIV LP RESP LTDA,21/01/2021,"1.855,31669300","0,060","0,27","7,06","14,65","97,016",PF,PF | PJ,https://www.caixa.gov.br/fundos-investimento/renda-fixa/caixa-fic-plus-rf-credito-privado-lp/Paginas/default.aspx,Sim,nome_aproximado_0.71,10646888000198,5156,5156,"PF, PJ","PF, PJ",Moderado,CDI,Renda Fixa,RF Crédito Privado sem Risco Mercado,LONGO PRAZO,0.5,0.5,20000.0,100.0,1000.0,100.0,D+0 (du),D+0 (du),D+00 (du),17:00,Sim,Não,Não,Sim,"[""Pessoa Física"", ""PJ Varejo"", ""Private""]","[""Pessoa Física"", ""PJ Varejo"", ""Private""]",http://www.caixa.gov.br/fundos-investimento/renda-fixa/fic-expertise-rf-credito-privado-longo-prazo,,https://www.caixa.gov.br/downloads/aplicacao-financeira-regulamentos/RG_5156.pdf,https://www.caixa.gov.br/Downloads/aplicacao-financeira-termos-adesao/TA_5156.pdf,,https://www.caixa.gov.br/Downloads/aplicacao-financeira-inf-com/FIC_5156.pdf,,*Este Fundo não está adaptado às normas vigentes para RPPS (Regimes Próprios de Previdência Social).,2026-06-30T00:00:00Z,FI657,CAIXA FIC FIF EXPERTISE RF CRED PRIV LP - RESP LTDA,CAIXA EXPERTISE FUNDO DE INVESTIMENTO EM COTAS DE CLASSE DE FUNDO DE INVESTIMENTO FINANCEIRO RENDA FIXA CRÉDITO PRIVADO LONGO PRAZO - RESP LIMITADA,CAIXA FIC FIF EXPERTISE RF CRED PRIV LP - RESP LTDA 5156 10646888000198 10.646.888/0001-98,GERAL,17h00,Não,Não,90.0,AUTOMATICO,"PF, PJ PRIV","FX, GC, GR, GV, PJ Varejo",,,,2009-07-02T00:00:00Z
RENDA FIXA,CAIXA FIC FIF IDEAL RF LP RESP LTDA,CAIXA FIC FIF IDEAL RF LP RESP LTDA,28/10/1992,"9,79212400","0,048","0,24","6,45","13,30","584,497",PF,PF | PJ,https://www.caixa.gov.br/fundos-investimento/renda-fixa/fic-ideal-rf-longo-prazo,Sim,nome_aproximado_1.00,10577505000177,5566,5566,PF,PF,Moderado,CDI,Renda Fixa,RF até 49% Crédito Privado,LONGO PRAZO,1.0,1.0,1000.0,100.0,100.0,100.0,D+0 (du),D+0 (du),D+00 (du),17:00,Não,Não,Não,Sim,"[""Pessoa Física""]","[""Pessoa Física""]",http://www.caixa.gov.br/fundos-investimento/renda-fixa/fic-relacionamento-ideal-rf-longo-prazo,,https://www.caixa.gov.br/downloads/aplicacao-financeira-regulamentos/RG_5566.pdf,https://www.caixa.gov.br/Downloads/aplicacao-financeira-termos-adesao/TA_5566.pdf,https://www.caixa.gov.br/Downloads/aplicacao-financeira-comunicado-aos-cotistas/FR_5566.pdf,https://www.caixa.gov.br/Downloads/aplicacao-financeira-inf-com/FIC_5566.pdf,,"Fundo fechaco para novas aplicações a partir de 28/02/2023.

Este Fundo não está adaptado às normas vigentes para RPPS (Regimes Próprios de Previdência Social).

Destinado à Pessoas Físicas que possuam conta-salário na CAIXA, inclusive empregados da CAIXA. Este Fundo não está adaptado às normas vigentes para RPPS (Regimes Próprios de Previdência Social).

Fundo disponível para aplicação somente via conta corrente marcada como conta-salário (CS), ou conta-salário empregado CAIXA. 

Caso ocorra desmarcação da conta, o cotista não poderá realizar novas aplicações no fundo, no entanto as condições do produto permanecem válidas enquanto houver recursos aplicados. 

As regras para marcação e desmarcação da conta estão no CO020.",2026-06-30T00:00:00Z,FI657,CAIXA FIC FIF RELACIONAMENTO IDEAL RF LP - RESP LTDA,CAIXA RELACIONAMENTO IDEAL FUNDO DE INVESTIMENTO EM COTAS DE CLASSE DE FUNDO DE INVESTIMENTO FINANCEIRO RENDA FIXA LONGO PRAZO - RESP LIMITADA,CAIXA FIC FIF RELACIONAMENTO IDEAL RF LP - RESP LTDA 5566 10577505000177 10.577.505/0001-77,GERAL,17h00,Não,Não,90.0,AUTOMATICO,PF,"GC, GV",,,,2012-04-16T00:00:00Z
RENDA FIXA,CAIXA FIC FIF E-FUNDO RF LP RESP LTDA,CAIXA FIC FIF E-FUNDO RF LP RESP LTDA,05/10/2012,"3,38841300","0,051","0,25","6,86","14,18","63,470",PF,PF | PJ,https://www.caixa.gov.br/fundos-investimento/e-fundos/renda-fixa-longo-prazo,Sim,nome_exato,15154422000199,5834,5834,"PF, PJ","PF, PJ",Moderado,CDI,Renda Fixa,RF até 49% Crédito Privado,LONGO PRAZO,0.7,0.7,0.01,0.01,0.01,0.01,D+0 (du),D+0 (du),D+00 (du),,Sim,Não,Não,Sim,"[""Pessoa Física"", ""PJ Varejo"", ""Private""]","[""Pessoa Física"", ""PJ Varejo"", ""Private""]",http://www.caixa.gov.br/fundos-investimento/e-fundos/renda-fixa-longo-prazo,,https://www.caixa.gov.br/downloads/aplicacao-financeira-regulamentos/RG_5834.pdf,https://www.caixa.gov.br/Downloads/aplicacao-financeira-termos-adesao/TA_5834.pdf,https://www.caixa.gov.br/Downloads/aplicacao-financeira-comunicado-aos-cotistas/FR_5834.pdf,https://www.caixa.gov.br/Downloads/aplicacao-financeira-inf-com/FIC_5834.pdf,,Este Fundo não está adaptado às normas vigentes para RPPS (Regimes Próprios de Previdência Social).As movimentações neste Fundo são realizadas exclusivamente pelo Internet Banking.,2026-06-30T00:00:00Z,FI657,CAIXA FIC FIF E-FUNDO RF LP - RESP LTDA,CAIXA E-FUNDO FUNDO DE INVESTIMENTO EM COTAS DE CLASSE DE FUNDO DE INVESTIMENTO FINANCEIRO RENDA FIXA LONGO PRAZO - RESPONSABILIDADE LIMITADA,CAIXA FIC FIF E-FUNDO RF LP - RESP LTDA 5834 15154422000199 15.154.422/0001-99,GERAL,17h00,Não,Não,90.0,AUTOMATICO,"PF, PJ PRIV","FX, GC, GR, GV, PJ Varejo",,,,2012-10-05T00:00:00Z
RENDA FIXA,CAIXA FIC FIF EXCLUSIVO FUNC RF CREDITO PRIVADO LP RESP LTDA,CAIXA FIC FIF EXCLUSIVO FUNC RF CREDITO PRIVADO LP RESP LTDA,20/10/2014,"3,02714700","0,053","0,26","7,11","14,77","1.676,952",PF,PF,,Sim,nome_aproximado_0.71,15154319000149,5972,5972,PF,PF,Moderado,CDI,Renda Fixa,RF Crédito Privado permite Risco Mercado,LONGO PRAZO,0.4,0.4,0.01,0.01,0.01,0.01,D+0 (du),D+0 (du),D+00 (du),17:00,Sim,Não,Não,Sim,"[""Pessoa Física"", ""Private""]","[""Pessoa Física"", ""Private""]",,,https://www.caixa.gov.br/downloads/aplicacao-financeira-regulamentos/RG_5972.pdf,https://www.caixa.gov.br/Downloads/aplicacao-financeira-termos-adesao/TA_5972.pdf,,https://www.caixa.gov.br/Downloads/aplicacao-financeira-inf-com/FIC_5972.pdf,,Fundo destinado a Funcionários e aposentados da Caixa Econômica Federal. Disponível para aplicação somente via conta corrente marcada como conta-salário empregado CAIXA.,2026-06-30T00:00:00Z,FI657,CAIXA FIC FIF EXCLUSIVO FUNCIONARIOS RF CRED PRIVADO LP - RESP LTDA,CAIXA EXCLUSIVO FUNCIONÁRIOS FUNDO DE INVESTIMENTO EM COTAS DE CLASSE DE FUNDO DE INVESTIMENTO FINANCEIRO RENDA FIXA CRÉDITO PRIVADO LONGO PRAZO - RES,CAIXA FIC FIF EXCLUSIVO FUNCIONARIOS RF CRED PRIVADO LP - RESP LTDA 5972 15154319000149 15.154.319/0001-49,GERAL,17h00,Não,Não,90.0,AUTOMATICO,PF,"FX, GC, GR, GV",,,,2014-10-20T00:00:00Z
RENDA FIXA,CAIXA FIC FIF ABSOLUTO PRE RF LP RESP LTDA,CAIXA FIC FIF ABSOLUTO PRE RF LP RESP LTDA,03/11/1997,"19,93871800","-0,122","-0,17","4,02","10,52","116,256",PF,PF | PJ,https://www.caixa.gov.br/fundos-investimento/renda-fixa/fic-absoluto-pre-rf-longo-prazo,Sim,nome_aproximado_0.80,02201164000102,0086,86,"PF, PJ","PF, PJ",Moderado,CDI,Renda Fixa,RF Prefixados,LONGO PRAZO,1.1,1.1,0.01,0.01,0.01,0.01,D+0 (du),D+0 (du),D+00 (du),17:00,Sim,Não,Não,Sim,"[""Pessoa Física""]","[""Pessoa Física""]",http://www.caixa.gov.br/fundos-investimento/renda-fixa/fic-absoluto-pre-rf-longo-prazo,,https://www.caixa.gov.br/downloads/aplicacao-financeira-regulamentos/RG_0086.pdf,https://www.caixa.gov.br/Downloads/aplicacao-financeira-termos-adesao/TA_0086.pdf,,https://www.caixa.gov.br/Downloads/aplicacao-financeira-inf-com/FIC_0086.pdf,,Este Fundo não está adaptado às normas vigentes para RPPS (Regimes Próprios de Previdência Social).,2026-06-30T00:00:00Z,FI657,CAIXA FIC FIF ABSOLUTO PRE RF LONGO PRAZO - RESP LTDA,CAIXA ABSOLUTO PRÉ FUNDO DE INVESTIMENTO EM COTAS DE CLASSE DE FUNDO DE INVESTIMENTO FINANCEIRO RENDA FIXA LONGO PRAZO - RESPONSABILIDADE LIMITADA,CAIXA FIC FIF ABSOLUTO PRE RF LONGO PRAZO - RESP LTDA 0086 02201164000102 02.201.164/0001-02,GERAL,17h00,Não,Não,90.0,AUTOMATICO,"PF, PJ PRIV","GC, GV",,https://web.microsoftstream.com/video/cec16660-0485-4e14-9a79-ff7c9fd2158f?channelId=772517ff-88ae-4298-88f2-3ed5a5893c3e,,1997-11-03T00:00:00Z
RENDA FIXA,CAIXA FIC FIF CAPITAL IND PREÇOS RF LP RESP LTDA,CAIXA FIC FIF CAPITAL IND PRECOS RF LP RESP LTDA,03/01/2000,"13,51191200","0,022","0,27","5,07","9,72","27,622",PF,PF | PJ,https://www.caixa.gov.br/fundos-investimento/renda-fixa/fic-capital-indice-de-precos-rf-longo-prazo,Sim,nome_aproximado_0.83,03218183000104,0087,87,"PF, PJ","PF, PJ",Moderado,IPCA+6%,Renda Fixa,RF Índice de Preços,LONGO PRAZO,1.5,1.5,0.01,0.01,0.01,0.01,D+0 (du),D+3 (du),D+03 (du),17:00,Sim,Não,Não,Sim,"[""Pessoa Física""]","[""Pessoa Física""]",http://www.caixa.gov.br/fundos-investimento/renda-fixa/fic-capital-indice-de-precos-rf-longo-prazo,,https://www.caixa.gov.br/downloads/aplicacao-financeira-regulamentos/RG_0087.pdf,https://www.caixa.gov.br/Downloads/aplicacao-financeira-termos-adesao/TA_0087.pdf,,https://www.caixa.gov.br/Downloads/aplicacao-financeira-inf-com/FIC_0087.pdf,,Este Fundo não está adaptado às normas vigentes para RPPS (Regimes Próprios de Previdência Social).,2026-06-30T00:00:00Z,FI657,CAIXA FIC FIF CAPITAL INDICE DE PRECOS RF LP - RESP LTDA,CAIXA CAPITAL ÍNDICE DE PREÇOS FUNDO DE INVESTIMENTO EM COTAS DE CLASSE DE FUNDO DE INVESTIMENTO FINANCEIRO RENDA FIXA LONGO PRAZO - RESP LIMITADA,CAIXA FIC FIF CAPITAL INDICE DE PRECOS RF LP - RESP LTDA 0087 03218183000104 03.218.183/0001-04,GERAL,17h00,Não,Não,90.0,AUTOMATICO,"PF, PJ PRIV","GC, GV",,https://web.microsoftstream.com/video/32d65536-1de1-4f2f-a9b8-0fbb0d9347fc?channelId=772517ff-88ae-4298-88f2-3ed5a5893c3e,,2000-01-03T00:00:00Z
RENDA FIXA,CAIXA FIC FIF EMPREENDER RF LP RESP LTDA,CAIXA FIC FIF EMPREENDER RF LP RESP LTDA,26/05/1994,"46,56969500","0,048","0,24","6,43","13,27","40,808",PF,PF | PJ,https://www.caixa.gov.br/fundos-investimento/renda-fixa/fic-empreender-rf-longo-prazo/,Sim,nome_exato,00068305000135,0054,54,PJ,PJ,Moderado,CDI,Renda Fixa,RF até 49% Crédito Privado,LONGO PRAZO,1.5,1.5,50.0,50.0,50.0,50.0,D+0 (du),D+0 (du),D+00 (du),17:00,Não,Não,Não,Sim,"[""PJ Varejo""]","[""PJ Varejo""]",http://www.caixa.gov.br/fundos-investimento/renda-fixa/fic-empreender-rf-longo-prazo/,,https://www.caixa.gov.br/downloads/aplicacao-financeira-regulamentos/RG_0054.pdf,https://www.caixa.gov.br/Downloads/aplicacao-financeira-termos-adesao/TA_0054.pdf,https://www.caixa.gov.br/Downloads/aplicacao-financeira-comunicado-aos-cotistas/FR_0054.pdf,https://www.caixa.gov.br/Downloads/aplicacao-financeira-inf-com/FIC_0054.pdf,,"FUNDO FECHADO PARA APLICAÇÃO.

Este Fundo não está adaptado às normas vigentes para RPPS (Regimes Próprios de Previdência Social).Fundo fechado para novas aplicações a partir de 07/08/2020, para maiores informações consulte o Fato Relevante.																																																			",2026-06-30T00:00:00Z,FI657,CAIXA FIC FIF EMPREENDER RF LP - RESP LTDA,CAIXA EMPREENDER FUNDO DE INVESTIMENTO EM COTAS DE CLASSE DE FUNDO DE INVESTIMENTO FINANCEIRO RENDA FIXA LONGO PRAZO - RESPONSABILIDADE LIMITADA,CAIXA FIC FIF EMPREENDER RF LP - RESP LTDA 0054 00068305000135 00.068.305/0001-35,GERAL,17h00,Não,Não,95.0,AUTOMATICO,PJ PRIV,PJ Varejo,,,,1994-05-26T00:00:00Z
RENDA FIXA,CAIXA FIC FIF SOBERANO RF LP RESP LTDA,CAIXA FIC FIF SOBERANO RF LP RESP LTDA,11/03/1998,"20,39120000","0,046","0,23","6,31","12,98","59,579",PF,PF | PJ,https://www.caixa.gov.br/fundos-investimento/renda-fixa/fic-soberano-rf-longo-prazo,Sim,nome_aproximado_0.75,02323746000161,0057,57,"PF, PJ","PF, PJ",Conservador,CDI,Renda Fixa,RF 100% TPF - Longo Prazo,LONGO PRAZO,1.5,1.5,50.0,10.0,50.0,10.0,D+0 (du),D+0 (du),D+00 (du),17:00,Não,Não,Não,Sim,"[""Pessoa Física""]","[""Pessoa Física""]",http://www.caixa.gov.br/fundos-investimento/renda-fixa/fic-soberano-rf-longo-prazo,,https://www.caixa.gov.br/downloads/aplicacao-financeira-regulamentos/RG_0057.pdf,https://www.caixa.gov.br/Downloads/aplicacao-financeira-termos-adesao/TA_0057.pdf,https://www.caixa.gov.br/Downloads/aplicacao-financeira-comunicado-aos-cotistas/FR_0057.pdf,https://www.caixa.gov.br/Downloads/aplicacao-financeira-inf-com/FIC_0057.pdf,,"Este Fundo não está adaptado às normas vigentes para RPPS (Regimes Próprios de Previdência Social). Fundo fechado para novas aplicações a partir de 29/07/2020, para maiores informações consulte o Fato Relevante
",2026-06-30T00:00:00Z,FI657,CAIXA FIC FIF SOBERANO RF LONGO PRAZO - RESP LTDA,CAIXA SOBERANO FUNDO DE INVESTIMENTO EM COTAS DE CLASSE DE FUNDO DE INVESTIMENTO FINANCEIRO RENDA FIXA LONGO PRAZO - RESPONSABILIDADE LIMITADA,CAIXA FIC FIF SOBERANO RF LONGO PRAZO - RESP LTDA 0057 02323746000161 02.323.746/0001-61,GERAL,17h00,Não,Não,95.0,AUTOMATICO,"PF, PJ PRIV","GC, GV",,,,1998-03-11T00:00:00Z
RENDA FIXA,CAIXA FIC FIF FOCO IND PREÇOS RF LP RESP LTDA,CAIXA FIC FIF FOCO IND PRECOS RF LP RESP LTDA,19/03/2012,"3,15535700","0,025","0,28","6,23","11,12","77,843",PF,PF | PJ,https://www.caixa.gov.br/fundos-investimento/renda-fixa/fic-foco-indice-precos-rf-longo-prazo,Sim,nome_aproximado_0.83,09548729000171,5414,5414,"PF, PJ","PF, PJ",Moderado,NÃO SE APLICA,Renda Fixa,RF Índice de Preços,LONGO PRAZO,1.0,1.0,100.0,0.01,10.0,0.01,D+0 (du),D+3 (du),D+03 (du),17:00,Sim,Não,Não,Sim,"[""Pessoa Física""]","[""Pessoa Física""]",http://www.caixa.gov.br/fundos-investimento/renda-fixa/fic-foco-indice-precos-rf-longo-prazo,,https://www.caixa.gov.br/downloads/aplicacao-financeira-regulamentos/RG_5414.pdf,https://www.caixa.gov.br/Downloads/aplicacao-financeira-termos-adesao/TA_5414.pdf,,https://www.caixa.gov.br/Downloads/aplicacao-financeira-inf-com/FIC_5414.pdf,,Este Fundo não está adaptado às normas vigentes para RPPS (Regimes Próprios de Previdência Social).,2026-06-30T00:00:00Z,FI657,CAIXA FIC FIF FOCO IND. DE PRECOS RF LP - RESP LTDA,CAIXA FOCO ÍNDICE DE PREÇOS FUNDO DE INVESTIMENTO EM COTAS DE CLASSE DE FUNDO DE INVESTIMENTO FINANCEIRO RENDA FIXA LONGO PRAZO - RESP LIMITADA,CAIXA FIC FIF FOCO IND. DE PRECOS RF LP - RESP LTDA 5414 09548729000171 09.548.729/0001-71,GERAL,17h00,Não,Não,90.0,AUTOMATICO,"PF, PJ PRIV","GC, GV",,https://web.microsoftstream.com/video/a5ab94de-1f04-4f00-87d2-ffa0c6babbaf?channelId=772517ff-88ae-4298-88f2-3ed5a5893c3e,,2012-03-19T00:00:00Z
RENDA FIXA,CAIXA FIC FIF CLÁSSICO RF LP RESP LTDA,CAIXA FIC FIF CLASSICO RF LP RESP LTDA,24/04/1996,"15,08781400","0,048","0,24","6,47","13,36","27,746",PF,PF,https://www.caixa.gov.br/fundos-investimento/renda-fixa/fic-classico-rf-longo-prazo,Sim,nome_aproximado_0.75,03191874000161,0046,46,PJ,PJ,Moderado,IPCA+6%,Renda Fixa,RF Índice de Preços,LONGO PRAZO,0.3,0.3,100000.0,100.0,10000.0,100.0,D+0 (du),D+3 (du),D+03 (du),17:00,Sim,Não,Não,Sim,"[""Institucional"", ""PJ Atacado""]","[""Institucional"", ""PJ Atacado""]",http://www.caixa.gov.br/fundos-investimento/renda-fixa/fic-patrimonio-indice-precos-rf-longo-prazo,,https://www.caixa.gov.br/downloads/aplicacao-financeira-regulamentos/RG_0046.pdf,https://www.caixa.gov.br/Downloads/aplicacao-financeira-termos-adesao/TA_0046.pdf,,https://www.caixa.gov.br/Downloads/aplicacao-financeira-inf-com/FIC_0046.pdf,,Este Fundo não está adaptado às normas vigentes para RPPS (Regimes Próprios de Previdência Social).,2026-06-30T00:00:00Z,FI657,CAIXA FIC FIF PATRIMONIO IND.DE PRECOS RF LP RESP LTDA,CAIXA PATRIMÔNIO ÍNDICE DE PREÇOS FUNDO DE INVESTIMENTO EM COTAS DE CLASSE DE FUNDO DE INVESTIMENTO FINANCEIRO RENDA FIXA LONGO PRAZO - RESP LIMITADA,CAIXA FIC FIF PATRIMONIO IND.DE PRECOS RF LP RESP LTDA 0046 03191874000161 03.191.874/0001-61,GERAL,17h00,Não,Não,90.0,AUTOMATICO,PJ PRIV,"INST, PJ Atacado",,https://web.microsoftstream.com/video/140b7682-00df-491d-b451-73ae70a040fa?channelId=772517ff-88ae-4298-88f2-3ed5a5893c3e,,2000-01-03T00:00:00Z
RENDA FIXA,CAIXA FIC FIF DESENVOLVER RF LP RESP LTDA,CAIXA FIC FIF DESENVOLVER RF LP RESP LTDA,18/12/2012,"3,02589200","0,047","0,23","6,28","13,01","1,635",PF,PF | PJ,https://www.caixa.gov.br/fundos-investimento/renda-fixa/fic-desenvolver-rf-longo-prazo/,Sim,nome_exato,16877609000183,5892,5892,PJ,PJ,Moderado,CDI,Renda Fixa,RF até 49% Crédito Privado,LONGO PRAZO,1.3,1.3,500.0,10.0,50.0,10.0,D+0 (du),D+0 (du),D+00 (du),,Não,Não,Não,Sim,"[""PJ Varejo""]","[""PJ Varejo""]",http://www.caixa.gov.br/fundos-investimento/renda-fixa/fic-desenvolver-rf-longo-prazo/,,https://www.caixa.gov.br/downloads/aplicacao-financeira-regulamentos/RG_5892.pdf,https://www.caixa.gov.br/Downloads/aplicacao-financeira-termos-adesao/TA_5892.pdf,https://www.caixa.gov.br/Downloads/aplicacao-financeira-comunicado-aos-cotistas/FR_5892.pdf,https://www.caixa.gov.br/Downloads/aplicacao-financeira-inf-com/FIC_5892.pdf,,"Este Fundo não está adaptado às normas vigentes para RPPS (Regimes Próprios de Previdência Social). Fundo fechado para novas aplicações a partir de 07/08/2020, para maiores informações consulte o Fato Relevante",2026-06-30T00:00:00Z,FI657,CAIXA FIC FIF DESENVOLVER RF LP - RESP LTDA,CAIXA DESENVOLVER FUNDO DE INVESTIMENTO EM COTAS DE CLASSE DE FUNDO DE INVESTIMENTO FINANCEIRO RENDA FIXA LONGO PRAZO - RESPONSABILIDADE LIMITADA,CAIXA FIC FIF DESENVOLVER RF LP - RESP LTDA 5892 16877609000183 16.877.609/0001-83,GERAL,17h00,Não,Não,95.0,AUTOMATICO,PJ PRIV,PJ Varejo,,,,2012-12-18T00:00:00Z
RENDA FIXA,CAIXA FIC FIF OBJETIVO PRE RF LP RESP LTDA,CAIXA FIC FIF OBJETIVO PRE RF LP RESP LTDA,27/06/2012,"3,32990000","-0,120","-0,16","4,48","11,20","132,850",PF,PF | PJ,https://www.caixa.gov.br/fundos-investimento/renda-fixa/fic-objetivo-pre-rf-longo-prazo/Paginas/default.aspx,Sim,nome_exato,14120511000151,5576,5576,"PF, PJ","PF, PJ",Moderado,CDI,Renda Fixa,RF Prefixados,LONGO PRAZO,0.7,0.7,1000.0,0.01,100.0,0.01,D+0 (du),D+0 (du),D+00 (du),17:00,Sim,Não,Não,Sim,"[""Pessoa Física"", ""PJ Varejo"", ""Private""]","[""Pessoa Física"", ""PJ Varejo"", ""Private""]",http://www.caixa.gov.br/fundos-investimento/renda-fixa/fic-objetivo-pre-rf-longo-prazo,,https://www.caixa.gov.br/downloads/aplicacao-financeira-regulamentos/RG_5576.pdf,https://www.caixa.gov.br/Downloads/aplicacao-financeira-termos-adesao/TA_5576.pdf,,https://www.caixa.gov.br/Downloads/aplicacao-financeira-inf-com/FIC_5576.pdf,,Este Fundo não está adaptado às normas vigentes para RPPS (Regimes Próprios de Previdência Social).,2026-06-30T00:00:00Z,FI657,CAIXA FIC FIF OBJETIVO PRE RF LP - RESP LTDA,CAIXA OBJETIVO PRÉ FUNDO DE INVESTIMENTO EM COTAS DE CLASSE DE FUNDO DE INVESTIMENTO FINANCEIRO RENDA FIXA LONGO PRAZO - RESPONSABILIDADE LIMITADA,CAIXA FIC FIF OBJETIVO PRE RF LP - RESP LTDA 5576 14120511000151 14.120.511/0001-51,GERAL,17h00,Não,Não,90.0,AUTOMATICO,"PF, PJ PRIV","FX, GR, PJ Varejo",,https://web.microsoftstream.com/video/2fc898a1-d287-4c38-9f3a-9efa66e9bf47?channelId=772517ff-88ae-4298-88f2-3ed5a5893c3e,,2012-06-27T00:00:00Z
RENDA FIXA,CAIXA FIC FIF OAB RF CRÉD PRIV LP RESP LTDA,CAIXA FIC FIF OAB RF CRED PRIV LP RESP LTDA,23/09/2014,"3,07034000","0,053","0,26","7,12","14,73","1.776,569",PF,PF | PJ,https://www.caixa.gov.br/fundos-investimento/renda-fixa/fic-oab-rf-credito-privado-longo-prazo,Sim,nome_exato,14120488000103,5970,5970,"PF, PJ","PF, PJ",Moderado,CDI,Renda Fixa,RF Crédito Privado sem Risco Mercado,LONGO PRAZO,0.4,0.4,1000.0,100.0,0.02,0.01,D+0 (du),D+0 (du),D+00 (du),17:00,Sim,Não,Sim,Não,,,http://www.caixa.gov.br/fundos-investimento/renda-fixa/fic-oab-rf-credito-privado-longo-prazo,,https://www.caixa.gov.br/downloads/aplicacao-financeira-regulamentos/RG_5970.pdf,https://www.caixa.gov.br/Downloads/aplicacao-financeira-termos-adesao/TA_5970.pdf,,https://www.caixa.gov.br/Downloads/aplicacao-financeira-inf-com/FIC_5970.pdf,,"Investidores Pessoas Físicas e Jurídicas, desde que previamente atendida a exigência a seguir:

Advogados e estagiários de Direito, filiados à Ordem dos Advogados do Brasil – OAB, e escritórios de advocacia, contemplados na estratégia de relacionamento com a Entidade.
A verificação do atendimento a estes critérios deverá ser feita no âmbito das Agências e Postos de Atendimento.

Movimentações: O FUNDO oferece mecanismo resgate automático.

Para ativar a funcionalidade de Resgate Automático, acessar o SIART -> Movimentação Automática -> Marcar

As regras da funcionalidade de Movimentação Automática estão descritas no MN TE099.

**Esse fundo não possui adiantamento de resgate, os resgates efetuados ficarão disponíveis no processamento noturno.

",2026-06-30T00:00:00Z,FI657,CAIXA OAB FIC FIF RF CRED PRIV LP RESP LTDA,CAIXA OAB FUNDO DE INVESTIMENTO EM COTAS DE CLASSE DE FUNDO DE INVESTIMENTO FINANCEIRO RENDA FIXA CRÉDITO PRIVADO LONGO PRAZO - RESPONSABILIDADE LIMIT,CAIXA OAB FIC FIF RF CRED PRIV LP RESP LTDA 5970 14120488000103 14.120.488/0001-03,GERAL,17h00,Não,Não,,NÃO SE APLICA,"PF, PJ PRIV",,,,,2014-09-23T00:00:00Z
RENDA FIXA,CAIXA FIC FIF EXECUTIVO RF LP RESP LTDA,CAIXA FIC FIF EXECUTIVO RF LP RESP LTDA,02/09/1996,"33,09106100","0,050","0,25","6,66","13,75","2.215,758",PF,PF | PJ,https://www.caixa.gov.br/fundos-investimento/renda-fixa/fic-executivo-rf-longo-prazo,Sim,nome_aproximado_0.75,01165781000137,0058,58,"PF, PJ","PF, PJ",Moderado,CDI,Renda Fixa,RF até 49% Crédito Privado,LONGO PRAZO,1.1,1.1,1000.0,100.0,100.0,100.0,D+0 (du),D+0 (du),D+00 (du),17:00,Sim,Não,Não,Sim,"[""Pessoa Física"", ""Private""]","[""Pessoa Física"", ""Private""]",http://www.caixa.gov.br/fundos-investimento/renda-fixa/fic-executivo-rf-longo-prazo,,https://www.caixa.gov.br/downloads/aplicacao-financeira-regulamentos/RG_0058.pdf,https://www.caixa.gov.br/Downloads/aplicacao-financeira-termos-adesao/TA_0058.pdf,https://www.caixa.gov.br/Downloads/aplicacao-financeira-comunicado-aos-cotistas/FR_0058.pdf,https://www.caixa.gov.br/Downloads/aplicacao-financeira-inf-com/FIC_0058.pdf,,Este Fundo não está adaptado às normas vigentes para RPPS (Regimes Próprios de Previdência Social).,2026-06-30T00:00:00Z,FI657,CAIXA FIC FIF EXECUTIVO RF LONGO PRAZO - RESP LTDA,CAIXA EXECUTIVO FUNDO DE INVESTIMENTO EM COTAS DE CLASSE DE FUNDO DE INVESTIMENTO FINANCEIRO RENDA FIXA LONGO PRAZO - RESPONSABILIDADE LIMITADA,CAIXA FIC FIF EXECUTIVO RF LONGO PRAZO - RESP LTDA 0058 01165781000137 01.165.781/0001-37,GERAL,17h00,Não,Não,90.0,AUTOMATICO,"PF, PJ PRIV","FX, GC, GR, GV",,,,1996-09-02T00:00:00Z
RENDA FIXA,CAIXA FIC RELACIONAMENTO IDEAL RF LP,CAIXA FIC RELACIONAMENTO IDEAL RF LP,16/04/2012,"3,33601000","0,050","0,25","6,67","13,77","12,998",PF,PF,https://www.caixa.gov.br/fundos-investimento/renda-fixa/fic-relacionamento-ideal-rf-longo-prazo,Sim,nome_exato,10577505000177,5566,5566,PF,PF,Moderado,CDI,Renda Fixa,RF até 49% Crédito Privado,LONGO PRAZO,1.0,1.0,1000.0,100.0,100.0,100.0,D+0 (du),D+0 (du),D+00 (du),17:00,Não,Não,Não,Sim,"[""Pessoa Física""]","[""Pessoa Física""]",http://www.caixa.gov.br/fundos-investimento/renda-fixa/fic-relacionamento-ideal-rf-longo-prazo,,https://www.caixa.gov.br/downloads/aplicacao-financeira-regulamentos/RG_5566.pdf,https://www.caixa.gov.br/Downloads/aplicacao-financeira-termos-adesao/TA_5566.pdf,https://www.caixa.gov.br/Downloads/aplicacao-financeira-comunicado-aos-cotistas/FR_5566.pdf,https://www.caixa.gov.br/Downloads/aplicacao-financeira-inf-com/FIC_5566.pdf,,"Fundo fechaco para novas aplicações a partir de 28/02/2023.

Este Fundo não está adaptado às normas vigentes para RPPS (Regimes Próprios de Previdência Social).

Destinado à Pessoas Físicas que possuam conta-salário na CAIXA, inclusive empregados da CAIXA. Este Fundo não está adaptado às normas vigentes para RPPS (Regimes Próprios de Previdência Social).

Fundo disponível para aplicação somente via conta corrente marcada como conta-salário (CS), ou conta-salário empregado CAIXA. 

Caso ocorra desmarcação da conta, o cotista não poderá realizar novas aplicações no fundo, no entanto as condições do produto permanecem válidas enquanto houver recursos aplicados. 

As regras para marcação e desmarcação da conta estão no CO020.",2026-06-30T00:00:00Z,FI657,CAIXA FIC FIF RELACIONAMENTO IDEAL RF LP - RESP LTDA,CAIXA RELACIONAMENTO IDEAL FUNDO DE INVESTIMENTO EM COTAS DE CLASSE DE FUNDO DE INVESTIMENTO FINANCEIRO RENDA FIXA LONGO PRAZO - RESP LIMITADA,CAIXA FIC FIF RELACIONAMENTO IDEAL RF LP - RESP LTDA 5566 10577505000177 10.577.505/0001-77,GERAL,17h00,Não,Não,90.0,AUTOMATICO,PF,"GC, GV",,,,2012-04-16T00:00:00Z
RENDA FIXA,CAIXA FIC FIF PERFORMANCE IMA-B RF LP RESP LTDA,CAIXA FIC FIF PERFORMANCE IMA-B RF LP RESP LTDA,02/05/2012,"3,33300800","0,189","0,63","4,58","8,57","64,578",PF,PF | PJ,https://www.caixa.gov.br/fundos-investimento/renda-fixa/fic-performance-ima-b-renda-fixa-longo-prazo/Paginas/default.aspx,Sim,nome_aproximado_0.80,10577516000157,5571,5571,"PF, PJ","PF, PJ",Moderado,IMA-B TOTAL,Renda Fixa,RF Índice de Preços,LONGO PRAZO,0.8,0.8,1000.0,100.0,100.0,100.0,D+0 (du),D+0 (du),D+00 (du),17:00,Sim,Não,Não,Sim,"[""Pessoa Física"", ""PJ Varejo"", ""Private""]","[""Pessoa Física"", ""PJ Varejo"", ""Private""]",http://www.caixa.gov.br/fundos-investimento/renda-fixa/fic-performance-ima-b-renda-fixa-longo-prazo,,https://www.caixa.gov.br/downloads/aplicacao-financeira-regulamentos/RG_5571.pdf,https://www.caixa.gov.br/Downloads/aplicacao-financeira-termos-adesao/TA_5571.pdf,,https://www.caixa.gov.br/Downloads/aplicacao-financeira-inf-com/FIC_5571.pdf,,Este Fundo não está adaptado às normas vigentes para RPPS (Regimes Próprios de Previdência Social).,2026-06-30T00:00:00Z,FI657,CAIXA FIC FIF PERFORMANCE IMA B RF LP - RESP LTDA,CAIXA PERFORMANCE IMA B FUNDO DE INVESTIMENTO EM COTAS DE CLASSE DE FUNDO DE INVESTIMENTO FINANCEIRO RENDA FIXA LONGO PRAZO - RESP LIMITADA,CAIXA FIC FIF PERFORMANCE IMA B RF LP - RESP LTDA 5571 10577516000157 10.577.516/0001-57,QUALIFICADO,17h00,Não,Não,90.0,AUTOMATICO,"PF, PJ PRIV","FX, GR, PJ Varejo",,,,2012-05-02T00:00:00Z
RENDA FIXA,CAIXA FIC FIFINVESTIDOR RF LP RESP LTDA,CAIXA FIC FIFINVESTIDOR RF LP RESP LTDA,01/06/1999,"19,21990100","0,052","0,25","6,84","14,13","956,578",PF,PF | PJ,https://www.caixa.gov.br/fundos-investimento/renda-fixa/fic-investidor-rf-longo-prazo,Sim,nome_aproximado_0.75,03191874000161,0046,46,PJ,PJ,Moderado,IPCA+6%,Renda Fixa,RF Índice de Preços,LONGO PRAZO,0.3,0.3,100000.0,100.0,10000.0,100.0,D+0 (du),D+3 (du),D+03 (du),17:00,Sim,Não,Não,Sim,"[""Institucional"", ""PJ Atacado""]","[""Institucional"", ""PJ Atacado""]",http://www.caixa.gov.br/fundos-investimento/renda-fixa/fic-patrimonio-indice-precos-rf-longo-prazo,,https://www.caixa.gov.br/downloads/aplicacao-financeira-regulamentos/RG_0046.pdf,https://www.caixa.gov.br/Downloads/aplicacao-financeira-termos-adesao/TA_0046.pdf,,https://www.caixa.gov.br/Downloads/aplicacao-financeira-inf-com/FIC_0046.pdf,,Este Fundo não está adaptado às normas vigentes para RPPS (Regimes Próprios de Previdência Social).,2026-06-30T00:00:00Z,FI657,CAIXA FIC FIF PATRIMONIO IND.DE PRECOS RF LP RESP LTDA,CAIXA PATRIMÔNIO ÍNDICE DE PREÇOS FUNDO DE INVESTIMENTO EM COTAS DE CLASSE DE FUNDO DE INVESTIMENTO FINANCEIRO RENDA FIXA LONGO PRAZO - RESP LIMITADA,CAIXA FIC FIF PATRIMONIO IND.DE PRECOS RF LP RESP LTDA 0046 03191874000161 03.191.874/0001-61,GERAL,17h00,Não,Não,90.0,AUTOMATICO,PJ PRIV,"INST, PJ Atacado",,https://web.microsoftstream.com/video/140b7682-00df-491d-b451-73ae70a040fa?channelId=772517ff-88ae-4298-88f2-3ed5a5893c3e,,2000-01-03T00:00:00Z
RENDA FIXA,CAIXA EXPERT ARX IPCA DEB INCENTIVADAS FIC FIF RF CRED PRIV - RESP LTDA,CAIXA EXPERT ARX IPCA DEB INCENTIVADAS FIC FIF RF CRED PRIV - RESP LTDA,01/07/2025,"1,11857690","-0,001","0,20","3,69","9,29","203,491",PF,PF,https://www.caixa.gov.br/fundos-investimento/renda-fixa/debentures-incentivadas/caixa-expert-arx-ipca-deb-incentivadas-rf-cred-priv-lp/Paginas/default.aspx,Sim,nome_aproximado_0.78,60138811000185,7938,7938,PF,PF,Moderado,IMA-B5,Renda Fixa,RF Crédito Privado permite Risco Mercado,ISENTO,0.3,1.0,10000.0,100.0,1000.0,100.0,D+0 (du),D+14 (du),D+16 (du),13:00,Sim,Não,Não,Não,"[""Pessoa Física"", ""Private""]","[""Pessoa Física"", ""Private""]",,,http://www.caixa.gov.br/downloads/aplicacao-financeira-regulamentos/RG_7938.pdf,http://www.caixa.gov.br/Downloads/aplicacao-financeira-termos-adesao/TA_7938.pdf,,http://www.caixa.gov.br/Downloads/aplicacao-financeira-inf-com/FIC_7938.pdf,,"Movimentação exclusiva pela plataforma.caixa e IBC/APP.		

												",2026-06-30T00:00:00Z,FI657,CAIXA EXPERT ARX DEB INCENT FIC FIF RF CRED PRIV - RESP LTDA,CAIXA EXPERT ARX IPCA DEBÊNTURES INCENTIVADAS FIC DE CLASSE DE FIF – INCENTIVADO EM INFRAESTRUTURA RENDA FIXA CRÉDITO PRIVADO LP - RESP LIMITADA,CAIXA EXPERT ARX DEB INCENT FIC FIF RF CRED PRIV - RESP LTDA 7938 60138811000185 60.138.811/0001-85,GERAL,13h00,Não,Não,,NÃO SE APLICA,PF,"FX, GC, GR, GV",,,https://www.caixa.gov.br/Downloads/aplicacao-financeira-laminas-comerciais/LAC_7938.pdf,2025-07-01T00:00:00Z
RENDA FIXA,CAIXA FIF FIC EXPERT SULAMERICA RF CRED PRIV LP - RESP LTDA,CAIXA FIF FIC EXPERT SULAMERICA RF CRED PRIV LP - RESP LTDA,26/11/2024,"1,25275700","-0,001","0,20","6,96","14,53","71,405",PF,PF | PJ,https://www.caixa.gov.br/fundos-investimento/renda-fixa/debentures-incentivadas/caixa-expert-vinland-debenture-incentivado/Paginas/default.aspx,Sim,nome_aproximado_0.86,58113332000162,7931,7931,"PF, PJ, GOV","PF, PJ, GOV",Moderado,NÃO SE APLICA,Renda Fixa,RF Crédito Privado permite Risco Mercado,LONGO PRAZO,0.3,0.6,10000.0,100.0,1000.0,100.0,D+0 (du),D+13 (du),D+15 (du),13:00,Sim,Não,Não,Não,"[""GOV"", ""Institucional"", ""Pessoa Física"", ""PJ Atacado"", ""PJ Varejo"", ""Private"", ""RPPS""]","[""GOV"", ""Institucional"", ""Pessoa Física"", ""PJ Atacado"", ""PJ Varejo"", ""Private"", ""RPPS""]",,,http://www.caixa.gov.br/downloads/aplicacao-financeira-regulamentos/RG_7931.pdf,http://www.caixa.gov.br/Downloads/aplicacao-financeira-termos-adesao/TA_7931.pdf,,http://www.caixa.gov.br/Downloads/aplicacao-financeira-inf-com/FIC_7931.pdf,,,2026-06-30T00:00:00Z,FI657,CAIXA FIF FIC EXPERT SULAMERICA RF CRED PRI LP - RESP LTDA,CAIXA EXPERT SULAMÉRICA CRÉDITO ATIVO FUNDO DE INVESTIMENTO EM COTAS DE CLASSE DE FUNDO DE INVESTIMENTO FINANCEIRO RENDA FIXA CRÉDITO PRIVADO LONGO PR,CAIXA FIF FIC EXPERT SULAMERICA RF CRED PRI LP - RESP LTDA 7931 58113332000162 58.113.332/0001-62,GERAL,13h00,Não,Não,,NÃO SE APLICA,"PF, PJ PRIV, PJ PUB","FX, GC, GR, GV, INST, PJ Atacado, PJ Varejo, RPPS",https://www.caixa.gov.br/Downloads/aplicacao-financeira-qdd/QDD_7931.pdf,,https://www.caixa.gov.br/Downloads/aplicacao-financeira-laminas-comerciais/LAC_7931.pdf,2024-11-26T00:00:00Z
RENDA FIXA,CAIXA FIC FIF PLUS QUALI RF CREDI PRIV LP RESP LTDA,CAIXA FIC FIF PLUS QUALI RF CREDI PRIV LP RESP LTDA,21/01/2021,"1.851,44384600","0,057","0,27","7,14","14,83","177,448",PF,PF | PJ,https://www.caixa.gov.br/fundos-investimento/renda-fixa/fic-plus-qualificado-rf-credito-privado-longo-prazo/Paginas/default.aspx,Sim,nome_aproximado_0.71,10551353000133,5154,5154,"PF, PJ","PF, PJ",Moderado,CDI,Renda Fixa,RF Crédito Privado permite Risco Mercado,LONGO PRAZO,0.5,0.5,20000.0,100.0,2000.0,100.0,D+0 (du),D+1 (du),D+04 (du),17:00,Sim,Não,Não,Sim,"[""Pessoa Física"", ""PJ Varejo"", ""Private""]","[""Pessoa Física"", ""PJ Varejo"", ""Private""]",http://www.caixa.gov.br/fundos-investimento/renda-fixa/fi-qualificado-rf-credito-privado-longo-prazo,,https://www.caixa.gov.br/downloads/aplicacao-financeira-regulamentos/RG_5154.pdf,https://www.caixa.gov.br/Downloads/aplicacao-financeira-termos-adesao/TA_5154.pdf,,https://www.caixa.gov.br/Downloads/aplicacao-financeira-inf-com/FIC_5154.pdf,,*Este Fundo não está adaptado às normas vigentes para RPPS (Regimes Próprios de Previdência Social).,2026-06-30T00:00:00Z,FI657,CAIXA FIF QUALIFICADO RF CRED PRIV LP - RESP LTDA,CAIXA QUALIFICADO FUNDO DE INVESTIMENTO FINANCEIRO RENDA FIXA CRÉDITO PRIVADO LONGO PRAZO - RESPONSABILIDADE LIMITADA,CAIXA FIF QUALIFICADO RF CRED PRIV LP - RESP LTDA 5154 10551353000133 10.551.353/0001-33,QUALIFICADO,17h00,Não,Não,100.0,AUTOMATICO,"PF, PJ PRIV","FX, GR, PJ Varejo",,,,2009-06-01T00:00:00Z
RENDA FIXA,CAIXA FIF INFLACAO PRIVATE 2027 RF LONGO PRAZO,CAIXA FIF INFLACAO PRIVATE 2027 RF LONGO PRAZO,15/08/2024,"1,21033500","0,071","0,37","7,69","13,65","40,212",PF,PF | PJ,https://www.caixa.gov.br/fundos-investimento/renda-fixa/caixa-fif-inflacao-2027/Paginas/default.aspx,Sim,nome_exato,56349290000138,7887,7887,PF,PF,Moderado,NÃO SE APLICA,Renda Fixa,RF 100% TPF,LONGO PRAZO,0.2,0.2,10000.0,0.01,1000.0,0.01,D+0 (du),D+0 (du),D+00 (du),15:00,Sim,Não,Não,Não,"[""Private""]","[""Private""]",https://www.caixa.gov.br/fundos-investimento/renda-fixa/caixa-fif-inflacao-2027,,http://www.caixa.gov.br/downloads/aplicacao-financeira-regulamentos/RG_7887.pdf,http://www.caixa.gov.br/Downloads/aplicacao-financeira-termos-adesao/TA_7887.pdf,,http://www.caixa.gov.br/Downloads/aplicacao-financeira-inf-com/FIC_7887.pdf,,Resgates podem ser solicitados a partir de 20/05/2027.,2026-06-30T00:00:00Z,FI657,CAIXA FIF INFLACAO PRIVATE 2027 RF LONGO PRAZO - RL,CAIXA INFLAÇÃO PRIVATE 2027 FUNDO DE INVESTIMENTO FINANCEIRO RENDA FIXA LONGO PRAZO - RESPONSABILIDADE LIMITADA,CAIXA FIF INFLACAO PRIVATE 2027 RF LONGO PRAZO - RL 7887 56349290000138 56.349.290/0001-38,GERAL,15h00,Não,Sim,,NÃO SE APLICA,PF,FX,,,,2024-08-15T00:00:00Z
RENDA FIXA,CAIXA EXPERT VOX DESENV SUSTENTAVEL IS RF CRED PRIV LP - RESP LTDA (2),CAIXA EXPERT VOX DESENV SUSTENTAVEL IS RF CRED PRIV LP - RESP LTDA (2),14/11/2025,"1,04995000","-0,001","0,20","7,07","0,00","22,355",PF,PF | PJ,,Sim,nome_exato,63455348000193,7987,7987,"PF, PJ","PF, PJ",Moderado,CDI,Renda Fixa,RF Crédito Privado permite Risco Mercado,LONGO PRAZO,0.17,0.17,1000.0,100.0,100.0,100.0,D+0 (du),D+5 (du),D+07 (du),13:00,Sim,Sim,Não,Não,"[""Pessoa Física"", ""PJ Atacado"", ""PJ Varejo"", ""Private""]","[""Pessoa Física"", ""PJ Atacado"", ""PJ Varejo"", ""Private""]",,,https://www.caixa.gov.br/downloads/aplicacao-financeira-regulamentos/RG_7987.pdf,https://www.caixa.gov.br/Downloads/aplicacao-financeira-termos-adesao/TA_7987.pdf,,https://www.caixa.gov.br/Downloads/aplicacao-financeira-inf-com/FIC_7987.pdf,,,2026-06-30T00:00:00Z,FI657,CAIXA EXPERT VOX DESENV SUSTENTAVEL IS RF CRED PRIV LP - RESP LTDA,CAIXA EXPERT VOX DESENVOLVIMENTO SUSTENTÁVEL IS FUNDO DE INVESTIMENTO EM COTAS DE CLASSE DE FIF RENDA FIXA CRÉDITO PRIVADO LONGO PRAZO - RESP LIMITADA,CAIXA EXPERT VOX DESENV SUSTENTAVEL IS RF CRED PRIV LP - RESP LTDA 7987 63455348000193 63.455.348/0001-93,GERAL,13h00,Não,Não,,NÃO SE APLICA,"PF, PJ PRIV","FX, GC, GR, GV, PJ Atacado, PJ Varejo",,,,2025-11-14T00:00:00Z
RENDA FIXA,CAIXA EXPERT ABSOLUTE CRETA FIC FIF RF CRED PRIV LP - RESP LTDA,CAIXA EXPERT ABSOLUTE CRETA FIC FIF RF CRED PRIV LP - RESP LTDA,26/03/2025,"1,18352900","-0,001","0,21","6,58","14,11","66,399",PF,PF | PJ,,Sim,nome_exato,59861817000105,7940,7940,"PF, PJ, GOV","PF, PJ, GOV",Moderado,CDI,Renda Fixa,RF Crédito Privado permite Risco Mercado,LONGO PRAZO,0.29,0.7,10000.0,100.0,1000.0,100.0,D+0 (du),D+22 (du),D+24 (du),13:00,Sim,Não,Não,Não,"[""GOV"", ""Institucional"", ""Pessoa Física"", ""PJ Atacado"", ""PJ Varejo"", ""Private""]","[""GOV"", ""Institucional"", ""Pessoa Física"", ""PJ Atacado"", ""PJ Varejo"", ""Private""]",,,http://www.caixa.gov.br/downloads/aplicacao-financeira-regulamentos/RG_7940.pdf,http://www.caixa.gov.br/Downloads/aplicacao-financeira-termos-adesao/TA_7940.pdf,,http://www.caixa.gov.br/Downloads/aplicacao-financeira-inf-com/FIC_7940.pdf,,,2026-06-30T00:00:00Z,FI657,CAIXA EXPERT ABSOLUTE CRETA FIC FIF RF CRED PRIV LP - RESP LTDA,CAIXA EXPERT ABSOLUTE CRETA FUNDO DE INVESTIMENTO EM COTAS DE CLASSE DE FIF RENDA FIXA CRÉDITO PRIVADO LONGO PRAZO - RESP LIMITADA,CAIXA EXPERT ABSOLUTE CRETA FIC FIF RF CRED PRIV LP - RESP LTDA 7940 59861817000105 59.861.817/0001-05,GERAL,13h00,Não,Não,,NÃO SE APLICA,"PF, PJ PRIV, PJ PUB","FX, GC, GR, GV, INST, PJ Atacado, PJ Varejo",https://www.caixa.gov.br/Downloads/aplicacao-financeira-qdd/QDD_7940.pdf,https://caixa.sharepoint.com/:v:/t/O365GRP-GEICO/EeFPVsuRvYtKt6bMstsCLiUBtcBOAe5vK4jLZ_DjXA4drg?e=XxU8cb,https://www.caixa.gov.br/Downloads/aplicacao-financeira-laminas-comerciais/LAC_7940.pdf,2025-03-26T00:00:00Z
RENDA FIXA,CAIXA EXPERT RB ASSET CDI DEB INCENTIVADAS FIC FIF RF CRED PRIV RESP LTDA (2),CAIXA EXPERT RB ASSET CDI DEB INCENTIVADAS FIC FIF RF CRED PRIV RESP LTDA (2),15/10/2025,"1,08894394","-0,001","0,16","5,38","0,00","307,187",PF,PF,https://www.caixa.gov.br/fundos-investimento/renda-fixa/debentures-incentivadas/caixa-expert-rb-asset-deb-incentivadas-cdi-rf-cred-priv/Paginas/default.aspx,Sim,nome_aproximado_0.90,62890286000185,7978,7978,PF,PF,Moderado,CDI,Renda Fixa,RF Crédito Privado permite Risco Mercado,ISENTO,0.3,0.9,10000.0,100.0,1000.0,100.0,D+0 (du),D+14 (du),D+16 (du),13:00,Sim,Não,Não,Não,"[""Pessoa Física"", ""Private""]","[""Pessoa Física"", ""Private""]",,,https://www.caixa.gov.br/downloads/aplicacao-financeira-regulamentos/RG_7978.pdf,https://www.caixa.gov.br/Downloads/aplicacao-financeira-termos-adesao/TA_7978.pdf,,https://www.caixa.gov.br/Downloads/aplicacao-financeira-inf-com/FIC_7978.pdf,,,2026-06-30T00:00:00Z,FI657,CAIXA EXPERT RB ASSET CDI DEB INC FIC FIF RF CRED PRIV - RESP LTDA,CAIXA EXPERT RB ASSET CDI DEBÊNTURES INCENTIVADAS FIC DE CLASSE DE FIF - INCENTIVADO EM INFRA RF CRÉD PRIV -RESP LIMITADA,CAIXA EXPERT RB ASSET CDI DEB INC FIC FIF RF CRED PRIV - RESP LTDA 7978 62890286000185 62.890.286/0001-85,GERAL,13h00,Não,Não,,NÃO SE APLICA,PF,"FX, GC, GR, GV",,,,2025-10-15T00:00:00Z
RENDA FIXA,CAIXA EXPERT VINLAND DEB IN INFRA RF CRED PRIV LP RESP LTDA (2) (3),CAIXA EXPERT VINLAND DEB IN INFRA RF CRED PRIV LP RESP LTDA (2) (3),08/04/2026,-,-,-,-,-,-,PF,PF,,Sim,nome_aproximado_0.70,65789297000161,7999,7999,PF,PF,Moderado,CDI,Renda Fixa,RF Crédito Privado permite Risco Mercado,ISENTO,,0.4,10000.0,100.0,1000.0,100.0,D+1 (du),D+21 (du),D+23 (du),13:00,Sim,Não,Não,Sim,"[""Pessoa Física"", ""Private""]","[""Pessoa Física"", ""Private""]",,,https://www.caixa.gov.br/downloads/aplicacao-financeira-regulamentos/RG_7999.pdf,https://www.caixa.gov.br/Downloads/aplicacao-financeira-termos-adesao/TA_7999.pdf,,https://www.caixa.gov.br/Downloads/aplicacao-financeira-inf-com/FIC_7999.pdf,,,2026-06-30T00:00:00Z,FI657,CAIXA EXPERT VINLAND DEB INCENT FIC FIF RF CRED PRIV - RESP LTDA,CAIXA EXPERT VINLAND DEBÊNTURE INCENTIVADO FIC DE CLASSE DE FIF - INCENTIVADO EM INFRAESTRUTURA RENDA FIXA CRÉD PRIV -RESP LIMITADA,CAIXA EXPERT VINLAND DEB INCENT FIC FIF RF CRED PRIV - RESP LTDA 7999 65789297000161 65.789.297/0001-61,GERAL,13h00,Sim,Não,95.0,AUTOMATICO,PF,"FX, GC, GR, GV",,,,2026-04-08T00:00:00Z
RENDA FIXA,CAIXA FIF QUALIFICADO RF CRED PRIV LP - RESP LTDA,CAIXA FIF QUALIFICADO RF CRED PRIV LP - RESP LTDA,01/06/2009,"5,19309900","0,056","0,27","7,11","14,77","854,081",PF,PF | PJ,https://www.caixa.gov.br/fundos-investimento/renda-fixa/caixa-fic-plus-qualificado-rf-credito-privado-lp/Paginas/default.aspx,Sim,nome_exato,10551353000133,5154,5154,"PF, PJ","PF, PJ",Moderado,CDI,Renda Fixa,RF Crédito Privado permite Risco Mercado,LONGO PRAZO,0.5,0.5,20000.0,100.0,2000.0,100.0,D+0 (du),D+1 (du),D+04 (du),17:00,Sim,Não,Não,Sim,"[""Pessoa Física"", ""PJ Varejo"", ""Private""]","[""Pessoa Física"", ""PJ Varejo"", ""Private""]",http://www.caixa.gov.br/fundos-investimento/renda-fixa/fi-qualificado-rf-credito-privado-longo-prazo,,https://www.caixa.gov.br/downloads/aplicacao-financeira-regulamentos/RG_5154.pdf,https://www.caixa.gov.br/Downloads/aplicacao-financeira-termos-adesao/TA_5154.pdf,,https://www.caixa.gov.br/Downloads/aplicacao-financeira-inf-com/FIC_5154.pdf,,*Este Fundo não está adaptado às normas vigentes para RPPS (Regimes Próprios de Previdência Social).,2026-06-30T00:00:00Z,FI657,CAIXA FIF QUALIFICADO RF CRED PRIV LP - RESP LTDA,CAIXA QUALIFICADO FUNDO DE INVESTIMENTO FINANCEIRO RENDA FIXA CRÉDITO PRIVADO LONGO PRAZO - RESPONSABILIDADE LIMITADA,CAIXA FIF QUALIFICADO RF CRED PRIV LP - RESP LTDA 5154 10551353000133 10.551.353/0001-33,QUALIFICADO,17h00,Não,Não,100.0,AUTOMATICO,"PF, PJ PRIV","FX, GR, PJ Varejo",,,,2009-06-01T00:00:00Z
RENDA FIXA,CAIXA FIC FIF EXPERTISE RF CRED PRIV LP RESP LTDA,CAIXA FIC FIF EXPERTISE RF CRED PRIV LP RESP LTDA,02/07/2009,"4,99644400","0,053","0,26","7,11","14,73","3.324,763",PF,PF | PJ,https://www.caixa.gov.br/fundos-investimento/renda-fixa/fic-expertise-rf-credito-privado-longo-prazo,Sim,nome_exato,10646888000198,5156,5156,"PF, PJ","PF, PJ",Moderado,CDI,Renda Fixa,RF Crédito Privado sem Risco Mercado,LONGO PRAZO,0.5,0.5,20000.0,100.0,1000.0,100.0,D+0 (du),D+0 (du),D+00 (du),17:00,Sim,Não,Não,Sim,"[""Pessoa Física"", ""PJ Varejo"", ""Private""]","[""Pessoa Física"", ""PJ Varejo"", ""Private""]",http://www.caixa.gov.br/fundos-investimento/renda-fixa/fic-expertise-rf-credito-privado-longo-prazo,,https://www.caixa.gov.br/downloads/aplicacao-financeira-regulamentos/RG_5156.pdf,https://www.caixa.gov.br/Downloads/aplicacao-financeira-termos-adesao/TA_5156.pdf,,https://www.caixa.gov.br/Downloads/aplicacao-financeira-inf-com/FIC_5156.pdf,,*Este Fundo não está adaptado às normas vigentes para RPPS (Regimes Próprios de Previdência Social).,2026-06-30T00:00:00Z,FI657,CAIXA FIC FIF EXPERTISE RF CRED PRIV LP - RESP LTDA,CAIXA EXPERTISE FUNDO DE INVESTIMENTO EM COTAS DE CLASSE DE FUNDO DE INVESTIMENTO FINANCEIRO RENDA FIXA CRÉDITO PRIVADO LONGO PRAZO - RESP LIMITADA,CAIXA FIC FIF EXPERTISE RF CRED PRIV LP - RESP LTDA 5156 10646888000198 10.646.888/0001-98,GERAL,17h00,Não,Não,90.0,AUTOMATICO,"PF, PJ PRIV","FX, GC, GR, GV, PJ Varejo",,,,2009-07-02T00:00:00Z
RENDA FIXA,CAIXA FIC FIF SELEÇÃO RF RESP LTDA,CAIXA FIC FIF SELECAO RF RESP LTDA,01/10/2003,"29,51644400","0,047","0,23","6,43","28,90","21,154",PF,PF,https://www.caixa.gov.br/fundos-investimento/renda-fixa/fic-selecao-rf-longo-prazo,Sim,nome_exato,03737207000131,5401,5401,"PF, PJ","PF, PJ",Conservador,CDI,Renda Fixa,RF até 49% Crédito Privado,CURTO PRAZO,1.1,1.1,30000.0,100.0,15000.0,100.0,D+0 (du),D+0 (du),D+00 (du),,Não,Não,Não,Sim,,,http://www.caixa.gov.br/fundos-investimento/renda-fixa/fic-selecao-rf-longo-prazo,,https://www.caixa.gov.br/downloads/aplicacao-financeira-regulamentos/RG_5401.pdf,https://www.caixa.gov.br/Downloads/aplicacao-financeira-termos-adesao/TA_5401.pdf,https://www.caixa.gov.br/Downloads/aplicacao-financeira-comunicado-aos-cotistas/FR_5401.pdf,https://www.caixa.gov.br/Downloads/aplicacao-financeira-inf-com/FIC_5401.pdf,,"Este Fundo não está adaptado às normas vigentes para RPPS (Regimes Próprios de Previdência Social).O Fundo está fechado para novas adesões e aplicações adicionais, por tempo indeterminado.",2026-06-30T00:00:00Z,FI657,CAIXA FIC FIF SELECAO RF - RESP LTDA,CAIXA SELEÇÃO FUNDO DE INVESTIMENTO EM COTAS DE CLASSE DE FUNDO DE INVESTIMENTO FINANCEIRO RENDA FIXA - RESPONSABILIDADE LIMITADA,CAIXA FIC FIF SELECAO RF - RESP LTDA 5401 03737207000131 03.737.207/0001-31,GERAL,17h00,Não,Não,95.0,AUTOMATICO,"PF, PJ PRIV",,,,,2003-10-01T00:00:00Z
RENDA FIXA,CAIXA FIC FIF PERSONAL RF LP RESP LTDA,CAIXA FIC FIF PERSONAL RF LP RESP LTDA,03/11/1997,"30,92144300","0,053","0,26","6,98","14,42","3.119,640",PF,PF | PJ,https://www.caixa.gov.br/fundos-investimento/renda-fixa/fic-personal-rf-longo-prazo,Sim,nome_aproximado_1.00,10577509000155,5565,5565,PF,PF,Moderado,CDI,Renda Fixa,RF até 49% Crédito Privado,LONGO PRAZO,0.7,0.7,0.01,0.01,0.01,0.01,D+0 (du),D+0 (du),D+00 (du),17:00,Sim,Não,Não,Sim,"[""Pessoa Física"", ""Private""]","[""Pessoa Física"", ""Private""]",http://www.caixa.gov.br/fundos-investimento/renda-fixa/fic-relacionamento-personal-rf-longo-prazo,,https://www.caixa.gov.br/downloads/aplicacao-financeira-regulamentos/RG_5565.pdf,https://www.caixa.gov.br/Downloads/aplicacao-financeira-termos-adesao/TA_5565.pdf,https://www.caixa.gov.br/Downloads/aplicacao-financeira-comunicado-aos-cotistas/FR_5565.pdf,https://www.caixa.gov.br/Downloads/aplicacao-financeira-inf-com/FIC_5565.pdf,,"Destinado à Pessoas Físicas que possuam conta-salário na CAIXA, inclusive empregados da CAIXA. Este Fundo não está adaptado às normas vigentes para RPPS (Regimes Próprios de Previdência Social).

Fundo disponível para aplicação somente via conta corrente marcada como conta-salário (CS), ou conta-salário empregado CAIXA. 

Caso ocorra desmarcação da conta, o cotista não poderá realizar novas aplicações no fundo, no entanto as condições do produto permanecem válidas enquanto houver recursos aplicados. 

As regras para marcação e desmarcação da conta estão no CO020.",2026-06-30T00:00:00Z,FI657,CAIXA FIC FIF RELACIONAMENTO PERSONAL RF LP - RESP LTDA,CAIXA RELACIONAMENTO PERSONAL FUNDO DE INVESTIMENTO EM COTAS DE CLASSE DE FUNDO DE INVESTIMENTO FINANCEIRO RENDA FIXA LONGO PRAZO - RESP LIMITADA,CAIXA FIC FIF RELACIONAMENTO PERSONAL RF LP - RESP LTDA 5565 10577509000155 10.577.509/0001-55,GERAL,17h00,Não,Não,90.0,AUTOMATICO,PF,"FX, GC, GR, GV",,,,2012-04-16T00:00:00Z
RENDA FIXA,CAIXA FIC FIF RENDA FIXA ATIVA LP RESP LTDA,CAIXA FIC FIF RENDA FIXA ATIVA LP RESP LTDA,22/04/2020,"1.785,26892100","0,049","0,25","5,98","13,15","122,307",PF,PF | PJ,https://www.caixa.gov.br/fundos-investimento/renda-fixa/caixa-fic-renda-fixa-ativa-lp/Paginas/default.aspx,Sim,nome_aproximado_1.00,35536542000168,6482,6482,"PF, PJ","PF, PJ",Moderado,CDI,Renda Fixa,RF Ativo,LONGO PRAZO,0.4,,50000.0,100.0,5000.0,100.0,D+0 (du),D+0 (du),D+01 (du),16:00,Sim,Não,Não,Sim,"[""Institucional"", ""Pessoa Física"", ""PJ Atacado"", ""PJ Varejo"", ""Private""]","[""Institucional"", ""Pessoa Física"", ""PJ Atacado"", ""PJ Varejo"", ""Private""]",http://www.caixa.gov.br/fundos-investimento/renda-fixa/caixa-fic-renda-fixa-ativa-lp,,https://www.caixa.gov.br/downloads/aplicacao-financeira-regulamentos/RG_6482.pdf,https://www.caixa.gov.br/Downloads/aplicacao-financeira-termos-adesao/TA_6482.pdf,,https://www.caixa.gov.br/Downloads/aplicacao-financeira-inf-com/FIC_6482.pdf,,,2026-06-30T00:00:00Z,FI657,CAIXA FIC FIF ATIVA RENDA FIXA LP - RESP LTDA,CAIXA ATIVA FUNDO DE INVESTIMENTO EM COTAS DE CLASSE DE FUNDO DE INVESTIMENTO FINANCEIRO RENDA FIXA LONGO PRAZO - RESPONSABILIDADE LIMITADA,CAIXA FIC FIF ATIVA RENDA FIXA LP - RESP LTDA 6482 35536542000168 35.536.542/0001-68,GERAL,16h00,Não,Não,100.0,AUTOMATICO,"PF, PJ PRIV","FX, GR, INST, PJ Atacado, PJ Varejo",,,,2020-04-22T00:00:00Z
RENDA FIXA,CAIXA INDEXA TESOURO SELIC FIC FIF RF LP - RESP LTDA,CAIXA INDEXA TESOURO SELIC FIC FIF RF LP - RESP LTDA,26/12/2013,"3,25542400","0,052","0,26","7,12","14,70","615,970",PF,PF,https://www.caixa.gov.br/fundos-investimento/voce/renda-fixa/pos-fixados/ate-100.000/caixa-fic-indexa-tesouro-selic-renda-fixa-lp,Sim,nome_exato,17687735000138,5940,5940,PF,PF,Conservador,CDI,Renda Fixa,RF 100% TPF - Longo Prazo,LONGO PRAZO,0.01,0.01,50000.0,100.0,25000.0,100.0,D+0 (du),D+0 (du),D+00 (du),17:00,Não,Não,Não,Sim,"[""Pessoa Física"", ""Private""]","[""Pessoa Física"", ""Private""]",https://www.caixa.gov.br/fundos-investimento/voce/renda-fixa/pos-fixados/ate-100.000/caixa-fic-indexa-tesouro-selic-renda-fixa-lp,,https://www.caixa.gov.br/downloads/aplicacao-financeira-regulamentos/RG_5940.pdf,https://www.caixa.gov.br/Downloads/aplicacao-financeira-termos-adesao/TA_5940.pdf,https://www.caixa.gov.br/Downloads/aplicacao-financeira-comunicado-aos-cotistas/FR_5940.pdf,https://www.caixa.gov.br/Downloads/aplicacao-financeira-inf-com/FIC_5940.pdf,,"OBS: Limite máximo por CPF - R$ 100.000,00
",2026-06-30T00:00:00Z,FI657,CAIXA INDEXA TESOURO SELIC FIC FIF RF LP - RESP LTDA,CAIXA INDEXA TESOURO SELIC FUNDO DE INVESTIMENTO EM COTAS DE CLASSE DE FUNDO DE INVESTIMENTO FINANCEIRO RENDA FIXA LONGO PRAZO – RESP LIMITADA,CAIXA INDEXA TESOURO SELIC FIC FIF RF LP - RESP LTDA 5940 17687735000138 17.687.735/0001-38,GERAL,17h00,Não,Não,90.0,AUTOMATICO,PF,"FX, GC, GR, GV",,,,2013-12-26T00:00:00Z
RENDA FIXA,CAIXA FIC FIF SUPREMO RF LP RESP LTDA,CAIXA FIC FIF SUPREMO RF LP RESP LTDA,04/07/2006,"6,25027300","0,052","0,26","6,86","14,17","121,852",PF,PF,https://www.caixa.gov.br/fundos-investimento/renda-fixa/fic-supremo-rf-longo-prazo,Sim,nome_aproximado_0.75,03191874000161,0046,46,PJ,PJ,Moderado,IPCA+6%,Renda Fixa,RF Índice de Preços,LONGO PRAZO,0.3,0.3,100000.0,100.0,10000.0,100.0,D+0 (du),D+3 (du),D+03 (du),17:00,Sim,Não,Não,Sim,"[""Institucional"", ""PJ Atacado""]","[""Institucional"", ""PJ Atacado""]",http://www.caixa.gov.br/fundos-investimento/renda-fixa/fic-patrimonio-indice-precos-rf-longo-prazo,,https://www.caixa.gov.br/downloads/aplicacao-financeira-regulamentos/RG_0046.pdf,https://www.caixa.gov.br/Downloads/aplicacao-financeira-termos-adesao/TA_0046.pdf,,https://www.caixa.gov.br/Downloads/aplicacao-financeira-inf-com/FIC_0046.pdf,,Este Fundo não está adaptado às normas vigentes para RPPS (Regimes Próprios de Previdência Social).,2026-06-30T00:00:00Z,FI657,CAIXA FIC FIF PATRIMONIO IND.DE PRECOS RF LP RESP LTDA,CAIXA PATRIMÔNIO ÍNDICE DE PREÇOS FUNDO DE INVESTIMENTO EM COTAS DE CLASSE DE FUNDO DE INVESTIMENTO FINANCEIRO RENDA FIXA LONGO PRAZO - RESP LIMITADA,CAIXA FIC FIF PATRIMONIO IND.DE PRECOS RF LP RESP LTDA 0046 03191874000161 03.191.874/0001-61,GERAL,17h00,Não,Não,90.0,AUTOMATICO,PJ PRIV,"INST, PJ Atacado",,https://web.microsoftstream.com/video/140b7682-00df-491d-b451-73ae70a040fa?channelId=772517ff-88ae-4298-88f2-3ed5a5893c3e,,2000-01-03T00:00:00Z
RENDA FIXA,CAIXA FIC FIF UNIQUE RF CRED PRIV LP - RL,CAIXA FIC FIF UNIQUE RF CRED PRIV LP - RL,31/07/2024,"1,28272800","0,054","0,27","7,23","14,99","420,135",PF,PF,https://www.caixa.gov.br/fundos-investimento/renda-fixa/caixa-fic-unique-private-cred-priv-lp/Paginas/default.aspx,Sim,nome_aproximado_1.00,55986292000175,7916,7916,PF,PF,Moderado,CDI,Renda Fixa,RF Crédito Privado permite Risco Mercado,LONGO PRAZO,0.25,0.25,100000.0,100.0,10000.0,100.0,D+0 (du),D+0 (du),D+00 (du),17:00,Sim,Não,Não,Sim,"[""Private""]","[""Private""]",https://www.caixa.gov.br/fundos-investimento/renda-fixa/caixa-fic-unique-private-cred-priv-lp,,http://www.caixa.gov.br/downloads/aplicacao-financeira-regulamentos/RG_7916.pdf,http://www.caixa.gov.br/Downloads/aplicacao-financeira-termos-adesao/TA_7916.pdf,,http://www.caixa.gov.br/Downloads/aplicacao-financeira-inf-com/FIC_7916.pdf,,Fundo com movimentação exclusiva pela plataforma.caixa (SIPNC).,2026-06-30T00:00:00Z,FI657,CAIXA FIC FIF UNIQUE PRIVATE RF CRED PRIV LP - RESP LTDA,CAIXA UNIQUE PRIVATE FUNDO DE INVESTIMENTO EM COTAS DE CLASSE DE FUNDO DE INVESTIMENTO FINANCEIRO RENDA FIXA CRÉDITO PRIVADO LONGO PRAZO - RESPONSABIL,CAIXA FIC FIF UNIQUE PRIVATE RF CRED PRIV LP - RESP LTDA 7916 55986292000175 55.986.292/0001-75,GERAL,17h00,Não,Não,95.0,AUTOMATICO,PF,FX,,,,2024-07-31T00:00:00Z
RENDA FIXA,CAIXA FIC FIF ESPECIAL RF LP RESP LTDA,CAIXA FIC FIF ESPECIAL RF LP RESP LTDA,25/08/2003,"10,70356500","0,054","0,26","7,08","14,63","2.408,182",PF,PF | PJ,https://www.caixa.gov.br/fundos-investimento/renda-fixa/fic-especial-rf-longo-prazo/Paginas/default.aspx,Sim,nome_aproximado_0.75,03191874000161,0046,46,PJ,PJ,Moderado,IPCA+6%,Renda Fixa,RF Índice de Preços,LONGO PRAZO,0.3,0.3,100000.0,100.0,10000.0,100.0,D+0 (du),D+3 (du),D+03 (du),17:00,Sim,Não,Não,Sim,"[""Institucional"", ""PJ Atacado""]","[""Institucional"", ""PJ Atacado""]",http://www.caixa.gov.br/fundos-investimento/renda-fixa/fic-patrimonio-indice-precos-rf-longo-prazo,,https://www.caixa.gov.br/downloads/aplicacao-financeira-regulamentos/RG_0046.pdf,https://www.caixa.gov.br/Downloads/aplicacao-financeira-termos-adesao/TA_0046.pdf,,https://www.caixa.gov.br/Downloads/aplicacao-financeira-inf-com/FIC_0046.pdf,,Este Fundo não está adaptado às normas vigentes para RPPS (Regimes Próprios de Previdência Social).,2026-06-30T00:00:00Z,FI657,CAIXA FIC FIF PATRIMONIO IND.DE PRECOS RF LP RESP LTDA,CAIXA PATRIMÔNIO ÍNDICE DE PREÇOS FUNDO DE INVESTIMENTO EM COTAS DE CLASSE DE FUNDO DE INVESTIMENTO FINANCEIRO RENDA FIXA LONGO PRAZO - RESP LIMITADA,CAIXA FIC FIF PATRIMONIO IND.DE PRECOS RF LP RESP LTDA 0046 03191874000161 03.191.874/0001-61,GERAL,17h00,Não,Não,90.0,AUTOMATICO,PJ PRIV,"INST, PJ Atacado",,https://web.microsoftstream.com/video/140b7682-00df-491d-b451-73ae70a040fa?channelId=772517ff-88ae-4298-88f2-3ed5a5893c3e,,2000-01-03T00:00:00Z
RENDA FIXA,CAIXA FIF FIDELIDADE PRIVATE RF LP - RESP LTDA,CAIXA FIF FIDELIDADE PRIVATE RF LP - RESP LTDA,02/07/2008,"5,57500400","0,053","0,26","7,19","14,83","552,454",PF,PF,https://www.caixa.gov.br/fundos-investimento/renda-fixa/fi-fidelidade-private-rf-longo-prazo/Paginas/default.aspx,Sim,nome_aproximado_0.80,09181287000178,5408,5408,"PF, PJ","PF, PJ",Moderado,CDI,Renda Fixa,RF até 49% Crédito Privado,LONGO PRAZO,0.2,0.2,200000.0,100.0,20000.0,100.0,D+0 (du),D+0 (du),D+00 (du),17:00,Sim,Não,Não,Sim,"[""Private""]","[""Private""]",http://www.caixa.gov.br/fundos-investimento/renda-fixa/fi-fidelidade-rf-longo-prazo,,https://www.caixa.gov.br/downloads/aplicacao-financeira-regulamentos/RG_5408.pdf,https://www.caixa.gov.br/Downloads/aplicacao-financeira-termos-adesao/TA_5408.pdf,,https://www.caixa.gov.br/Downloads/aplicacao-financeira-inf-com/FIC_5408.pdf,,"Incide taxa de saída de 1,80% no período, cobrada individualmente de cada cotista sobre o valor resgatado, líquido de tributos, linear e decrescente durante os primeiros 360 dias até chegar a 0%, a partir da data inicial de cada certificado conforme procedimentos operacionais descritos no TE099.
No primeiro dia útil subsequente ao da solicitação do resgate pelos clientes, 60% dos valores obtidos a título de Taxa de Saída são revertidos em favor do patrimônio líquido do Fundo e 40% dos valores são repassados à Administradora. Ao término dos primeiros 360 dias da data inicial de cada certificado, não há mais a cobrança de taxa de saída.
",2026-06-30T00:00:00Z,FI657,CAIXA FIF FIDELIDADE PRIVATE RF LONGO PRAZO - RESP LTDA,CAIXA FIDELIDADE PRIVATE FUNDO DE INVESTIMENTO FINANCEIRO RENDA FIXA LONGO PRAZO - RESPONSABILIDADE LIMITADA,CAIXA FIF FIDELIDADE PRIVATE RF LONGO PRAZO - RESP LTDA 5408 09181287000178 09.181.287/0001-78,GERAL,17h00,Não,Não,90.0,AUTOMATICO,"PF, PJ PRIV",FX,,,,2008-07-02T00:00:00Z
RENDA FIXA,CAIXA FIC FIF MAXI RENDA FIXA CRED PRIV LP - RESP LTDA,CAIXA FIC FIF MAXI RENDA FIXA CRED PRIV LP - RESP LTDA,04/03/2013,"3,60592900","0,054","0,27","7,21","14,96","15.911,938",PF,PF | PJ,https://www.caixa.gov.br/fundos-investimento/renda-fixa/fic-maxi-rf-credito-privado-longo-prazo/Paginas/default.aspx,Sim,nome_exato,17322725000107,5908,5908,"PF, PJ","PF, PJ",Moderado,CDI,Renda Fixa,RF Crédito Privado sem Risco Mercado,LONGO PRAZO,0.3,0.3,200000.0,100.0,20000.0,100.0,D+0 (du),D+0 (du),D+00 (du),17:00,Sim,Não,Não,Sim,"[""Pessoa Física"", ""PJ Atacado"", ""PJ Varejo"", ""Private""]","[""Pessoa Física"", ""PJ Atacado"", ""PJ Varejo"", ""Private""]",http://www.caixa.gov.br/fundos-investimento/renda-fixa/fic-maxi-renda-fixa-credito-privado-longo-prazo,,https://www.caixa.gov.br/downloads/aplicacao-financeira-regulamentos/RG_5908.pdf,https://www.caixa.gov.br/Downloads/aplicacao-financeira-termos-adesao/TA_5908.pdf,,https://www.caixa.gov.br/Downloads/aplicacao-financeira-inf-com/FIC_5908.pdf,,"*Este Fundo não está adaptado às normas vigentes para RPPS (Regimes Próprios de Previdência Social).




",2026-06-30T00:00:00Z,FI657,CAIXA FIC FIF MAXI RENDA FIXA CRED PRIV LP - RESP LTDA,CAIXA MAXI FUNDO DE INVESTIMENTO EM COTAS DE CLASSE DE FUNDO DE INVESTIMENTO FINANCEIRO RENDA FIXA CRÉDITO PRIVADO LONGO PRAZO - RESP LIMITADA,CAIXA FIC FIF MAXI RENDA FIXA CRED PRIV LP - RESP LTDA 5908 17322725000107 17.322.725/0001-07,GERAL,17h00,Não,Não,90.0,AUTOMATICO,"PF, PJ PRIV","FX, GC, GR, GV, PJ Atacado, PJ Varejo",,https://web.microsoftstream.com/video/1689d147-ff5e-41df-9e77-e9270bae338b?channelId=772517ff-88ae-4298-88f2-3ed5a5893c3e,,2013-03-04T00:00:00Z
RENDA FIXA,CAIXA FIF FIDELIDADE II RF CRÉD PRIV LP,CAIXA FIF FIDELIDADE II RF CRED PRIV LP,03/06/2009,"5,35936900","0,056","0,27","7,27","15,13","1.486,478",PF,PF | PJ,https://www.caixa.gov.br/fundos-investimento/renda-fixa/fi-fidelidade-ii-rf-credito-privado-longo-prazo/Paginas/default.aspx,Sim,nome_exato,10322668000109,5410,5410,"PF, PJ","PF, PJ",Moderado,CDI,Renda Fixa,RF Crédito Privado permite Risco Mercado,LONGO PRAZO,0.05,0.05,1000000.0,1000.0,500000.0,1000.0,D+0 (du),D+0 (du),D+00 (du),17:00,Sim,Não,Não,Sim,"[""Private""]","[""Private""]",http://www.caixa.gov.br/fundos-investimento/renda-fixa/fi-fidelidade-2-rf-longo-prazo,,https://www.caixa.gov.br/downloads/aplicacao-financeira-regulamentos/RG_5410.pdf,https://www.caixa.gov.br/Downloads/aplicacao-financeira-termos-adesao/TA_5410.pdf,https://www.caixa.gov.br/Downloads/aplicacao-financeira-comunicado-aos-cotistas/FR_5410.pdf,https://www.caixa.gov.br/Downloads/aplicacao-financeira-inf-com/FIC_5410.pdf,,"Este Fundo não está adaptado às normas vigentes para RPPS (Regimes Próprios de Previdência Social). Há incidência de taxa de saída no Fundo, conforme exposto no Regulamento.

Aberto para novas aplicações a partir de 01/12/2025, inclusive.
",2026-06-30T00:00:00Z,FI657,CAIXA FIF FIDELIDADE II RF CRED PRIV LP RESP LTDA,CAIXA FIDELIDADE II FUNDO DE INVESTIMENTO FINANCEIRO RENDA FIXA CRÉDITO PRIVADO LONGO PRAZO - RESPONSABILIDADE LIMITADA,CAIXA FIF FIDELIDADE II RF CRED PRIV LP RESP LTDA 5410 10322668000109 10.322.668/0001-09,QUALIFICADO,17h00,Não,Não,90.0,AUTOMATICO,"PF, PJ PRIV",FX,,,,2009-06-03T00:00:00Z
RENDA FIXA REFERENCIADO,CAIXA SIGMA FUNCIONARIOS FIC FIF RF REF DI LP - RESP LTDA (2) (3),CAIXA SIGMA FUNCIONARIOS FIC FIF RF REF DI LP - RESP LTDA (2) (3),08/04/2026,-,-,-,-,-,-,PF,PF,,Sim,nome_exato,66034762000117,8500,8500,PF,PF,Conservador,CDI,Renda Fixa,RF Simples 100% TPF,LONGO PRAZO,0.2,0.2,0.01,0.01,0.01,0.01,D+0 (du),D+0 (du),D+00 (du),17:00,Sim,Não,Não,Sim,"[""Pessoa Física"", ""Private""]","[""Pessoa Física"", ""Private""]",,,https://www.caixa.gov.br/downloads/aplicacao-financeira-regulamentos/RG_8500.pdf,https://www.caixa.gov.br/Downloads/aplicacao-financeira-termos-adesao/TA_8500.pdf,,https://www.caixa.gov.br/Downloads/aplicacao-financeira-inf-com/FIC_8500.pdf,,,2026-06-30T00:00:00Z,FI657,CAIXA SIGMA FUNCIONARIOS FIC FIF RF REF DI LP - RESP LTDA,CAIXA SIGMA FUNCIONÁRIOS FIC DE CLASSE DE FUNDO DE INVESTIMENTO FINANCEIRO RENDA FIXA REFERENCIADO DI LONGO PRAZO - RESP LIMITADA,CAIXA SIGMA FUNCIONARIOS FIC FIF RF REF DI LP - RESP LTDA 8500 66034762000117 66.034.762/0001-17,GERAL,17h00,Sim,Não,95.0,AUTOMATICO,PF,"FX, GC, GR, GV",,,,2026-04-08T00:00:00Z
RENDA FIXA REFERENCIADO,CAIXA FIC FIF BETA RF REF DI LP RESP LTDA,CAIXA FIC FIF BETA RF REF DI LP RESP LTDA,02/10/1995,"30,60995200","0,046","0,23","6,37","13,15","165,005",PF,PF,https://www.caixa.gov.br/fundos-investimento/referenciados/fic-beta-ref-di-lp,Sim,nome_aproximado_0.83,11061230000187,5189,5189,PJ,PJ,Conservador,CDI,Renda Fixa,RF REF DI 100% TPF,LONGO PRAZO,0.1,0.1,3000000.0,100.0,300000.0,100.0,D+0 (du),D+0 (du),D+00 (du),17:00,Sim,Não,Não,Sim,"[""Institucional"", ""PJ Atacado"", ""PJ Varejo""]","[""Institucional"", ""PJ Atacado"", ""PJ Varejo""]",https://www.caixa.gov.br/fundos-investimento/renda-fixa/referenciados/fic-topazio-rf-ref-di-lp,,https://www.caixa.gov.br/downloads/aplicacao-financeira-regulamentos/RG_5189.pdf,https://www.caixa.gov.br/Downloads/aplicacao-financeira-termos-adesao/TA_5189.pdf,,https://www.caixa.gov.br/Downloads/aplicacao-financeira-inf-com/FIC_5189.pdf,,,2026-06-30T00:00:00Z,FI657,CAIXA FIF TOPAZIO CORP RF REF DI LP - RESP LTDA,CAIXA TOPÁZIO CORPORATIVO FUNDO DE INVESTIMENTO FINANCEIRO RENDA FIXA REFERENCIADO DI LONGO PRAZO - RESPONSABILIDADE LIMITADA,CAIXA FIF TOPAZIO CORP RF REF DI LP - RESP LTDA 5189 11061230000187 11.061.230/0001-87,GERAL,17h00,Não,Não,95.0,AUTOMATICO,PJ PRIV,"INST, PJ Atacado, PJ Varejo, RPPS",https://www.caixa.gov.br/Downloads/aplicacao-financeira-qdd/QDD_5189.pdf,https://web.microsoftstream.com/video/6e74c0e2-b2c6-4bd6-9b53-5982d3f1b8e1?channelId=772517ff-88ae-4298-88f2-3ed5a5893c3e,,2010-06-22T00:00:00Z
RENDA FIXA REFERENCIADO,CAIXA FIC FIF GIRO IMEDIATO RF REF DI LP RESP LTDA,CAIXA FIC FIF GIRO IMEDIATO RF REF DI LP RESP LTDA,03/06/2013,"2,83415900","0,046","0,23","6,29","12,97","6.028,131",PF,PF,https://www.caixa.gov.br/fundos-investimento/referenciados/fic-giro-imediato-ref-di-longo-prazo,Sim,nome_exato,17502869000137,5930,5930,PF,PF,Conservador,CDI,Renda Fixa,RF DI até 49% Crédito Privado,LONGO PRAZO,1.5,1.5,1000.0,100.0,0.02,0.01,D+0 (du),D+0 (du),D+00 (du),18:00,Sim,Não,Sim,Não,"[""Pessoa Física"", ""Private""]","[""Pessoa Física"", ""Private""]",http://www.caixa.gov.br/fundos-investimento/referenciados/fic-giro-imediato-ref-di-longo-prazo,,https://www.caixa.gov.br/downloads/aplicacao-financeira-regulamentos/RG_5930.pdf,https://www.caixa.gov.br/Downloads/aplicacao-financeira-termos-adesao/TA_5930.pdf,,https://www.caixa.gov.br/Downloads/aplicacao-financeira-inf-com/FIC_5930.pdf,,"Este Fundo não está adaptado às normas vigentes para RPPS (Regimes Próprios de Previdência Social).

Movimentações: O FUNDO oferece mecanismo resgate automático.

Para ativar a funcionalidade de Resgate Automático, acessar o SIART -> Movimentação Automática -> Marcar

As regras da funcionalidade de Movimentação Automática estão descritas no MN TE099.

**Esse fundo não possui adiantamento de resgate, os resgates efetuados ficarão disponíveis no processamento noturno.",2026-06-30T00:00:00Z,FI657,CAIXA GIRO IMEDIATO FIC FIF RF REF DI LP - RESP LTDA,CAIXA GIRO IMEDIATO FUNDO DE INVESTIMENTO EM COTAS DE CLASSE DE FUNDO DE INVESTIMENTO FINANCEIRO RENDA FIXA REFERENCIADO DI LP - RESP LIMITADA,CAIXA GIRO IMEDIATO FIC FIF RF REF DI LP - RESP LTDA 5930 17502869000137 17.502.869/0001-37,GERAL,18h00,Não,Não,,NÃO SE APLICA,PF,"FX, GC, GR, GV",,,,2013-06-03T00:00:00Z
RENDA FIXA REFERENCIADO,CAIXA FIC FIF PLENO REF DI LP RESP LTDA,CAIXA FIC FIF PLENO REF DI LP RESP LTDA,14/06/2010,"3,64153200","0,052","0,26","6,91","14,29","2.236,061",PF,PF | PJ,https://www.caixa.gov.br/fundos-investimento/referenciados/fic-pleno-ref-di-longo-prazo,Sim,nome_exato,10740508000180,5498,5498,"PF, PJ","PF, PJ",Conservador,CDI,Renda Fixa,RF DI até 49% Crédito Privado,LONGO PRAZO,0.7,0.7,1000.0,100.0,100.0,100.0,D+0 (du),D+0 (du),D+00 (du),17:00,Sim,Não,Não,Sim,"[""Pessoa Física"", ""Private""]","[""Pessoa Física"", ""Private""]",http://www.caixa.gov.br/fundos-investimento/referenciados/fic-pleno-ref-di-longo-prazo,,https://www.caixa.gov.br/downloads/aplicacao-financeira-regulamentos/RG_5498.pdf,https://www.caixa.gov.br/Downloads/aplicacao-financeira-termos-adesao/TA_5498.pdf,,https://www.caixa.gov.br/Downloads/aplicacao-financeira-inf-com/FIC_5498.pdf,,"*Este Fundo não está adaptado às normas vigentes para RPPS (Regimes Próprios de Previdência Social)."" 

",2026-06-30T00:00:00Z,FI657,CAIXA FIC FIF PLENO REF DI LP - RESP LTDA,CAIXA PLENO FUNDO DE INVESTIMENTO EM COTAS DE CLASSE DE FUNDO DE INVESTIMENTO FINANCEIRO RENDA FIXA REFERENCIADO DI LONGO PRAZO - RESP LIMITADA,CAIXA FIC FIF PLENO REF DI LP - RESP LTDA 5498 10740508000180 10.740.508/0001-80,GERAL,17h00,Não,Não,95.0,AUTOMATICO,"PF, PJ PRIV","FX, GC, GR, GV",,https://web.microsoftstream.com/video/5f6afa60-a43f-403c-8879-e04a2d36c5fa?channelId=772517ff-88ae-4298-88f2-3ed5a5893c3e,,2010-06-14T00:00:00Z
RENDA FIXA REFERENCIADO,CAIXA FIC OMEGA REF DI RF LONGO PRAZO,CAIXA FIC OMEGA REF DI RF LONGO PRAZO,13/05/2024,"1,30383100","0,051","0,26","7,08","14,64","64,753",PF,PF,https://www.caixa.gov.br/fundos-investimento/referenciados/fic-omega-ref-di-longo-prazo/Paginas/default.aspx,Sim,nome_aproximado_0.86,10731794000117,5171,5171,"PF, PJ","PF, PJ",Conservador,CDI,Renda Fixa,RF REF DI 100% TPF,LONGO PRAZO,0.35,0.35,50000.0,100.0,5000.0,100.0,D+0 (du),D+0 (du),D+00 (du),17:00,Sim,Não,Não,Sim,"[""Institucional"", ""Pessoa Física"", ""PJ Atacado"", ""PJ Varejo"", ""Private""]","[""Institucional"", ""Pessoa Física"", ""PJ Atacado"", ""PJ Varejo"", ""Private""]",http://www.caixa.gov.br/fundos-investimento/referenciados/fic-sigma-ref-di-longo-prazo,,https://www.caixa.gov.br/downloads/aplicacao-financeira-regulamentos/RG_5171.pdf,https://www.caixa.gov.br/Downloads/aplicacao-financeira-termos-adesao/TA_5171.pdf,,https://www.caixa.gov.br/Downloads/aplicacao-financeira-inf-com/FIC_5171.pdf,,,2026-06-30T00:00:00Z,FI657,CAIXA FIC FIF SIGMA RF REF DI LONGO PRAZO - RESP LTDA,CAIXA SIGMA FUNDO DE INVESTIMENTO EM COTAS DE CLASSE DE FUNDO DE INVESTIMENTO FINANCEIRO RENDA FIXA REFERENCIADO DI LONGO PRAZO - RESP LIMITADA,CAIXA FIC FIF SIGMA RF REF DI LONGO PRAZO - RESP LTDA 5171 10731794000117 10.731.794/0001-17,GERAL,17h00,Não,Não,95.0,AUTOMATICO,"PF, PJ PRIV","FX, GC, GR, GV, INST, PJ Atacado, PJ Varejo",,https://web.microsoftstream.com/video/4be15710-4acb-4afd-a959-c6ed0d090cac?channelId=772517ff-88ae-4298-88f2-3ed5a5893c3e,,2009-12-01T00:00:00Z
RENDA FIXA REFERENCIADO,CAIXA FIC FIF PREFERENCIAL REF DI LP RESP LTDA,CAIXA FIC FIF PREFERENCIAL REF DI LP RESP LTDA,01/10/2003,"9,78395700","0,052","0,26","6,96","14,39","827,340",PF,PF,https://www.caixa.gov.br/fundos-investimento/referenciados/fic-preferencial-ref-di-longo-prazo,Sim,nome_exato,03737211000108,5402,5402,"PF, PJ, GOV","PF, PJ, GOV",Conservador,CDI,Renda Fixa,RF DI até 49% Crédito Privado,LONGO PRAZO,0.6,0.6,30000.0,100.0,15000.0,100.0,D+0 (du),D+0 (du),D+00 (du),17:00,Não,Não,Não,Sim,"[""GOV"", ""Pessoa Física"", ""Private""]","[""GOV"", ""Pessoa Física"", ""Private""]",http://www.caixa.gov.br/fundos-investimento/referenciados/fic-preferencial-ref-di-longo-prazo,,https://www.caixa.gov.br/downloads/aplicacao-financeira-regulamentos/RG_5402.pdf,https://www.caixa.gov.br/Downloads/aplicacao-financeira-termos-adesao/TA_5402.pdf,https://www.caixa.gov.br/Downloads/aplicacao-financeira-comunicado-aos-cotistas/FR_5402.pdf,https://www.caixa.gov.br/Downloads/aplicacao-financeira-inf-com/FIC_5402.pdf,,"FUNDO FECHADO PARA APLICAÇÃO A PARTIR DE 08/04/2024, INCLUSIVE.

Este Fundo não está adaptado às normas vigentes para RPPS (Regimes Próprios de Previdência Social).",2026-06-30T00:00:00Z,FI657,CAIXA FIC FIF PREFERENCIAL REF DI LP - RESP LTDA,CAIXA PREFERENCIAL FUNDO DE INVESTIMENTO EM COTAS DE CLASSE DE FUNDO DE INVESTIMENTO FINANCEIRO RENDA FIXA REFERENCIADO DI LONGO PRAZO - RESP LIMITADA,CAIXA FIC FIF PREFERENCIAL REF DI LP - RESP LTDA 5402 03737211000108 03.737.211/0001-08,GERAL,17h00,Não,Não,95.0,AUTOMATICO,"PF, PJ PRIV, PJ PUB","FX, GR",,https://web.microsoftstream.com/video/ee622bf6-774a-41bd-afd8-1775b6b730b9?channelId=772517ff-88ae-4298-88f2-3ed5a5893c3e,,2003-10-01T00:00:00Z
RENDA FIXA REFERENCIADO,CAIXA FIC FIF SIGMA RF REF DI LP RESP LTDA,CAIXA FIC FIF SIGMA RF REF DI LP RESP LTDA,01/12/2009,"4,50171900","0,051","0,26","7,00","14,48","16.486,809",PF,PF | PJ,https://www.caixa.gov.br/fundos-investimento/referenciados/fic-sigma-ref-di-longo-prazo,Sim,nome_aproximado_1.00,66034762000117,8500,8500,PF,PF,Conservador,CDI,Renda Fixa,RF Simples 100% TPF,LONGO PRAZO,0.2,0.2,0.01,0.01,0.01,0.01,D+0 (du),D+0 (du),D+00 (du),17:00,Sim,Não,Não,Sim,"[""Pessoa Física"", ""Private""]","[""Pessoa Física"", ""Private""]",,,https://www.caixa.gov.br/downloads/aplicacao-financeira-regulamentos/RG_8500.pdf,https://www.caixa.gov.br/Downloads/aplicacao-financeira-termos-adesao/TA_8500.pdf,,https://www.caixa.gov.br/Downloads/aplicacao-financeira-inf-com/FIC_8500.pdf,,,2026-06-30T00:00:00Z,FI657,CAIXA SIGMA FUNCIONARIOS FIC FIF RF REF DI LP - RESP LTDA,CAIXA SIGMA FUNCIONÁRIOS FIC DE CLASSE DE FUNDO DE INVESTIMENTO FINANCEIRO RENDA FIXA REFERENCIADO DI LONGO PRAZO - RESP LIMITADA,CAIXA SIGMA FUNCIONARIOS FIC FIF RF REF DI LP - RESP LTDA 8500 66034762000117 66.034.762/0001-17,GERAL,17h00,Sim,Não,95.0,AUTOMATICO,PF,"FX, GC, GR, GV",,,,2026-04-08T00:00:00Z
RENDA FIXA REFERENCIADO,CAIXA FIC FIF RUBI RF REF DI LP RESP LTDA,CAIXA FIC FIF RUBI RF REF DI LP RESP LTDA,15/07/2009,"4,82428200","0,053","0,26","7,12","14,74","9.540,702",PF,PF | PJ,https://www.caixa.gov.br/fundos-investimento/referenciados/fic-rubi-ref-di-longo-prazo/Paginas/default.aspx,Sim,nome_aproximado_0.83,10646885000154,5157,5157,PJ,PJ,Conservador,CDI,Renda Fixa,RF DI até 49% Crédito Privado,LONGO PRAZO,0.3,0.3,200000.0,100.0,20000.0,100.0,D+0 (du),D+0 (du),D+00 (du),17:00,Sim,Não,Não,Sim,"[""Institucional"", ""PJ Atacado"", ""PJ Varejo""]","[""Institucional"", ""PJ Atacado"", ""PJ Varejo""]",https://www.caixa.gov.br/fundos-investimento/referenciados/fic-rubi-ref-di-longo-prazo/Paginas/default.aspx,,https://www.caixa.gov.br/downloads/aplicacao-financeira-regulamentos/RG_5157.pdf,https://www.caixa.gov.br/Downloads/aplicacao-financeira-termos-adesao/TA_5157.pdf,,https://www.caixa.gov.br/Downloads/aplicacao-financeira-inf-com/FIC_5157.pdf,,"Este Fundo não está adaptado às normas vigentes para RPPS (Regimes Próprios de Previdência Social).
",2026-06-30T00:00:00Z,FI657,CAIXA FIC FIF RUBI REF DI LP - RESP LTDA,CAIXA RUBI FUNDO DE INVESTIMENTO EM COTAS DE CLASSE DE FUNDO DE INVESTIMENTO FINANCEIRO RENDA FIXA REFERENCIADO DI LONGO PRAZO - RESP LIMITADA,CAIXA FIC FIF RUBI REF DI LP - RESP LTDA 5157 10646885000154 10.646.885/0001-54,GERAL,17h00,Não,Não,95.0,AUTOMATICO,PJ PRIV,"INST, PJ Atacado, PJ Varejo",,https://web.microsoftstream.com/video/3cd97374-bb4b-4204-bdef-48cfa0e370c8?channelId=772517ff-88ae-4298-88f2-3ed5a5893c3e,,2009-07-15T00:00:00Z
RENDA FIXA REFERENCIADO,CAIXA FIC FIF MEGA RF REFERENC DI LONGO PRAZO - RESP LTDA,CAIXA FIC FIF MEGA RF REFERENC DI LONGO PRAZO - RESP LTDA,03/02/2009,"5,15522400","0,053","0,26","7,15","14,79","21.741,159",PF,PF | PJ,https://www.caixa.gov.br/fundos-investimento/referenciados/fic-mega-ref-di-longo-prazo/Paginas/default.aspx,Sim,nome_aproximado_0.86,10322633000170,5411,5411,"PF, PJ","PF, PJ",Conservador,CDI,Renda Fixa,RF DI até 49% Crédito Privado,LONGO PRAZO,0.25,0.25,300000.0,100.0,30000.0,100.0,D+0 (du),D+0 (du),D+00 (du),17:00,Sim,Não,Não,Sim,"[""Institucional"", ""Pessoa Física"", ""PJ Atacado"", ""PJ Varejo"", ""Private""]","[""Institucional"", ""Pessoa Física"", ""PJ Atacado"", ""PJ Varejo"", ""Private""]",http://www.caixa.gov.br/fundos-investimento/referenciados/fic-mega-ref-di-longo-prazo,,https://www.caixa.gov.br/downloads/aplicacao-financeira-regulamentos/RG_5411.pdf,https://www.caixa.gov.br/Downloads/aplicacao-financeira-termos-adesao/TA_5411.pdf,,https://www.caixa.gov.br/Downloads/aplicacao-financeira-inf-com/FIC_5411.pdf,,,2026-06-30T00:00:00Z,FI657,CAIXA FIC FIF MEGA RF REF DI LONGO PRAZO - RESP LTDA,CAIXA MEGA FUNDO DE INVESTIMENTO FINANCEIRO RENDA FIXA REFERENCIADO DI LONGO PRAZO - RESPONSABILIDADE LIMITADA,CAIXA FIC FIF MEGA RF REF DI LONGO PRAZO - RESP LTDA 5411 10322633000170 10.322.633/0001-70,GERAL,17h00,Não,Não,95.0,AUTOMATICO,"PF, PJ PRIV","FX, GC, GR, GV, INST, PJ Atacado, PJ Varejo",https://www.caixa.gov.br/Downloads/aplicacao-financeira-qdd/QDD_5411.pdf,https://web.microsoftstream.com/video/6fd51e32-7197-4736-ab0d-031b75c372fd?channelId=772517ff-88ae-4298-88f2-3ed5a5893c3e,,2009-02-03T00:00:00Z
RENDA FIXA REFERENCIADO,CAIXA FIC FIF TOP PRIVATE RF REF DI LP RESP LTDA,CAIXA FIC FIF TOP PRIVATE RF REF DI LP RESP LTDA,05/05/2014,"3,22030800","0,054","0,27","7,21","14,91","14.056,310",PF,PF,https://www.caixa.gov.br/fundos-investimento/referenciados/fic-top-private-ref-di-longo-prazo/Paginas/default.aspx,Sim,nome_aproximado_0.86,19769018000180,5969,5969,PF,PF,Conservador,CDI,Renda Fixa,RF DI até 49% Crédito Privado,LONGO PRAZO,0.15,0.15,1000000.0,100.0,100000.0,100.0,D+0 (du),D+0 (du),D+00 (du),17:00,Sim,Não,Não,Sim,"[""Pessoa Física"", ""Private""]","[""Pessoa Física"", ""Private""]",,,https://www.caixa.gov.br/downloads/aplicacao-financeira-regulamentos/RG_5969.pdf,https://www.caixa.gov.br/Downloads/aplicacao-financeira-termos-adesao/TA_5969.pdf,https://www.caixa.gov.br/Downloads/aplicacao-financeira-comunicado-aos-cotistas/FR_5969.pdf,https://www.caixa.gov.br/Downloads/aplicacao-financeira-inf-com/FIC_5969.pdf,,,2026-06-30T00:00:00Z,FI657,CAIXA FIC FIF TOP PRIVATE RF REF DI LONGO PRAZO - RESP LTDA,CAIXA TOP PRIVATE FUNDO DE INVESTIMENTO EM COTAS DE CLASSE DE FUNDO DE INVESTIMENTO FINANCEIRO RENDA FIXA REFERENCIADO DI LONGO PRAZO - RESP LIMITADA,CAIXA FIC FIF TOP PRIVATE RF REF DI LONGO PRAZO - RESP LTDA 5969 19769018000180 19.769.018/0001-80,GERAL,17h00,Não,Não,95.0,AUTOMATICO,PF,"FX, GC, GR, RPPS",https://www.caixa.gov.br/Downloads/aplicacao-financeira-qdd/QDD_5969.pdf,https://web.microsoftstream.com/video/5f0c9eff-f752-448b-8f0a-3e2fff710aa9?channelId=772517ff-88ae-4298-88f2-3ed5a5893c3e,,2014-05-05T00:00:00Z
RENDA FIXA CURTO PRAZO,CAIXA FIC FIF RENDA FIXA CURTO PRAZO RESP LTDA (8),CAIXA FIC FIF RENDA FIXA CURTO PRAZO RESP LTDA (8),14/12/2020,"1.747,09479200","0,050","0,25","6,83","14,14","262,680",PF,PF | PJ,https://www.caixa.gov.br/fundos-investimento/curto-prazo/fic-automatico-polis-rf-cp/Paginas/default.aspx,Sim,nome_exato,39594941000136,6520,6520,"PF, PJ","PF, PJ",Conservador,CDI,Renda Fixa,RF 100% TPF - Curto Prazo,CURTO PRAZO,0.5,,10000.0,100.0,1000.0,100.0,D+0 (du),D+0 (du),D+00 (du),17:00,Sim,Não,Não,Sim,"[""Institucional"", ""Pessoa Física"", ""PJ Atacado"", ""PJ Varejo"", ""Private""]","[""Institucional"", ""Pessoa Física"", ""PJ Atacado"", ""PJ Varejo"", ""Private""]",https://www.caixa.gov.br/fundos-investimento/voce/renda-fixa/caixa-fic-rf-curto-prazo,,https://www.caixa.gov.br/downloads/aplicacao-financeira-regulamentos/RG_6520.pdf,https://www.caixa.gov.br/Downloads/aplicacao-financeira-termos-adesao/TA_6520.pdf,,https://www.caixa.gov.br/Downloads/aplicacao-financeira-inf-com/FIC_6520.pdf,,"
*Este Fundo não está adaptado às normas vigentes para RPPS (Regimes Próprios de Previdência Social).",2026-06-30T00:00:00Z,FI657,CAIXA FIC FIF RENDA FIXA CURTO PRAZO - RESP LTDA,CAIXA FUNDO DE INVESTIMENTO EM COTAS DE CLASSE DE FUNDO DE INVESTIMENTO FINANCEIRO RENDA FIXA CURTO PRAZO - RESPONSABILIDADE LIMITADA,CAIXA FIC FIF RENDA FIXA CURTO PRAZO - RESP LTDA 6520 39594941000136 39.594.941/0001-36,GERAL,17h00,Não,Não,100.0,AUTOMATICO,"PF, PJ PRIV","FX, GR, INST, PJ Atacado, PJ Varejo",,,,2020-12-14T00:00:00Z
MULTIMERCADO,CAIXA FIC FIF FOF SMART CRED PRIV MM LP RESP LTDA,CAIXA FIC FIF FOF SMART CRED PRIV MM LP RESP LTDA,30/08/2023,"1,43069100","0,000","0,22","6,85","14,39","64,654",PF,PF | PJ,https://www.caixa.gov.br/fundos-investimento/multimercado/fic-fof-smart-credito-privado-multimercado-longo-prazo/Paginas/default.aspx,Sim,nome_exato,51943346000164,7880,7880,"PF, PJ","PF, PJ",Moderado,CDI,Multimercado,Multimercado,LONGO PRAZO,0.4,,0.01,0.01,0.01,0.01,D+1 (du),D+46 (du),D+48 (du),17:00,Sim,Não,Não,Não,"[""Pessoa Física"", ""PJ Atacado"", ""Private""]","[""Pessoa Física"", ""PJ Atacado"", ""Private""]",https://www.caixa.gov.br/fundos-investimento/multimercado/caixa-fic-fof-smart-cred-priv-mm,,http://www.caixa.gov.br/downloads/aplicacao-financeira-regulamentos/RG_7880.pdf,http://www.caixa.gov.br/Downloads/aplicacao-financeira-termos-adesao/TA_7880.pdf,,http://www.caixa.gov.br/Downloads/aplicacao-financeira-inf-com/FIC_7880.pdf,,,2026-06-30T00:00:00Z,FI657,CAIXA FIC FIF FOF SMART CRED PRIV MM LP RESP LTDA,CAIXA FOF SMART FUNDO DE INVESTIMENTO EM COTAS DE CLASSE DE FUNDO DE INVESTIMENTO FINANCEIRO CRÉDITO PRIVADO MULTIMERCADO LONGO PRAZO - RESPONSABILIDA,CAIXA FIC FIF FOF SMART CRED PRIV MM LP RESP LTDA 7880 51943346000164 51.943.346/0001-64,QUALIFICADO,17h00,Não,Não,,NÃO SE APLICA,"PF, PJ PRIV","FX, GR, PJ Atacado",,,,2023-08-30T00:00:00Z
MULTIMERCADO,CAIXA FIC MULTIGESTOR GLOBAL EQUITIES IE,CAIXA FIC MULTIGESTOR GLOBAL EQUITIES IE,11/11/2020,"1.228,48264500","-0,003","0,16","-2,09","1,84","37,351",PF,PF | PJ,https://www.caixa.gov.br/fundos-investimento/multimercado/caixa-multigestor-global-equities-invest-ext/Paginas/default.aspx,Sim,nome_aproximado_1.00,39528038000177,6518,6518,"PF, PJ, GOV","PF, PJ, GOV",Arrojado,CDI,Multimercado,Multimercado,CURTO PRAZO,1.0,,0.01,0.01,0.01,0.01,D+1 (du),D+7 (du),D+12 (du),13:00,Sim,Não,Não,Sim,"[""GOV"", ""Institucional"", ""Pessoa Física"", ""PJ Atacado"", ""PJ Varejo"", ""Private"", ""RPPS""]","[""GOV"", ""Institucional"", ""Pessoa Física"", ""PJ Atacado"", ""PJ Varejo"", ""Private"", ""RPPS""]",https://www.caixa.gov.br/fundos-investimento/multimercado/caixa-multigestor-global-equities-invest-ext/Paginas/default.aspx,,https://www.caixa.gov.br/downloads/aplicacao-financeira-regulamentos/RG_6518.pdf,https://www.caixa.gov.br/Downloads/aplicacao-financeira-termos-adesao/TA_6518.pdf,https://www.caixa.gov.br/Downloads/aplicacao-financeira-comunicado-aos-cotistas/FR_6518.pdf,https://www.caixa.gov.br/Downloads/aplicacao-financeira-inf-com/FIC_6518.pdf,,"Este Fundo está adaptado às normas vigentes para RPPS (Regimes Próprios de Previdência Social) e EFPC (Entidades Fechadas de Previdência Complementar).

Fundo destinado a Investidores Qualificados.

O ingresso do Cotista RPPS no FUNDO está condicionado à comprovação de Investidor Qualificado RPPS.

Conforme PORTARIA MTP Nº 1.467, de 02 de Junho de 2022, será considerado Investidor Qualificado, para os fins da categorização estabelecida pela CVM, o RPPS que atenda cumulativamente aos seguintes requisitos:

I - possua recursos aplicados, informados no DAIR do mês imediatamente anterior à data de realização de cada aplicação exclusiva para tal categoria de investidor, em montante igual ou superior a R$ 10.000.000,00 (dez milhões de reais); e
II - tenha aderido ao Pró-Gestão RPPS, e obtido certificação institucional em um dos níveis de aderência nele estabelecidos. 

OBS: As solicitações de aplicação e/ou os pedidos de resgate deverão ser efetuados pelo Cotista em dias úteis de expediente bancário nacional e dentro do horário estabelecido pela ADMINISTRADORA.",2026-06-30T00:00:00Z,FI657,CAIXA FIC FIF MULTIGESTOR GLOBAL EQUITIES IE MM RESP LTDA,CAIXA MULTIGESTOR GLOBAL EQUITIES INVESTIMENTO NO EXTERIOR FIC DE CLASSE DE FUNDO DE INVESTIMENTO FINANCEIRO MULTIMERCADO - RESPONSABILIDADE LIMITADA,CAIXA FIC FIF MULTIGESTOR GLOBAL EQUITIES IE MM RESP LTDA 6518 39528038000177 39.528.038/0001-77,QUALIFICADO,13h00,Não,Não,100.0,AUTOMATICO,"PF, PJ PRIV, PJ PUB","FX, GC, GOV, GR, GV, INST, PJ Atacado, PJ Varejo, RPPS",https://www.caixa.gov.br/Downloads/aplicacao-financeira-qdd/QDD_6518.pdf,https://web.microsoftstream.com/video/ca76c442-41bd-4e49-bf93-7c88dfc75f01?channelId=772517ff-88ae-4298-88f2-3ed5a5893c3e,,2020-11-12T00:00:00Z
MULTIMERCADO,CAIXA FIF MULTIMERCADO RV 30 LP RESP LTDA,CAIXA FIF MULTIMERCADO RV 30 LP RESP LTDA,20/06/2000,"12,64308400","-0,119","0,00","6,50","16,33","540,035",PF,PF | PJ,https://www.caixa.gov.br/fundos-investimento/multimercado/fi-multimercado-rv30-longo-prazo,Não,sem_match,,,,,,,,,,,,,,,,,,,,,,,,,,,,,,,,,,,,,,,,,,,,,,,,,,,
MULTIMERCADO,CAIXA FIC FIF ESTRATÉGIA LIVRE MULTIMERCADO LP RESP LTDA,CAIXA FIC FIF ESTRATEGIA LIVRE MULTIMERCADO LP RESP LTDA,21/10/2019,"1.645,36416700","-0,006","0,19","5,00","12,12","114,052",PF,PF | PJ,https://www.caixa.gov.br/fundos-investimento/multimercado/estrategia-livre-mm-lp,Sim,nome_aproximado_0.80,35536472000148,6479,6479,PF,PF,Moderado,CDI,Multimercado,Multimercado,LONGO PRAZO,0.6,,0.01,0.01,0.01,0.01,D+1 (du),D+13 (du),D+15 (du),14:30,Sim,Não,Não,Sim,,,,,https://www.caixa.gov.br/downloads/aplicacao-financeira-regulamentos/RG_6479.pdf,https://www.caixa.gov.br/Downloads/aplicacao-financeira-termos-adesao/TA_6479.pdf,,https://www.caixa.gov.br/Downloads/aplicacao-financeira-inf-com/FIC_6479.pdf,,Fundo destinado a Funcionários e aposentados da Caixa Econômica Federal. Disponível para aplicação somente via conta corrente marcada como conta-salário empregado CAIXA.,2026-06-30T00:00:00Z,FI657,CAIXA FIC FIF FUNCIONARIOS ESTRATEGIA LIVRE MM LP RESP LTDA,CAIXA FUNCIONÁRIOS ESTRATÉGIA LIVRE FUNDO DE INVESTIMENTO EM COTAS DE CLASSE DE FUNDO DE INVESTIMENTO FINANCEIRO MULTIMERCADO LONGO PRAZO - RESPONSABI,CAIXA FIC FIF FUNCIONARIOS ESTRATEGIA LIVRE MM LP RESP LTDA 6479 35536472000148 35.536.472/0001-48,GERAL,14h30,Não,Não,100.0,AUTOMATICO,PF,,,,,2020-07-06T00:00:00Z
MULTIMERCADO,CAIXA FIF INDEXA SHORT DOLAR MM LP RESP LTDA,CAIXA FIF INDEXA SHORT DOLAR MM LP RESP LTDA,26/10/2020,"2.418,63363200","-0,396","0,65","17,75","29,98","13,287",PF,PF | PJ,https://www.caixa.gov.br/fundos-investimento/multimercado/caixa-fi-indexa-short-dolar-mult-lp/Paginas/default.aspx,Sim,nome_exato,29157511000101,6446,6446,"PF, PJ, GOV","PF, PJ, GOV",Moderado,PTAX,Multimercado,Multimercado,LONGO PRAZO,0.8,,0.01,0.01,0.01,0.01,D+0 (du),D+1 (du),D+01 (du),14:30,Sim,Não,Não,Não,"[""GOV"", ""Institucional"", ""Pessoa Física"", ""PJ Atacado"", ""PJ Varejo"", ""Private"", ""RPPS""]","[""GOV"", ""Institucional"", ""Pessoa Física"", ""PJ Atacado"", ""PJ Varejo"", ""Private"", ""RPPS""]",https://www.caixa.gov.br/fundos-investimento/multimercado/caixa-fi-indexa-short-dolar-mult-lp/Paginas/default.aspx,,https://www.caixa.gov.br/downloads/aplicacao-financeira-regulamentos/RG_6446.pdf,https://www.caixa.gov.br/Downloads/aplicacao-financeira-termos-adesao/TA_6446.pdf,,https://www.caixa.gov.br/Downloads/aplicacao-financeira-inf-com/FIC_6446.pdf,,Este Fundo está adaptado às normas vigentes para RPPS (Regimes Próprios de Previdência Social).,2026-06-30T00:00:00Z,FI657,CAIXA FIF INDEXA SHORT DOLAR MM LP - RESP LTDA,CAIXA INDEXA SHORT DOLAR FUNDO DE INVESTIMENTO FINANCEIRO MULTIMERCADO LONGO PRAZO - RESPONSABILIDADE LIMITADA,CAIXA FIF INDEXA SHORT DOLAR MM LP - RESP LTDA 6446 29157511000101 29.157.511/0001-01,GERAL,14h30,Não,Não,,NÃO SE APLICA,"PF, PJ PRIV, PJ PUB","FX, GC, GOV, GR, GV, INST, PJ Atacado, PJ Varejo, RPPS",https://www.caixa.gov.br/Downloads/aplicacao-financeira-qdd/QDD_6446.pdf,,,2020-10-26T00:00:00Z
MULTIMERCADO,CAIXA CARTEIRA QUANT DUO FIC FIF MM LP RESP LTDA (2) (3),CAIXA CARTEIRA QUANT DUO FIC FIF MM LP RESP LTDA (2) (3),07/04/2026,-,-,-,-,-,-,PF,PF | PJ,,Sim,nome_aproximado_0.83,65795043000156,7990,7990,"PF, PJ","PF, PJ",Arrojado,NÃO SE APLICA,Multimercado,Multimercado,LONGO PRAZO,0.8,0.8,0.01,0.01,0.01,0.01,D+0 (du),D+8 (du),D+10 (du),17:00,Sim,Não,Não,Sim,"[""Pessoa Física"", ""PJ Varejo"", ""Private""]","[""Pessoa Física"", ""PJ Varejo"", ""Private""]",,,https://www.caixa.gov.br/downloads/aplicacao-financeira-regulamentos/RG_7990.pdf,https://www.caixa.gov.br/Downloads/aplicacao-financeira-termos-adesao/TA_7990.pdf,,https://www.caixa.gov.br/Downloads/aplicacao-financeira-inf-com/FIC_7990.pdf,,,2026-06-30T00:00:00Z,FI657,CAIXA CARTEIRA QUANTITATIVA DUO FIC FIF MM LP - RESP LTDA,CAIXA CARTEIRA QUANTITATIVA DUO FUNDO DE INVESTIMENTO EM COTAS DE CLASSE DE FUNDO DE INVESTIMENTO FINANCEIRO MULTIMERCADO LONGO PRAZO - RESP LIMITADA,CAIXA CARTEIRA QUANTITATIVA DUO FIC FIF MM LP - RESP LTDA 7990 65795043000156 65.795.043/0001-56,GERAL,17h00,Sim,Não,95.0,AUTOMATICO,"PF, PJ PRIV","FX, GR, PJ Varejo",,,,2026-04-07T00:00:00Z
MULTIMERCADO,CAIXA FIC FIF FOF SMART LONG SHORT LP RESP LTDA,CAIXA FIC FIF FOF SMART LONG SHORT LP RESP LTDA,18/07/2023,"1,26386100","-0,005","0,12","3,48","10,07","5,765",PF,PF | PJ,https://www.caixa.gov.br/fundos-investimento/multimercado/caixa-fic-fof-smart-long-short-mm/Paginas/default.aspx,Sim,nome_exato,51408738000123,7877,7877,"PF, PJ","PF, PJ",Moderado,CDI,Multimercado,Multimercado,LONGO PRAZO,1.0,1.0,0.01,0.01,0.01,0.01,D+1 (du),D+24 (du),D+26 (du),17:00,Sim,Não,Não,Sim,"[""Pessoa Física"", ""PJ Atacado"", ""Private""]","[""Pessoa Física"", ""PJ Atacado"", ""Private""]",https://www.caixa.gov.br/fundos-investimento/multimercado/caixa-fic-fof-smart-long-short-mm,,http://www.caixa.gov.br/downloads/aplicacao-financeira-regulamentos/RG_7877.pdf,http://www.caixa.gov.br/Downloads/aplicacao-financeira-termos-adesao/TA_7877.pdf,,http://www.caixa.gov.br/Downloads/aplicacao-financeira-inf-com/FIC_7877.pdf,,,2026-06-30T00:00:00Z,FI657,CAIXA FIC FIF FOF SMART LONG SHORT LP RESP LTDA,CAIXA FOF SMART LONG & SHORT FUNDO DE INVESTIMENTO EM COTAS DE CLASSE DE FUNDO DE INVESTIMENTO FINANCEIRO MULTIMERCADO LONGO PRAZO - RESPONSABILIDADE,CAIXA FIC FIF FOF SMART LONG SHORT LP RESP LTDA 7877 51408738000123 51.408.738/0001-23,QUALIFICADO,17h00,Não,Não,100.0,AUTOMATICO,"PF, PJ PRIV","FX, GR, PJ Atacado",,,,2023-07-18T00:00:00Z
MULTIMERCADO,CAIXA FIC LONG BIAS MM,CAIXA FIC LONG BIAS MM,01/04/2024,"1,11140000","-0,756","-1,16","-4,14","8,97","3,523",PF,PF | PJ,https://www.caixa.gov.br/fundos-investimento/multimercado/caixa-fic-fof-smart-long-bias-mm/Paginas/default.aspx,Sim,nome_exato,54439846000151,6950,6950,"PF, PJ","PF, PJ",Moderado,OUTROS,Multimercado,Multimercado,LONGO PRAZO,2.0,2.0,0.01,0.01,0.01,0.01,D+1 (du),D+13 (du),D+15 (du),17:00,Sim,Não,Não,Sim,"[""Pessoa Física"", ""PJ Atacado"", ""PJ Varejo"", ""Private""]","[""Pessoa Física"", ""PJ Atacado"", ""PJ Varejo"", ""Private""]",https://www.caixa.gov.br/fundos-investimento/multimercado/caixa-fic-long-bias-mm,,http://www.caixa.gov.br/downloads/aplicacao-financeira-regulamentos/RG_6950.pdf,http://www.caixa.gov.br/Downloads/aplicacao-financeira-termos-adesao/TA_6950.pdf,http://www.caixa.gov.br/Downloads/aplicacao-financeira-comunicado-aos-cotistas/FR_6950.pdf,http://www.caixa.gov.br/Downloads/aplicacao-financeira-inf-com/FIC_6950.pdf,,,2026-06-30T00:00:00Z,FI657,CAIXA FIC FIF LONG BIAS MM - RL,CAIXA LONG BIAS FUNDO DE INVESTIMENTO EM COTAS DE CLASSE DE FUNDO DE INVESTIMENTO FINANCEIRO MULTIMERCADO - RESPONSABILIDADE LIMITADA,CAIXA FIC FIF LONG BIAS MM - RL 6950 54439846000151 54.439.846/0001-51,GERAL,17h00,Não,Não,100.0,AUTOMATICO,"PF, PJ PRIV","FX, GC, GR, GV, PJ Atacado, PJ Varejo",http://www.caixa.gov.br/Downloads/aplicacao-financeira-qdd/QDD_6950.pdf,,https://www.caixa.gov.br/Downloads/aplicacao-financeira-laminas-comerciais/LAC_6950.pdf,2024-04-01T00:00:00Z
MULTIMERCADO,CAIXA CARTEIRA QUANT QUALI FIC FIF MM LP RESP LTDA (2) (3),CAIXA CARTEIRA QUANT QUALI FIC FIF MM LP RESP LTDA (2) (3),07/04/2026,-,-,-,-,-,-,PF,PF | PJ,,Sim,nome_aproximado_0.83,65795384000121,7991,7991,"PF, PJ","PF, PJ",Agressivo,NÃO SE APLICA,Multimercado,Multimercado,LONGO PRAZO,0.8,0.8,0.01,0.01,0.01,0.01,D+0 (du),D+14 (du),D+16 (du),17:00,Sim,Não,Não,Sim,"[""Pessoa Física"", ""PJ Varejo"", ""Private""]","[""Pessoa Física"", ""PJ Varejo"", ""Private""]",,,https://www.caixa.gov.br/downloads/aplicacao-financeira-regulamentos/RG_7991.pdf,https://www.caixa.gov.br/Downloads/aplicacao-financeira-termos-adesao/TA_7991.pdf,,https://www.caixa.gov.br/Downloads/aplicacao-financeira-inf-com/FIC_7991.pdf,,,2026-06-30T00:00:00Z,FI657,CAIXA CARTEIRA QUANTITATIVA QUALI FIC FIF MM LP - RESP LTDA,CAIXA CARTEIRA QUANTITATIVA QUALI FUNDO DE INVESTIMENTO EM COTAS DE CLASSE DE FUNDO DE INVESTIMENTO FINANCEIRO MULTIMERCADO LP - RESP LIMITADA,CAIXA CARTEIRA QUANTITATIVA QUALI FIC FIF MM LP - RESP LTDA 7991 65795384000121 65.795.384/0001-21,QUALIFICADO,17h00,Sim,Não,95.0,AUTOMATICO,"PF, PJ PRIV","FX, GR, PJ Varejo",,,,2026-04-07T00:00:00Z
MULTIMERCADO,CAIXA FIC FIF FOF SMART LONG BIAS MM RESP LTDA,CAIXA FIC FIF FOF SMART LONG BIAS MM RESP LTDA,18/07/2023,"1,41535900","-0,004","-0,86","3,68","15,46","12,055",PF,PF | PJ,https://www.caixa.gov.br/fundos-investimento/multimercado/caixa-fic-fof-smart-long-bias-mm/Paginas/default.aspx,Sim,nome_exato,51408950000190,7876,7876,"PF, PJ","PF, PJ",Moderado,IPCA,Multimercado,Multimercado,AÇÕES,1.0,1.0,0.01,0.01,0.01,0.01,D+1 (du),D+24 (du),D+26 (du),17:00,Sim,Não,Não,Sim,"[""Pessoa Física"", ""PJ Atacado"", ""Private""]","[""Pessoa Física"", ""PJ Atacado"", ""Private""]",https://www.caixa.gov.br/fundos-investimento/multimercado/caixa-fic-fof-smart-long-bias-mm,,http://www.caixa.gov.br/downloads/aplicacao-financeira-regulamentos/RG_7876.pdf,http://www.caixa.gov.br/Downloads/aplicacao-financeira-termos-adesao/TA_7876.pdf,,http://www.caixa.gov.br/Downloads/aplicacao-financeira-inf-com/FIC_7876.pdf,,,2026-06-30T00:00:00Z,FI657,CAIXA FIC FOF SMART LONG BIAS MM RESP LTDA,CAIXA FOF SMART LONG BIAS FUNDO DE INVESTIMENTO EM COTAS DE CLASSE DE FUNDO DE INVESTIMENTO FINANCEIRO MULTIMERCADO - RESPONSABILIDADE LIMITADA,CAIXA FIC FOF SMART LONG BIAS MM RESP LTDA 7876 51408950000190 51.408.950/0001-90,QUALIFICADO,17h00,Não,Não,100.0,AUTOMATICO,"PF, PJ PRIV","FX, GR, PJ Atacado",,,,2023-07-18T00:00:00Z
MULTIMERCADO,CAIXA CARTEIRA QUANT UNO FIC FIF MM LP RESP LTDA (2) (3),CAIXA CARTEIRA QUANT UNO FIC FIF MM LP RESP LTDA (2) (3),07/04/2026,-,-,-,-,-,-,PF,PF | PJ,,Sim,nome_aproximado_0.83,65794476000197,7992,7992,"PF, PJ","PF, PJ",Moderado,NÃO SE APLICA,Multimercado,Multimercado,LONGO PRAZO,0.8,0.8,0.01,0.01,0.01,0.01,D+1 (du),D+1 (du),D+03 (du),17:00,Sim,Não,Não,Sim,"[""Pessoa Física"", ""PJ Varejo"", ""Private""]","[""Pessoa Física"", ""PJ Varejo"", ""Private""]",,,https://www.caixa.gov.br/downloads/aplicacao-financeira-regulamentos/RG_7992.pdf,https://www.caixa.gov.br/Downloads/aplicacao-financeira-termos-adesao/TA_7992.pdf,,https://www.caixa.gov.br/Downloads/aplicacao-financeira-inf-com/FIC_7992.pdf,,,2026-06-30T00:00:00Z,FI657,CAIXA CARTEIRA QUANTITATIVA UNO FIC FIF MM LP - RESP LTDA,CAIXA CARTEIRA QUANTITATIVA UNO FUNDO DE INVESTIMENTO EM COTAS DE CLASSE DE FUNDO DE INVESTIMENTO FINANCEIRO MULTIMERCADO LP - RESP LIMITADA,CAIXA CARTEIRA QUANTITATIVA UNO FIC FIF MM LP - RESP LTDA 7992 65794476000197 65.794.476/0001-97,GERAL,17h00,Sim,Não,95.0,AUTOMATICO,"PF, PJ PRIV","FX, GR, PJ Varejo",,,,2026-04-07T00:00:00Z
MULTIMERCADO,CAIXA FIF INDEXA EURO MM LONGO PRAZO RESP LTDA,CAIXA FIF INDEXA EURO MM LONGO PRAZO RESP LTDA,01/04/2024,"1,11314400","0,264","-0,25","-7,67","-6,75","3,759",PF,PF | PJ,https://www.caixa.gov.br/fundos-investimento/multimercado/fi-euro-multimercado-longo-prazo/Paginas/default.aspx,Sim,nome_aproximado_0.67,03737188000143,0082,82,"PF, PJ, GOV","PF, PJ, GOV",Moderado,70% CDI + 30% IBOV,Multimercado,Multimercado,LONGO PRAZO,1.0,1.0,0.01,0.01,0.01,0.01,D+0 (du),D+1 (du),D+03 (du),16:00,Sim,Não,Não,Sim,"[""GOV"", ""Institucional"", ""Pessoa Física"", ""PJ Atacado"", ""PJ Varejo"", ""Private"", ""RPPS""]","[""GOV"", ""Institucional"", ""Pessoa Física"", ""PJ Atacado"", ""PJ Varejo"", ""Private"", ""RPPS""]",http://www.caixa.gov.br/fundos-investimento/multimercado/fi-multimercado-rv30-longo-prazo,,http://www.caixa.gov.br/downloads/aplicacao-financeira-regulamentos/RG_0082.pdf,https://www.caixa.gov.br/Downloads/aplicacao-financeira-termos-adesao/TA_0082.pdf,https://www.caixa.gov.br/Downloads/aplicacao-financeira-comunicado-aos-cotistas/FR_0082.pdf,https://www.caixa.gov.br/Downloads/aplicacao-financeira-inf-com/FIC_0082.pdf,,"A contagem para conversão de cotas e pagamento do resgate é feita em dias úteis, conforme estabelecido no Regulamento do Fundo. Este Fundo está adaptado às normas vigentes para RPPS (Regimes Próprios de Previdência Social).",2026-06-30T00:00:00Z,FI657,CAIXA FIF RV 30 MM LONGO PRAZO RESP LTDA,CAIXA RV 30 FUNDO DE INVESTIMENTO FINANCEIRO MULTIMERCADO LONGO PRAZO - RESPONSABILIDADE LIMITADA,CAIXA FIF RV 30 MM LONGO PRAZO RESP LTDA 0082 03737188000143 03.737.188/0001-43,GERAL,16h00,Não,Não,100.0,AUTOMATICO,"PF, PJ PRIV, PJ PUB","FX, GC, GR, GV, INST, PJ Atacado, PJ Varejo, RPPS",https://www.caixa.gov.br/Downloads/aplicacao-financeira-qdd/QDD_0082.pdf,https://web.microsoftstream.com/video/86aa0100-d5af-4db2-9f67-441255924e4e?channelId=772517ff-88ae-4298-88f2-3ed5a5893c3e,,2000-06-20T00:00:00Z
MULTIMERCADO,CAIXA FIC FIF ESTRATÉGICO MULTIMERCADO LP RESP LTDA,CAIXA FIC FIF ESTRATEGICO MULTIMERCADO LP RESP LTDA,10/04/2006,"5,37286141","-0,003","0,20","4,71","12,09","32,719",PF,PF | PJ,https://www.caixa.gov.br/fundos-investimento/multimercado/fic-estrategico-multimercado-longo-prazo,Sim,nome_exato,03737200000110,5490,5490,"PF, PJ","PF, PJ",Moderado,CDI,Multimercado,Multimercado,LONGO PRAZO,1.2,1.2,0.01,0.01,0.01,0.01,D+0 (du),D+0 (du),D+01 (du),13:00,Sim,Não,Não,Sim,"[""Pessoa Física"", ""PJ Atacado"", ""PJ Varejo"", ""Private""]","[""Pessoa Física"", ""PJ Atacado"", ""PJ Varejo"", ""Private""]",http://www.caixa.gov.br/fundos-investimento/multimercado/fic-estrategico-multimercado-longo-prazo,,https://www.caixa.gov.br/downloads/aplicacao-financeira-regulamentos/RG_5490.pdf,https://www.caixa.gov.br/Downloads/aplicacao-financeira-termos-adesao/TA_5490.pdf,https://www.caixa.gov.br/Downloads/aplicacao-financeira-comunicado-aos-cotistas/FR_5490.pdf,https://www.caixa.gov.br/Downloads/aplicacao-financeira-inf-com/FIC_5490.pdf,,"A contagem para conversão de cotas e pagamento do resgate é feita em dias úteis, conforme estabelecido no Regulamento do Fundo.			",2026-06-30T00:00:00Z,FI657,CAIXA FIC FIF ESTRATEGICO MULTIMERCADO LP RESP LTDA,CAIXA ESTRATÉGICO FUNDO DE INVESTIMENTO EM COTAS DE CLASSE DE FUNDO DE INVESTIMENTO FINANCEIRO MULTIMERCADO LONGO PRAZO - RESPONSABILIDADE LIMITADA,CAIXA FIC FIF ESTRATEGICO MULTIMERCADO LP RESP LTDA 5490 03737200000110 03.737.200/0001-10,GERAL,13h00,Não,Não,100.0,AUTOMATICO,"PF, PJ PRIV","FX, GC, GR, PJ Atacado, PJ Varejo",,,,2006-04-10T00:00:00Z
MULTIMERCADO,CAIXA FIF INDEXA OURO MULTIMERCADO LP RESP LTDA,CAIXA FIF INDEXA OURO MULTIMERCADO LP RESP LTDA,15/02/2013,"4,36972500","-0,141","3,27","-1,65","31,12","524,093",PF,PF,https://www.caixa.gov.br/fundos-investimento/multimercado/fi-ouro-multimercado-longo-prazo,Sim,nome_exato,16916060000199,5902,5902,"PF, PJ","PF, PJ",Moderado,NÃO SE APLICA,Multimercado,Multimercado,LONGO PRAZO,0.8,0.8,0.01,0.01,0.01,0.01,D+0 (du),D+1 (du),D+02 (du),16:00,Sim,Não,Não,Sim,"[""Institucional"", ""Pessoa Física"", ""PJ Atacado"", ""PJ Varejo"", ""Private""]","[""Institucional"", ""Pessoa Física"", ""PJ Atacado"", ""PJ Varejo"", ""Private""]",http://www.caixa.gov.br/fundos-investimento/multimercado/fi-ouro-multimercado-longo-prazo,,https://www.caixa.gov.br/downloads/aplicacao-financeira-regulamentos/RG_5902.pdf,https://www.caixa.gov.br/Downloads/aplicacao-financeira-termos-adesao/TA_5902.pdf,,https://www.caixa.gov.br/Downloads/aplicacao-financeira-inf-com/FIC_5902.pdf,,"Pessoas físicas e jurídicas, na forma da regulamentação aplicável. A contagem para conversão de cotas e pagamento do resgate é feita em dias úteis, conforme estabelecido no Regulamento do Fundo.",2026-06-30T00:00:00Z,FI657,CAIXA FIF INDEXA OURO MULTIMERCADO LP - RESP LTDA,CAIXA INDEXA OURO FUNDO DE INVESTIMENTO FINANCEIRO MULTIMERCADO LONGO PRAZO - RESPONSABILIDADE LIMITADA,CAIXA FIF INDEXA OURO MULTIMERCADO LP - RESP LTDA 5902 16916060000199 16.916.060/0001-99,GERAL,16h00,Não,Não,100.0,AUTOMATICO,"PF, PJ PRIV","FX, GC, GR, GV, INST, PJ Atacado, PJ Varejo",,,,2013-02-15T00:00:00Z
MULTIMERCADO,CAIXA FIC FIF FOF SMART MULTIESTRATEGIA MM RESP LTDA,CAIXA FIC FIF FOF SMART MULTIESTRATEGIA MM RESP LTDA,09/06/2014,"2,87521500","-0,004","-0,04","2,94","9,46","72,537",PF,PF | PJ,https://www.caixa.gov.br/fundos-investimento/multimercado/fic-multigestor,Sim,nome_exato,18007710000109,5954,5954,"PF, PJ","PF, PJ",Moderado,CDI,Multimercado,Multimercado,LONGO PRAZO,1.5,1.5,0.01,0.01,0.01,0.01,D+1 (du),D+24 (du),D+26 (du),17:00,Sim,Não,Não,Sim,"[""Pessoa Física"", ""PJ Atacado"", ""PJ Varejo"", ""Private""]","[""Pessoa Física"", ""PJ Atacado"", ""PJ Varejo"", ""Private""]",http://www.caixa.gov.br/fundos-investimento/multimercado/fic-multigestor,,https://www.caixa.gov.br/downloads/aplicacao-financeira-regulamentos/RG_5954.pdf,https://www.caixa.gov.br/Downloads/aplicacao-financeira-termos-adesao/TA_5954.pdf,https://www.caixa.gov.br/Downloads/aplicacao-financeira-comunicado-aos-cotistas/FR_5954.pdf,https://www.caixa.gov.br/Downloads/aplicacao-financeira-inf-com/FIC_5954.pdf,,,2026-06-30T00:00:00Z,FI657,CAIXA FIC FOF SMART MULTIESTRATEGIA MM RESP LTDA,CAIXA FOF SMART MULTIESTRATÉGIA FUNDO DE INVESTIMENTO EM COTAS DE CLASSE DE FUNDO DE INVESTIMENTO FINANCEIRO MULTIMERCADO - RESPONSABILIDADE LIMITADA,CAIXA FIC FOF SMART MULTIESTRATEGIA MM RESP LTDA 5954 18007710000109 18.007.710/0001-09,QUALIFICADO,17h00,Não,Não,100.0,AUTOMATICO,"PF, PJ PRIV","FX, GR, PJ Atacado, PJ Varejo",,,,2014-06-09T00:00:00Z
MULTIMERCADO,CAIXA FIC FIF HEDGE MULTIMERCADO LONGO PRAZO RESP LTDA,CAIXA FIC FIF HEDGE MULTIMERCADO LONGO PRAZO RESP LTDA,26/10/2020,"1.701,61166400","0,330","0,45","8,00","13,88","30,243",PF,PF | PJ,https://www.caixa.gov.br/fundos-investimento/multimercado/caixa-fic-hedge-multimercado-lp/Paginas/default.aspx,Sim,nome_exato,30068135000150,6399,6399,"PF, PJ, GOV","PF, PJ, GOV",Moderado,CDI,Multimercado,Multimercado,LONGO PRAZO,1.0,,0.01,0.01,0.01,0.01,D+0 (du),D+1 (du),D+01 (du),17:00,Sim,Não,Não,Sim,"[""GOV"", ""Institucional"", ""Pessoa Física"", ""PJ Atacado"", ""PJ Varejo"", ""Private"", ""RPPS""]","[""GOV"", ""Institucional"", ""Pessoa Física"", ""PJ Atacado"", ""PJ Varejo"", ""Private"", ""RPPS""]",https://www.caixa.gov.br/fundos-investimento/multimercado/caixa-fic-hedge-multimercado-lp/Paginas/default.aspx,,https://www.caixa.gov.br/downloads/aplicacao-financeira-regulamentos/RG_6399.pdf,https://www.caixa.gov.br/Downloads/aplicacao-financeira-termos-adesao/TA_6399.pdf,,https://www.caixa.gov.br/Downloads/aplicacao-financeira-inf-com/FIC_6399.pdf,,Este Fundo está adaptado às normas vigentes para RPPS (Regimes Próprios de Previdência Social).,2026-06-30T00:00:00Z,FI657,CAIXA FIC FIF HEDGE MULTIMERCADO LONGO PRAZO - RESP LTDA,CAIXA HEDGE FUNDO DE INVESTIMENTO EM COTAS DE CLASSE DE FUNDO DE INVESTIMENTO FINANCEIRO MULTIMERCADO LONGO PRAZO - RESPONSABILIDADE LIMITADA,CAIXA FIC FIF HEDGE MULTIMERCADO LONGO PRAZO - RESP LTDA 6399 30068135000150 30.068.135/0001-50,GERAL,17h00,Não,Não,85.0,AUTOMATICO,"PF, PJ PRIV, PJ PUB","FX, GC, GOV, GR, GV, INST, PJ Atacado, PJ Varejo, RPPS",https://www.caixa.gov.br/Downloads/aplicacao-financeira-qdd/QDD_6399.pdf,,,2020-10-26T00:00:00Z
MULTIMERCADO,CAIXA FIF INDEXA BOLSA AMERICANA MM LP RESP LTDA,CAIXA FIF INDEXA BOLSA AMERICANA MM LP RESP LTDA,16/10/2018,"3,81889500","-0,498","0,22","13,52","31,32","2.379,542",PF,PF | PJ,https://www.caixa.gov.br/fundos-investimento/multimercado/fi-bolsa-americana-multimercado-lp,Sim,nome_aproximado_0.83,30036235000102,6999,6999,"PF, PJ, GOV","PF, PJ, GOV",Moderado,CDI,Multimercado,Multimercado,LONGO PRAZO,0.8,,0.01,0.01,0.01,0.01,D+0 (du),D+0 (du),D+01 (du),16:00,Sim,Não,Não,Sim,"[""GOV"", ""Institucional"", ""Pessoa Física"", ""PJ Atacado"", ""PJ Varejo"", ""Private"", ""RPPS""]","[""GOV"", ""Institucional"", ""Pessoa Física"", ""PJ Atacado"", ""PJ Varejo"", ""Private"", ""RPPS""]",http://www.caixa.gov.br/fundos-investimento/multimercado/fi-bolsa-americana-multimercado-lp/Paginas/default.aspx,,https://www.caixa.gov.br/downloads/aplicacao-financeira-regulamentos/RG_6999.pdf,https://www.caixa.gov.br/Downloads/aplicacao-financeira-termos-adesao/TA_6999.pdf,,https://www.caixa.gov.br/Downloads/aplicacao-financeira-inf-com/FIC_6999.pdf,,,2026-06-30T00:00:00Z,FI657,CAIXA FIF INDEXA BOLSA AMERICANA MULTIMERCADO LP RESP LTDA,CAIXA INDEXA BOLSA AMERICANA FUNDO DE INVESTIMENTO FINANCEIRO MULTIMERCADO LONGO PRAZO - RESPONSABILIDADE LIMITADA,CAIXA FIF INDEXA BOLSA AMERICANA MULTIMERCADO LP RESP LTDA 6999 30036235000102 30.036.235/0001-02,GERAL,16h00,Não,Não,100.0,AUTOMATICO,"PF, PJ PRIV, PJ PUB","FX, GC, GOV, GR, GV, INST, PJ Atacado, PJ Varejo, RPPS",https://www.caixa.gov.br/Downloads/aplicacao-financeira-qdd/QDD_6999.pdf,https://web.microsoftstream.com/video/7ad96d1d-faee-497b-9eb5-c3093ebf417d?channelId=772517ff-88ae-4298-88f2-3ed5a5893c3e,,2018-10-16T00:00:00Z
MULTIMERCADO,CAIXA FIC FIF JUROS E MOEDAS MM PLUS LP RESP LTDA,CAIXA FIC FIF JUROS E MOEDAS MM PLUS LP RESP LTDA,05/03/2018,"1,92154100","0,046","0,24","5,70","12,46","21,539",PF,PF | PJ,https://www.caixa.gov.br/fundos-investimento/multimercado/caixa-fic-juros-e-moedas-multimercado-plus-lp/,Sim,nome_aproximado_0.86,14120520000142,5582,5582,"PF, PJ, GOV","PF, PJ, GOV",Moderado,CDI,Multimercado,Multimercado,LONGO PRAZO,0.7,0.7,10000.0,100.0,1000.0,100.0,D+0 (du),D+0 (du),D+00 (du),17:00,Sim,Não,Não,Sim,"[""GOV"", ""Institucional"", ""Pessoa Física"", ""PJ Atacado"", ""PJ Varejo"", ""Private"", ""RPPS""]","[""GOV"", ""Institucional"", ""Pessoa Física"", ""PJ Atacado"", ""PJ Varejo"", ""Private"", ""RPPS""]",http://www.caixa.gov.br/fundos-investimento/multimercado/fi-juros-moedas-multimercado-longo-prazo,,https://www.caixa.gov.br/downloads/aplicacao-financeira-regulamentos/RG_5582.pdf,https://www.caixa.gov.br/Downloads/aplicacao-financeira-termos-adesao/TA_5582.pdf,,https://www.caixa.gov.br/Downloads/aplicacao-financeira-inf-com/FIC_5582.pdf,,,2026-06-30T00:00:00Z,FI657,CAIXA FIC FIF JUROS E MOEDAS MM LP - RESP LTDA,CAIXA JUROS E MOEDAS FUNDO DE INVESTIMENTO EM COTAS DE CLASSE DE FUNDO DE INVESTIMENTO FINANCEIRO MULTIMERCADO LONGO PRAZO - RESPONSABILIDADE LIMITADA,CAIXA FIC FIF JUROS E MOEDAS MM LP - RESP LTDA 5582 14120520000142 14.120.520/0001-42,GERAL,17h00,Não,Não,85.0,AUTOMATICO,"PF, PJ PRIV, PJ PUB","FX, GC, GOV, GR, GV, INST, PJ Atacado, PJ Varejo, RPPS",https://www.caixa.gov.br/Downloads/aplicacao-financeira-qdd/QDD_5582.pdf,,,2012-06-28T00:00:00Z
MULTIMERCADO,CAIXA FIC FIF FUNCIONARIOS ESTRATEGIA LIVRE MULTIMERCADO LP RESP LTDA,CAIXA FIC FIF FUNCIONARIOS ESTRATEGIA LIVRE MULTIMERCADO LP RESP LTDA,06/07/2020,"1.668,07499500","-0,002","0,20","5,47","13,09","14,472",PF,PF,,Sim,nome_aproximado_0.83,35536472000148,6479,6479,PF,PF,Moderado,CDI,Multimercado,Multimercado,LONGO PRAZO,0.6,,0.01,0.01,0.01,0.01,D+1 (du),D+13 (du),D+15 (du),14:30,Sim,Não,Não,Sim,,,,,https://www.caixa.gov.br/downloads/aplicacao-financeira-regulamentos/RG_6479.pdf,https://www.caixa.gov.br/Downloads/aplicacao-financeira-termos-adesao/TA_6479.pdf,,https://www.caixa.gov.br/Downloads/aplicacao-financeira-inf-com/FIC_6479.pdf,,Fundo destinado a Funcionários e aposentados da Caixa Econômica Federal. Disponível para aplicação somente via conta corrente marcada como conta-salário empregado CAIXA.,2026-06-30T00:00:00Z,FI657,CAIXA FIC FIF FUNCIONARIOS ESTRATEGIA LIVRE MM LP RESP LTDA,CAIXA FUNCIONÁRIOS ESTRATÉGIA LIVRE FUNDO DE INVESTIMENTO EM COTAS DE CLASSE DE FUNDO DE INVESTIMENTO FINANCEIRO MULTIMERCADO LONGO PRAZO - RESPONSABI,CAIXA FIC FIF FUNCIONARIOS ESTRATEGIA LIVRE MM LP RESP LTDA 6479 35536472000148 35.536.472/0001-48,GERAL,14h30,Não,Não,100.0,AUTOMATICO,PF,,,,,2020-07-06T00:00:00Z
MULTIMERCADO,CAIXA HASHDEX NASDAQ CRYPTO INDEX FIC FIF MM RESP LTDA (2),CAIXA HASHDEX NASDAQ CRYPTO INDEX FIC FIF MM RESP LTDA (2),07/10/2025,"0,46497563","-0,005","7,88","-35,60","0,00","3,693",PF,PF | PJ,https://www.caixa.gov.br/fundos-investimento/multimercado/caixa-hashdex-nasdaq-crypto-fic-fif-mm,Sim,nome_aproximado_1.00,62769135000173,7980,7980,"PF, PJ","PF, PJ",Agressivo,OUTROS,Multimercado,Multimercado,AÇÕES,0.7,0.7,100.0,100.0,10.0,100.0,D+1 (du),D+3 (du),D+08 (du),13:00,Sim,Não,Não,Sim,"[""Pessoa Física"", ""PJ Varejo"", ""Private""]","[""Pessoa Física"", ""PJ Varejo"", ""Private""]",https://www.caixa.gov.br/fundos-investimento/multimercado/caixa-hashdex-nasdaq-crypto-fic-fif-mm,,https://www.caixa.gov.br/downloads/aplicacao-financeira-regulamentos/RG_7980.pdf,https://www.caixa.gov.br/Downloads/aplicacao-financeira-termos-adesao/TA_7980.pdf,https://www.caixa.gov.br/Downloads/aplicacao-financeira-comunicado-aos-cotistas/FR_7980.pdf,https://www.caixa.gov.br/Downloads/aplicacao-financeira-inf-com/FIC_7980.pdf,,"Campanha de Lançamento
A partir de 07/10/2025 inclusive
Redução de Tickets
Aplicação Inicial:
De: R$ 1.000,00 para R$ 100,00
Saldo Mínimo: 
De: R$ 1.000,00 para R$ 10,00

Fundo fechado de 23/12 a 31/12, seguindo o calendário de feriados dos EUA",2026-06-30T00:00:00Z,FI657,CAIXA EXPERT HASHDEX NASDAQ CRYPTO INDEX FIC FIF MM - RESP LTDA,CAIXA EXPERT HASHDEX NASDAQ CRYPTO INDEX FUNDO DE INVESTIMENTO EM COTAS DE CLASSE DE FUNDO DE INVESTIMENTO FINANCEIRO MULTIMERCADO - RESP LIMITADA,CAIXA EXPERT HASHDEX NASDAQ CRYPTO INDEX FIC FIF MM - RESP LTDA 7980 62769135000173 62.769.135/0001-73,GERAL,13h00,Não,Não,95.0,AUTOMATICO,"PF, PJ PRIV","FX, GC, GR, GV, PJ Varejo",,,,2025-10-07T00:00:00Z
MULTIMERCADO,CAIXA CAPITAL PROTEGIDO IBOVESPA CÍCLICO I FIC FIF MM,CAIXA CAPITAL PROTEGIDO IBOVESPA CICLICO I FIC FIF MM,08/11/2011,"3,33366700","-0,005","0,99","4,63","9,62","158,777",PF,PF,https://www.caixa.gov.br/fundos-investimento/multimercado/fic-capital-protegido-ibovespa-ciclico-1-multimercado,Sim,nome_aproximado_0.86,14239659000100,5475,5475,"PF, PJ, GOV","PF, PJ, GOV",Conservador,CDI,Multimercado,Capital Protegido,LONGO PRAZO,1.6,1.6,5000.0,500.0,4000.0,500.0,D+0 (du),D+1 (du),D+03 (du),17:00,Não,Não,Não,Sim,"[""GOV""]","[""GOV""]",http://www.caixa.gov.br/fundos-investimento/multimercado/fic-capital-protegido-ibovespa-ciclico-1-multimercado,,http://www.caixa.gov.br/downloads/aplicacao-financeira-regulamentos/RG_5475.pdf,http://www.caixa.gov.br/Downloads/aplicacao-financeira-termos-adesao/TA_5475.pdf,http://www.caixa.gov.br/Downloads/aplicacao-financeira-comunicado-aos-cotistas/FR_5475.pdf,http://www.caixa.gov.br/Downloads/aplicacao-financeira-inf-com/FIC_5475.pdf,,"Fundo com prazo de carência para aplicação e resgate, conforme Regulamento. Durante a carência, não é permitida a realização de aplicações ou resgates.

Nova operação estruturada com inicio em 02/SET/2025 e termino em 01/OUT/2027. 
 
Fundo Fechado a para aplicações a partir de 02/09/2025 (inclusive)
 
",2026-06-30T00:00:00Z,FI657,CAIXA CAPITAL PROTEGIDO IBOV CICLICO I FIC FIF MM - RESP LTDA,CAIXA CAPITAL PROTEGIDO IBOVESPA CÍCLICO I FUNDO DE INVESTIMENTO EM COTAS DE CLASSE DE FUNDO DE INVESTIMENTO FINANCEIRO MULTIMERCADO - RESPOSANBILIDAD,CAIXA CAPITAL PROTEGIDO IBOV CICLICO I FIC FIF MM - RESP LTDA 5475 14239659000100 14.239.659/0001-00,GERAL,17h00,Não,Sim,100.0,AUTOMATICO,"PF, PJ PRIV, PJ PUB",,http://www.caixa.gov.br/Downloads/aplicacao-financeira-qdd/QDD_5475.pdf,,,2011-11-08T00:00:00Z
MULTIMERCADO,CAIXA CAPITAL PROTEGIDO CÍCLICO III FIC FIF MM LP - RESP LTDA,CAIXA CAPITAL PROTEGIDO CICLICO III FIC FIF MM LP - RESP LTDA,10/01/2022,"1,55549000","-0,004","0,26","4,17","19,63","14,654",PF,PF | PJ,https://www.caixa.gov.br/fundos-investimento/multimercado/fic-capital-protegido-ciclico-iii-multimercado-lp/Paginas/default.aspx,Sim,nome_aproximado_0.86,44683343000173,6608,6608,"PF, PJ, GOV","PF, PJ, GOV",Conservador,NÃO SE APLICA,Multimercado,Capital Protegido,LONGO PRAZO,0.9,0.9,5000.0,500.0,4000.0,500.0,D+0 (du),D+0 (du),D+02 (du),16:00,Não,Não,Não,Sim,"[""GOV"", ""Institucional"", ""Pessoa Física"", ""PJ Atacado"", ""PJ Varejo"", ""Private"", ""RPPS""]","[""GOV"", ""Institucional"", ""Pessoa Física"", ""PJ Atacado"", ""PJ Varejo"", ""Private"", ""RPPS""]",https://www.caixa.gov.br/fundos-investimento/multimercado/FIC-Capital-Protegido-Bolsa-de-Valores-IV-Multimercado,,http://www.caixa.gov.br/downloads/aplicacao-financeira-regulamentos/RG_6608.pdf,http://www.caixa.gov.br/Downloads/aplicacao-financeira-termos-adesao/TA_6608.pdf,http://www.caixa.gov.br/Downloads/aplicacao-financeira-comunicado-aos-cotistas/FR_6608.pdf,http://www.caixa.gov.br/Downloads/aplicacao-financeira-inf-com/FIC_6608.pdf,,"Fundo com prazo de carência para aplicação e resgate, conforme Regulamento. Durante a carência, não é permitida a realização de aplicações ou resgates.                                                                  Período de Captação 02/03/2026 à 24/04/2026
Início da Operação Estruturada: 27/04/2026
Fim da Operação Estruturada: 03/07/2028",2026-06-30T00:00:00Z,FI657,CAIXA CAPITAL PROTEGIDO CICLICO III FIC FIF MM - RESP LTDA,CAIXA CAPITAL PROTEGIDO CÍCLICO III FIC DE CLASSE DE FUNDO DE INVESTIMENTO FINANCEIRO MULTIMERCADO LONGO PRAZO - RESP LIMITADA,CAIXA CAPITAL PROTEGIDO CICLICO III FIC FIF MM - RESP LTDA 6608 44683343000173 44.683.343/0001-73,GERAL,16h00,Não,Sim,100.0,AUTOMATICO,"PF, PJ PRIV, PJ PUB","FX, GC, GOV, GR, GV, INST, PJ Atacado, PJ Varejo, RPPS",http://www.caixa.gov.br/Downloads/aplicacao-financeira-qdd/QDD_6608.pdf,,,2022-01-10T00:00:00Z
MULTIMERCADO,CAIXA FIC FIF CAPITAL PROTEGIDO CESTA AGRO MM,CAIXA FIC FIF CAPITAL PROTEGIDO CESTA AGRO MM,04/07/2022,"1,39238400","-0,003","0,60","2,67","10,00","71,352",PF,PF | PJ,https://www.caixa.gov.br/fundos-investimento/multimercado/caixa_fic_fim_cap_protegido_cesta_agro/Paginas/default.aspx,Sim,nome_aproximado_1.00,42229068000197,6621,6621,"PF, PJ, GOV","PF, PJ, GOV",Conservador,OUTROS,Multimercado,Capital Protegido,LONGO PRAZO,0.9,0.9,5000.0,500.0,4000.0,500.0,D+0 (du),D+0 (du),D+02 (du),16:00,Não,Não,Não,Sim,"[""GOV"", ""Institucional"", ""Pessoa Física"", ""PJ Atacado"", ""PJ Varejo"", ""Private"", ""RPPS""]","[""GOV"", ""Institucional"", ""Pessoa Física"", ""PJ Atacado"", ""PJ Varejo"", ""Private"", ""RPPS""]",https://www.caixa.gov.br/fundos-investimento/multimercado/caixa_fic_fim_cap_protegido_cesta_agro,,http://www.caixa.gov.br/downloads/aplicacao-financeira-regulamentos/RG_6621.pdf,http://www.caixa.gov.br/Downloads/aplicacao-financeira-termos-adesao/TA_6621.pdf,http://www.caixa.gov.br/Downloads/aplicacao-financeira-comunicado-aos-cotistas/FR_6621.pdf,http://www.caixa.gov.br/Downloads/aplicacao-financeira-inf-com/FIC_6621.pdf,,"Fundo com prazo de carência para aplicação e resgate, conforme Regulamento. Durante a carência, não é permitida a realização de aplicações ou resgates.

Nova Operação Estruturada:

Dia 07/10/2024 -> Reabertura para Resgates e Aplicações do fundo;

Dia 25/10/2024 -> Fechamento para Aplicações e Resgates

Dia 29/10/2024 -> Início da nova operação estruturada de Cesta Agro.",2026-06-30T00:00:00Z,FI657,CAIXA FIC FIF CAPITAL PROTEGIDO CESTA AGRO MM LP - RESP LTDA,CAIXA CAPITAL PROTEGIDO CESTA AGRO FUNDO DE INVESTIMENTO EM COTAS DE CLASSE DE FUNDO DE INVESTIMENTO FINANCEIRO MULTIMERCADO LONGO PRAZO - RESPONSABIL,CAIXA FIC FIF CAPITAL PROTEGIDO CESTA AGRO MM LP - RESP LTDA 6621 42229068000197 42.229.068/0001-97,GERAL,16h00,Não,Sim,100.0,AUTOMATICO,"PF, PJ PRIV, PJ PUB","FX, GC, GOV, GR, GV, INST, PJ Atacado, PJ Varejo, RPPS",http://www.caixa.gov.br/Downloads/aplicacao-financeira-qdd/QDD_6621.pdf,,,2022-07-04T00:00:00Z
MULTIMERCADO,CAIXA FIC FIM CAPITAL PROTEGIDO CICLICO II LP - RL,CAIXA FIC FIM CAPITAL PROTEGIDO CICLICO II LP - RL,18/07/2022,"1,49445300","-0,003","1,45","3,34","13,46","193,771",PF,PF | PJ,https://www.caixa.gov.br/fundos-investimento/multimercado/caixa-fic-fim-cap-protegido-ciclico-ii,Sim,nome_exato,45443651000194,6623,6623,"PF, PJ, GOV","PF, PJ, GOV",Conservador,NÃO SE APLICA,Multimercado,Capital Protegido,LONGO PRAZO,0.9,0.9,5000.0,500.0,4000.0,500.0,D+0 (du),D+0 (du),D+02 (du),16:00,Não,Não,Não,Sim,"[""GOV"", ""Institucional"", ""Pessoa Física"", ""PJ Atacado"", ""PJ Varejo"", ""Private"", ""RPPS""]","[""GOV"", ""Institucional"", ""Pessoa Física"", ""PJ Atacado"", ""PJ Varejo"", ""Private"", ""RPPS""]",https://www.caixa.gov.br/fundos-investimento/multimercado/caixa-fic-fim-cap-protegido-ciclico-ii,,http://www.caixa.gov.br/downloads/aplicacao-financeira-regulamentos/RG_6623.pdf,http://www.caixa.gov.br/Downloads/aplicacao-financeira-termos-adesao/TA_6623.pdf,http://www.caixa.gov.br/Downloads/aplicacao-financeira-comunicado-aos-cotistas/FR_6623.pdf,http://www.caixa.gov.br/Downloads/aplicacao-financeira-inf-com/FIC_6623.pdf,,"Fundo com prazo de carência para aplicação e resgate, conforme Regulamento. Durante a carência, não é permitida a realização de aplicações ou resgates.

Fechado para Aplicações e Resgates a partir de 26/08/2024 
-------
Início da Operação Estruturada - 27/08/2024

Fim da Operação Estruturada - 01/07/2026",2026-06-30T00:00:00Z,FI657,CAIXA FIF FIC FIM CAPITAL PROTEGIDO CICLICO II LP - RESP LTDA,CAIXA CAPITAL PROTEGIDO CICLICO II FIC DE CLASSE DE FUNDO DE INVESTIMENTO FINANCEIRO MULTIMERCADO LONGO PRAZO - RESPONSABILIDADE LIMITADA,CAIXA FIF FIC FIM CAPITAL PROTEGIDO CICLICO II LP - RESP LTDA 6623 45443651000194 45.443.651/0001-94,GERAL,16h00,Não,Não,100.0,AUTOMATICO,"PF, PJ PRIV, PJ PUB","FX, GC, GOV, GR, GV, INST, PJ Atacado, PJ Varejo, RPPS",http://www.caixa.gov.br/Downloads/aplicacao-financeira-qdd/QDD_6623.pdf,,,2022-07-18T00:00:00Z
MULTIMERCADO,CAIXA FIC FIF EXPERT SPX NIMITZ MULTIMERCADO RESP LTDA,CAIXA FIC FIF EXPERT SPX NIMITZ MULTIMERCADO RESP LTDA,04/05/2020,"1,80884900","-0,002","-0,54","2,39","10,87","174,263",PF,PF | PJ,https://www.caixa.gov.br/fundos-investimento/multimercado/fic-caixa-expert-spxmm/Paginas/default.aspx,Sim,nome_aproximado_0.80,34660453000166,6475,6475,PF,PF,Moderado,CDI,Multimercado,Multimercado,LONGO PRAZO,2.0,2.0,10000.0,100.0,1000.0,100.0,D+1 (du),D+22 (du),D+24 (du),13:00,Sim,Não,Não,Não,"[""Pessoa Física"", ""Private""]","[""Pessoa Física"", ""Private""]",https://www.caixa.gov.br/fundos-investimento/multimercado/fic-caixa-expert-spxmm/Paginas/default.aspx,,https://www.caixa.gov.br/downloads/aplicacao-financeira-regulamentos/RG_6475.pdf,https://www.caixa.gov.br/Downloads/aplicacao-financeira-termos-adesao/TA_6475.pdf,,https://www.caixa.gov.br/Downloads/aplicacao-financeira-inf-com/FIC_6475.pdf,,"A contagem para conversão de cotas e pagamento do resgate é feita em dias úteis, conforme estabelecido no Regulamento do Fundo. O FUNDO destina-se a receber investimentos de pessoas físicas residentes, a critério da ADMINISTRADORA e considerados investidores qualificados nos termos da legislação vigente. Este Fundo não está adaptado às normas vigentes para RPPS (Regimes Próprios de Previdência Social).

",2026-06-30T00:00:00Z,FI657,CAIXA EXPERT SPX NIMITZ FIC FIF MM - RESP LTDA,CAIXA EXPERT SPX NIMITZ FUNDO DE INVESTIMENTO EM COTAS DE CLASSE DE FUNDO DE INVESTIMENTO FINANCEIRO MULTIMERCADO - RESPONSABILIDADE LIMITADA,CAIXA EXPERT SPX NIMITZ FIC FIF MM - RESP LTDA 6475 34660453000166 34.660.453/0001-66,QUALIFICADO,13h00,Não,Não,,NÃO SE APLICA,PF,"FX, GC, GR, GV, INST, PJ Atacado, PJ Varejo",,,,2020-05-04T00:00:00Z
MULTIMERCADO,CAIXA FIC FIF ALOCAÇÃO MACRO MM LONGO PRAZO RESP LTDA,CAIXA FIC FIF ALOCACAO MACRO MM LONGO PRAZO RESP LTDA,01/02/2007,"5,66255600","-0,068","0,15","6,27","13,92","893,241",PF,PF | PJ,https://www.caixa.gov.br/fundos-investimento/multimercado/fic-alocacao-macro-multimercado-longo-prazo/,Sim,nome_aproximado_0.67,03737188000143,0082,82,"PF, PJ, GOV","PF, PJ, GOV",Moderado,70% CDI + 30% IBOV,Multimercado,Multimercado,LONGO PRAZO,1.0,1.0,0.01,0.01,0.01,0.01,D+0 (du),D+1 (du),D+03 (du),16:00,Sim,Não,Não,Sim,"[""GOV"", ""Institucional"", ""Pessoa Física"", ""PJ Atacado"", ""PJ Varejo"", ""Private"", ""RPPS""]","[""GOV"", ""Institucional"", ""Pessoa Física"", ""PJ Atacado"", ""PJ Varejo"", ""Private"", ""RPPS""]",http://www.caixa.gov.br/fundos-investimento/multimercado/fi-multimercado-rv30-longo-prazo,,http://www.caixa.gov.br/downloads/aplicacao-financeira-regulamentos/RG_0082.pdf,https://www.caixa.gov.br/Downloads/aplicacao-financeira-termos-adesao/TA_0082.pdf,https://www.caixa.gov.br/Downloads/aplicacao-financeira-comunicado-aos-cotistas/FR_0082.pdf,https://www.caixa.gov.br/Downloads/aplicacao-financeira-inf-com/FIC_0082.pdf,,"A contagem para conversão de cotas e pagamento do resgate é feita em dias úteis, conforme estabelecido no Regulamento do Fundo. Este Fundo está adaptado às normas vigentes para RPPS (Regimes Próprios de Previdência Social).",2026-06-30T00:00:00Z,FI657,CAIXA FIF RV 30 MM LONGO PRAZO RESP LTDA,CAIXA RV 30 FUNDO DE INVESTIMENTO FINANCEIRO MULTIMERCADO LONGO PRAZO - RESPONSABILIDADE LIMITADA,CAIXA FIF RV 30 MM LONGO PRAZO RESP LTDA 0082 03737188000143 03.737.188/0001-43,GERAL,16h00,Não,Não,100.0,AUTOMATICO,"PF, PJ PRIV, PJ PUB","FX, GC, GR, GV, INST, PJ Atacado, PJ Varejo, RPPS",https://www.caixa.gov.br/Downloads/aplicacao-financeira-qdd/QDD_0082.pdf,https://web.microsoftstream.com/video/86aa0100-d5af-4db2-9f67-441255924e4e?channelId=772517ff-88ae-4298-88f2-3ed5a5893c3e,,2000-06-20T00:00:00Z
MULTIMERCADO,CAIXA FIC FIF JUROS E MOEDAS MM LP RESP LTDA,CAIXA FIC FIF JUROS E MOEDAS MM LP RESP LTDA,28/06/2012,"3,68342200","0,048","0,25","5,90","12,87","734,797",PF,PF | PJ,https://www.caixa.gov.br/fundos-investimento/multimercado/fi-juros-moedas-multimercado-longo-prazo,Sim,nome_exato,14120520000142,5582,5582,"PF, PJ, GOV","PF, PJ, GOV",Moderado,CDI,Multimercado,Multimercado,LONGO PRAZO,0.7,0.7,10000.0,100.0,1000.0,100.0,D+0 (du),D+0 (du),D+00 (du),17:00,Sim,Não,Não,Sim,"[""GOV"", ""Institucional"", ""Pessoa Física"", ""PJ Atacado"", ""PJ Varejo"", ""Private"", ""RPPS""]","[""GOV"", ""Institucional"", ""Pessoa Física"", ""PJ Atacado"", ""PJ Varejo"", ""Private"", ""RPPS""]",http://www.caixa.gov.br/fundos-investimento/multimercado/fi-juros-moedas-multimercado-longo-prazo,,https://www.caixa.gov.br/downloads/aplicacao-financeira-regulamentos/RG_5582.pdf,https://www.caixa.gov.br/Downloads/aplicacao-financeira-termos-adesao/TA_5582.pdf,,https://www.caixa.gov.br/Downloads/aplicacao-financeira-inf-com/FIC_5582.pdf,,,2026-06-30T00:00:00Z,FI657,CAIXA FIC FIF JUROS E MOEDAS MM LP - RESP LTDA,CAIXA JUROS E MOEDAS FUNDO DE INVESTIMENTO EM COTAS DE CLASSE DE FUNDO DE INVESTIMENTO FINANCEIRO MULTIMERCADO LONGO PRAZO - RESPONSABILIDADE LIMITADA,CAIXA FIC FIF JUROS E MOEDAS MM LP - RESP LTDA 5582 14120520000142 14.120.520/0001-42,GERAL,17h00,Não,Não,85.0,AUTOMATICO,"PF, PJ PRIV, PJ PUB","FX, GC, GOV, GR, GV, INST, PJ Atacado, PJ Varejo, RPPS",https://www.caixa.gov.br/Downloads/aplicacao-financeira-qdd/QDD_5582.pdf,,,2012-06-28T00:00:00Z
MULTIMERCADO,FIC FIF CAIXA EXPERT BTG PACTUAL X10 MM LP RESP LTDA,FIC FIF CAIXA EXPERT BTG PACTUAL X10 MM LP RESP LTDA,21/03/2013,"6,87231000","-0,004","0,43","6,85","16,15","128,281",PF,PF | PJ,https://www.caixa.gov.br/fundos-investimento/multimercado/btg-pactual-x10-multimercado-longo-prazo/,Sim,nome_aproximado_0.86,17433039000103,5911,5911,"PF, PJ","PF, PJ",Moderado,CDI,Multimercado,Multimercado,LONGO PRAZO,1.0,2.0,10000.0,100.0,1000.0,100.0,D+0 (du),D+8 (du),D+10 (du),13:00,Sim,Não,Não,Não,"[""Institucional"", ""Pessoa Física"", ""PJ Atacado"", ""PJ Varejo"", ""Private""]","[""Institucional"", ""Pessoa Física"", ""PJ Atacado"", ""PJ Varejo"", ""Private""]",http://www.caixa.gov.br/fundos-investimento/multimercado/btg-pactual-x10-multimercado-longo-prazo/,,https://www.caixa.gov.br/downloads/aplicacao-financeira-regulamentos/RG_5911.pdf,https://www.caixa.gov.br/Downloads/aplicacao-financeira-termos-adesao/TA_5911.pdf,https://www.caixa.gov.br/Downloads/aplicacao-financeira-comunicado-aos-cotistas/FR_5911.pdf,https://www.caixa.gov.br/Downloads/aplicacao-financeira-inf-com/FIC_5911.pdf,,"PESSOAS FÍSICAS E PESSOAS JURÍDICAS, E FUNDOS DE INVESTIMENTO, INVESTIDORES QUALIFICADOS NA FORMA DEFINIDA PELA LEGISLAÇÃO PERTINENTE. A CONTAGEM PARA CONVERSÃO DE COTAS E PAGAMENTO DO RESGATE É FEITA EM DIAS ÚTEIS, CONFORME ESTABELECIDO NO REGULAMENTO DO FUNDO.

",2026-06-30T00:00:00Z,FI657,CAIXA EXPERT BTG PACTUAL X 10 FIC FF MM LP - RESP LTDA,CAIXA EXPERT BTG PACTUAL X 10 FUNDO DE INVESTIMENTO EM COTAS DE CLASSE DE FUNDO DE INVESTIMENTO FINANCEIRO MULTIMERCADO LONGO PRAZO - RESP LIMITADA,CAIXA EXPERT BTG PACTUAL X 10 FIC FF MM LP - RESP LTDA 5911 17433039000103 17.433.039/0001-03,QUALIFICADO,13h00,Não,Não,,NÃO SE APLICA,"PF, PJ PRIV","FX, GC, GR, GV, INST, PJ Atacado, PJ Varejo",,,,2013-03-21T00:00:00Z
MULTIMERCADO,CAIXA FIC FIF EXPERT PIMCO INCOME IE MM LP RESP LTDA,CAIXA FIC FIF EXPERT PIMCO INCOME IE MM LP RESP LTDA,21/08/2023,"1,44667400","-0,003","0,19","5,00","15,10","285,685",PF,PF | PJ,https://www.caixa.gov.br/fundos-investimento/multimercado/caixa-expert-pimco-income-ie-fic-multimercado/Paginas/default.aspx,Sim,nome_exato,51659921000100,7875,7875,"PF, PJ, GOV","PF, PJ, GOV",Arrojado,NÃO SE APLICA,Multimercado,Multimercado,LONGO PRAZO,0.93,1.56,10000.0,100.0,1000.0,0.01,D+1 (du),D+3 (du),D+08 (du),13:00,Sim,Não,Não,Não,"[""GOV"", ""Institucional"", ""Pessoa Física"", ""PJ Atacado"", ""Private"", ""RPPS""]","[""GOV"", ""Institucional"", ""Pessoa Física"", ""PJ Atacado"", ""Private"", ""RPPS""]",https://www.caixa.gov.br/fundos-investimento/multimercado/caixa-fic-expert-pimco-ie-mm,,http://www.caixa.gov.br/downloads/aplicacao-financeira-regulamentos/RG_7875.pdf,http://www.caixa.gov.br/Downloads/aplicacao-financeira-termos-adesao/TA_7875.pdf,,http://www.caixa.gov.br/Downloads/aplicacao-financeira-inf-com/FIC_7875.pdf,,"Campanha ""Mês da Mulher"" de 06/03/2026 a 31/03/2026
Redução de Tickets
Aplicação Inicial:
De: R$ 10.000,00 para R$ 1.000,00
Saldo Mínimo: 
De: R$ 1.000,00 para R$ 100,00",2026-06-30T00:00:00Z,FI657,CAIXA EXPERT PIMCO INCOME IE FIC FIF MM LP - RESP LTDA,CAIXA EXPERT PIMCO INCOME INVESTIMENTO NO EXTERIOR FIC DE CLASSE DE FUNDO DE INVESTIMENTO FINANCEIRO MULTIMERCADO LONGO PRAZO - RESP LIMITADA,CAIXA EXPERT PIMCO INCOME IE FIC FIF MM LP - RESP LTDA 7875 51659921000100 51.659.921/0001-00,GERAL,13h00,Não,Não,,NÃO SE APLICA,"PF, PJ PRIV, PJ PUB","FX, GR, INST, PJ Atacado, RPPS",https://www.caixa.gov.br/Downloads/aplicacao-financeira-qdd/QDD_7875.pdf,,,2023-08-21T00:00:00Z
MULTIMERCADO,CAIXA EXPERT GIANT ZARATHUSTRA FIC MULTIMERCADO - RESP LTDA,CAIXA EXPERT GIANT ZARATHUSTRA FIC MULTIMERCADO - RESP LTDA,12/02/2021,"1,33957600","-0,002","-0,05","4,36","2,71","12,544",PF,PF | PJ,https://www.caixa.gov.br/fundos-investimento/multimercado/expert-giant-zarathustra-fic-multimercado,Sim,nome_aproximado_0.80,40209061000188,6535,6535,"PF, PJ","PF, PJ",Moderado,NÃO SE APLICA,Multimercado,Multimercado,LONGO PRAZO,0.4,0.6,10000.0,100.0,1000.0,100.0,D+0 (du),D+22 (du),D+25 (du),13:00,Sim,Não,Não,Sim,"[""Institucional"", ""Pessoa Física"", ""PJ Atacado"", ""PJ Varejo"", ""Private""]","[""Institucional"", ""Pessoa Física"", ""PJ Atacado"", ""PJ Varejo"", ""Private""]",http://www.caixa.gov.br/fundos-investimento/multimercado/expert-giant-zarathustra-fic-multimercado/Paginas/default.aspx,,https://www.caixa.gov.br/downloads/aplicacao-financeira-regulamentos/RG_6535.pdf,https://www.caixa.gov.br/Downloads/aplicacao-financeira-termos-adesao/TA_6535.pdf,,https://www.caixa.gov.br/Downloads/aplicacao-financeira-inf-com/FIC_6535.pdf,,"Aplicações via IBC a partir de  22/02/2021

",2026-06-30T00:00:00Z,FI657,CAIXA EXPERT GIANT ZARATHUSTRA FIC FIF MM - RESP LTDA,CAIXA EXPERT GIANT ZARATHUSTRA FUNDO DE INVESTIMENTO EM COTAS DE CLASSE DE FUNDO DE INVESTIMENTO FINANCEIRO MULTIMERCADO - RESP LIMITADA,CAIXA EXPERT GIANT ZARATHUSTRA FIC FIF MM - RESP LTDA 6535 40209061000188 40.209.061/0001-88,GERAL,13h00,Não,Não,100.0,AUTOMATICO,"PF, PJ PRIV","FX, GC, GR, GV, INST, PJ Atacado, PJ Varejo",,,,2021-02-12T00:00:00Z
CAMBIAL,CAIXA FIC FIF INDEXA DOLAR CAMBIAL RESP LTDA,CAIXA FIC FIF INDEXA DOLAR CAMBIAL RESP LTDA,27/06/2005,"3,85676300","0,494","-0,17","-4,05","-1,71","96,996",PF,PF,https://www.caixa.gov.br/fundos-investimento/cambiais/fic-cambial-dolar/Paginas/default.aspx,Sim,nome_exato,05114733000170,5403,5403,"PF, PJ, GOV","PF, PJ, GOV",Moderado,PTAX,Cambial,Multimercado,CURTO PRAZO,0.8,0.8,0.01,0.01,0.01,0.01,D+0 (du),D+1 (du),D+01 (du),14:30,Sim,Não,Não,Sim,"[""GOV"", ""Institucional"", ""Pessoa Física"", ""PJ Atacado"", ""PJ Varejo"", ""Private""]","[""GOV"", ""Institucional"", ""Pessoa Física"", ""PJ Atacado"", ""PJ Varejo"", ""Private""]",http://www.caixa.gov.br/fundos-investimento/cambiais/fic-cambial-dolar/Paginas/default.aspx,,https://www.caixa.gov.br/downloads/aplicacao-financeira-regulamentos/RG_5403.pdf,https://www.caixa.gov.br/Downloads/aplicacao-financeira-termos-adesao/TA_5403.pdf,,https://www.caixa.gov.br/Downloads/aplicacao-financeira-inf-com/FIC_5403.pdf,,Este Fundo não está adaptado às normas vigentes para RPPS (Regimes Próprios de Previdência Social).,2026-06-30T00:00:00Z,FI657,CAIXA FIC FIF INDEXA DOLAR CAMBIAL - RESP LTDA,CAIXA INDEXA DOLAR FUNDO DE INVESTIMENTO EM COTAS DE CLASSE DE FUNDO DE INVESTIMENTO FINANCEIRO CAMBIAL - RESPONSABILIDADE LIMITADA,CAIXA FIC FIF INDEXA DOLAR CAMBIAL - RESP LTDA 5403 05114733000170 05.114.733/0001-70,GERAL,14h30,Não,Não,85.0,AUTOMATICO,"PF, PJ PRIV, PJ PUB","FX, GOV, GR, INST, PJ Atacado, PJ Varejo",,,,2005-06-27T00:00:00Z
ACOES,CAIXA FIF AÇÕES DIVIDENDOS RESP LTDA,CAIXA FIF ACOES DIVIDENDOS RESP LTDA,03/10/2003,"6,73101000","0,226","0,04","6,12","19,42","330,654",PF,PF,https://www.caixa.gov.br/fundos-investimento/fundos-de-acoes/fi-acoes-dividendos,Sim,nome_exato,05900798000141,5390,5390,"PF, PJ, GOV","PF, PJ, GOV",Arrojado,IDIV11,Ações,RV - Ações,AÇÕES,1.5,1.5,0.01,0.01,0.01,0.01,D+1 (du),D+1 (du),D+03 (du),17:00,Sim,Não,Não,Sim,"[""GOV"", ""Institucional"", ""Pessoa Física"", ""PJ Atacado"", ""PJ Varejo"", ""Private"", ""RPPS""]","[""GOV"", ""Institucional"", ""Pessoa Física"", ""PJ Atacado"", ""PJ Varejo"", ""Private"", ""RPPS""]",http://www.caixa.gov.br/fundos-investimento/fundos-de-acoes/fi-acoes-dividendos,,https://www.caixa.gov.br/downloads/aplicacao-financeira-regulamentos/RG_5390.pdf,https://www.caixa.gov.br/Downloads/aplicacao-financeira-termos-adesao/TA_5390.pdf,,https://www.caixa.gov.br/Downloads/aplicacao-financeira-inf-com/FIC_5390.pdf,,"A contagem para conversão de cotas e pagamento do resgate é feita em dias úteis, conforme estabelecido no Regulamento do Fundo.",2026-06-30T00:00:00Z,FI657,CAIXA FIF ACOES DIVIDENDOS RESP LTDA,CAIXA DIVIDENDOS FUNDO DE INVESTIMENTO FINANCEIRO EM AÇÕES - RESPONSABILIDADE LIMITADA,CAIXA FIF ACOES DIVIDENDOS RESP LTDA 5390 05900798000141 05.900.798/0001-41,GERAL,17h00,Não,Não,100.0,AUTOMATICO,"PF, PJ PRIV, PJ PUB","FX, GC, GOV, GR, GV, INST, PJ Atacado, PJ Varejo, RPPS",https://www.caixa.gov.br/Downloads/aplicacao-financeira-qdd/QDD_5390.pdf,,,2003-10-03T00:00:00Z
ACOES,CAIXA FIC FIF AÇÕES E-FUNDOS IBOVESPA RESP LTDA,CAIXA FIC FIF ACOES E-FUNDOS IBOVESPA RESP LTDA,05/10/2012,"2,55931100","-0,244","0,00","6,37","22,32","13,119",PF,PF,https://www.caixa.gov.br/fundos-investimento/fundos-de-acoes/fi-acoes-brasil-etf-bovespa/Paginas/default.aspx,Sim,nome_aproximado_0.75,01525057000177,0053,53,"PF, PJ, GOV","PF, PJ, GOV",Arrojado,IBOV,Ações,RV - Ações,AÇÕES,2.0,2.0,0.01,0.01,0.01,0.01,D+1 (du),D+1 (du),D+03 (du),17:00,Sim,Não,Não,Sim,"[""GOV"", ""Institucional"", ""Pessoa Física"", ""PJ Atacado"", ""PJ Varejo"", ""Private"", ""RPPS""]","[""GOV"", ""Institucional"", ""Pessoa Física"", ""PJ Atacado"", ""PJ Varejo"", ""Private"", ""RPPS""]",http://www.caixa.gov.br/fundos-investimento/fundos-de-acoes/fi-acoes-ibovespa,,https://www.caixa.gov.br/downloads/aplicacao-financeira-regulamentos/RG_0053.pdf,https://www.caixa.gov.br/Downloads/aplicacao-financeira-termos-adesao/TA_0053.pdf,https://www.caixa.gov.br/Downloads/aplicacao-financeira-comunicado-aos-cotistas/FR_0053.pdf,https://www.caixa.gov.br/Downloads/aplicacao-financeira-inf-com/FIC_0053.pdf,,"A contagem para conversão de cotas e pagamento do resgate é feita em dias úteis, conforme estabelecido no Regulamento do Fundo.",2026-06-30T00:00:00Z,FI657,CAIXA FIC FIF ACOES IBOVESPA - RESP LTDA,CAIXA IBOVESPA FUNDO DE INVESTIMENTO EM COTAS DE CLASSE DE FUNDO DE INVESTIMENTO FINANCEIRO EM AÇÕES - RESPONSABILIDADE LIMITADA,CAIXA FIC FIF ACOES IBOVESPA - RESP LTDA 0053 01525057000177 01.525.057/0001-77,GERAL,17h00,Não,Não,100.0,AUTOMATICO,"PF, PJ PRIV, PJ PUB","FX, GC, GOV, GR, GV, INST, PJ Atacado, PJ Varejo, RPPS",,,,1997-01-15T00:00:00Z
ACOES,CAIXA ATENA FIC FIF AÇÕES FUNCIONÁRIOS LIVRE QUANT RESP LTDA,CAIXA ATENA FIC FIF ACOES FUNCIONARIOS LIVRE QUANT RESP LTDA,06/07/2020,"1.844,21961300","-0,841","-1,51","-7,09","6,49","9,256",PF,PF,,Sim,nome_aproximado_1.00,35536497000141,6478,6478,PF,PF,Arrojado,IBOV,Ações,RV - Ações,AÇÕES,0.8,,0.01,0.01,0.01,0.01,D+1 (du),D+13 (du),D+15 (du),17:00,Sim,Não,Não,Sim,,,,,https://www.caixa.gov.br/downloads/aplicacao-financeira-regulamentos/RG_6478.pdf,https://www.caixa.gov.br/Downloads/aplicacao-financeira-termos-adesao/TA_6478.pdf,https://www.caixa.gov.br/Downloads/aplicacao-financeira-comunicado-aos-cotistas/FR_6478.pdf,https://www.caixa.gov.br/Downloads/aplicacao-financeira-inf-com/FIC_6478.pdf,,"*Fundo aberto para aplicação à partir de 02/05/2024.

Fundo destinado a Funcionários e aposentados da Caixa Econômica Federal. Disponível para aplicação somente via conta corrente marcada como conta-salário empregado CAIXA.",2026-06-30T00:00:00Z,FI657,CAIXA ATENA FIC FIF ACOES FUNCIONARIOS ACOES LIVRE QUANT RESP LTDA,CAIXA ATENA FUNCIONÁRIOS AÇÕES LIVRE QUANT FUNDO DE INVESTIMENTO EM COTAS DE CLASSE DE FUNDO DE INVESTIMENTO FINANCEIRO EM AÇÕES - RESP LIMITADA,CAIXA ATENA FIC FIF ACOES FUNCIONARIOS ACOES LIVRE QUANT RESP LTDA 6478 35536497000141 35.536.497/0001-41,GERAL,17h00,Não,Não,100.0,AUTOMATICO,PF,,,,,2020-07-06T00:00:00Z
ACOES,CAIXA FIF AÇÕES BDR NÍVEL I RESP LTDA,CAIXA FIF ACOES BDR NIVEL I RESP LTDA,24/06/2013,"10,13722600","-0,428","-0,47","2,37","17,92","277,173",PF,PF,https://www.caixa.gov.br/fundos-investimento/fundos-de-acoes/fi-acoes-bdr-nivel-1,Sim,nome_exato,17503172000180,5928,5928,"PF, PJ","PF, PJ",Arrojado,BDRX11,Ações,RV - Ações,AÇÕES,1.5,1.5,0.01,0.01,0.01,0.01,D+1 (du),D+1 (du),D+03 (du),17:00,Sim,Não,Não,Sim,"[""Institucional"", ""Pessoa Física"", ""PJ Atacado"", ""PJ Varejo"", ""Private""]","[""Institucional"", ""Pessoa Física"", ""PJ Atacado"", ""PJ Varejo"", ""Private""]",http://www.caixa.gov.br/fundos-investimento/fundos-de-acoes/fi-acoes-bdr-nivel-1,,https://www.caixa.gov.br/downloads/aplicacao-financeira-regulamentos/RG_5928.pdf,https://www.caixa.gov.br/Downloads/aplicacao-financeira-termos-adesao/TA_5928.pdf,,https://www.caixa.gov.br/Downloads/aplicacao-financeira-inf-com/FIC_5928.pdf,,"A contagem para conversão de cotas e pagamento do resgate é feita em dias úteis, conforme estabelecido no Regulamento do Fundo. Este Fundo não está adaptado às normas vigentes para RPPS (Regimes Próprios de Previdência Social).",2026-06-30T00:00:00Z,FI657,CAIXA FIF ACOES BDR NIVEL I - RESP LTDA,CAIXA BDR NÍVEL I FUNDO DE INVESTIMENTO FINANCEIRO EM AÇÕES - RESPONSABILIDADE LIMITADA,CAIXA FIF ACOES BDR NIVEL I - RESP LTDA 5928 17503172000180 17.503.172/0001-80,GERAL,17h00,Não,Não,100.0,AUTOMATICO,"PF, PJ PRIV","FX, GC, GR, GV, INST, PJ Atacado, PJ Varejo",,,,2013-06-24T00:00:00Z
ACOES,CAIXA FIF AÇÕES SMALL CAPS ATIVO RESP LTDA,CAIXA FIF ACOES SMALL CAPS ATIVO RESP LTDA,01/11/2012,"1,42433300","-1,330","-1,57","-6,56","-2,52","430,541",PF,PF,https://www.caixa.gov.br/fundos-investimento/fundos-de-acoes/fi-acoes-small-caps-ativo,Sim,nome_exato,15154220000147,5841,5841,"PF, PJ, GOV","PF, PJ, GOV",Arrojado,SMLL,Ações,RV - Ações,AÇÕES,1.5,1.5,0.01,0.01,0.01,0.01,D+1 (du),D+1 (du),D+03 (du),17:00,Sim,Não,Não,Sim,"[""GOV"", ""Institucional"", ""Pessoa Física"", ""PJ Atacado"", ""PJ Varejo"", ""Private"", ""RPPS""]","[""GOV"", ""Institucional"", ""Pessoa Física"", ""PJ Atacado"", ""PJ Varejo"", ""Private"", ""RPPS""]",http://www.caixa.gov.br/fundos-investimento/fundos-de-acoes/fi-acoes-small-caps-ativo,,https://www.caixa.gov.br/downloads/aplicacao-financeira-regulamentos/RG_5841.pdf,https://www.caixa.gov.br/Downloads/aplicacao-financeira-termos-adesao/TA_5841.pdf,https://www.caixa.gov.br/Downloads/aplicacao-financeira-comunicado-aos-cotistas/FR_5841.pdf,https://www.caixa.gov.br/Downloads/aplicacao-financeira-inf-com/FIC_5841.pdf,,"A contagem para conversão de cotas e pagamento do resgate é feita em dias úteis, conforme estabelecido no Regulamento do Fundo.",2026-06-30T00:00:00Z,FI657,CAIXA FIF ACOES SMALL CAPS ATIVO RESP LTDA,CAIXA SMALL CAPS ATIVO FUNDO DE INVESTIMENTO FINANCEIRO EM AÇÕES - RESPONSABILIDADE LIMITADA,CAIXA FIF ACOES SMALL CAPS ATIVO RESP LTDA 5841 15154220000147 15.154.220/0001-47,GERAL,17h00,Não,Não,100.0,AUTOMATICO,"PF, PJ PRIV, PJ PUB","FX, GC, GR, GV, INST, PJ Atacado, PJ Varejo, RPPS",https://www.caixa.gov.br/Downloads/aplicacao-financeira-qdd/QDD_5841.pdf,,,2012-11-01T00:00:00Z
ACOES,CAIXA FIF AÇÕES CONSUMO RESP LTDA,CAIXA FIF ACOES CONSUMO RESP LTDA,26/04/2012,"1,06227100","-1,526","-3,04","-8,73","-3,73","54,404",PF,PF,https://www.caixa.gov.br/fundos-investimento/fundos-de-acoes/fi-acoes-consumo,Sim,nome_exato,10577512000179,5567,5567,"PF, PJ, GOV","PF, PJ, GOV",Arrojado,ICON11,Ações,RV - Ações,AÇÕES,1.6,1.6,0.01,0.01,0.01,0.01,D+1 (du),D+1 (du),D+03 (du),17:00,Sim,Não,Não,Sim,"[""GOV"", ""Institucional"", ""Pessoa Física"", ""PJ Atacado"", ""PJ Varejo"", ""Private"", ""RPPS""]","[""GOV"", ""Institucional"", ""Pessoa Física"", ""PJ Atacado"", ""PJ Varejo"", ""Private"", ""RPPS""]",http://www.caixa.gov.br/fundos-investimento/fundos-de-acoes/fi-acoes-consumo,,https://www.caixa.gov.br/downloads/aplicacao-financeira-regulamentos/RG_5567.pdf,https://www.caixa.gov.br/Downloads/aplicacao-financeira-termos-adesao/TA_5567.pdf,,https://www.caixa.gov.br/Downloads/aplicacao-financeira-inf-com/FIC_5567.pdf,,"A contagem para conversão de cotas e pagamento do resgate é feita em dias úteis, conforme estabelecido no Regulamento do Fundo.",2026-06-30T00:00:00Z,FI657,CAIXA FIF ACOES CONSUMO RESP LTDA,CAIXA CONSUMO FUNDO DE INVESTIMENTO FINANCEIRO EM AÇÕES - RESPONSABILIDADE LIMITADA,CAIXA FIF ACOES CONSUMO RESP LTDA 5567 10577512000179 10.577.512/0001-79,GERAL,17h00,Não,Não,100.0,AUTOMATICO,"PF, PJ PRIV, PJ PUB","FX, GC, GOV, GR, GV, INST, PJ Atacado, PJ Varejo, RPPS",https://www.caixa.gov.br/Downloads/aplicacao-financeira-qdd/QDD_5567.pdf,,,2012-04-26T00:00:00Z
ACOES,CAIXA FIF ACOES SUSTENTABILIDADE EMPRESARIAL ISE - IS RESP LTDA,CAIXA FIF ACOES SUSTENTABILIDADE EMPRESARIAL ISE - IS RESP LTDA,05/11/2007,"1,70310200","-0,443","-0,56","-0,08","7,84","2,102",PF,PF,https://www.caixa.gov.br/fundos-investimento/fundos-de-acoes/fi-acoes-ise,Sim,nome_aproximado_0.67,08070838000163,5395,5395,"PF, PJ, GOV","PF, PJ, GOV",Arrojado,ISE,Ações,RV - Ações,AÇÕES,0.8,0.8,0.01,0.01,0.01,0.01,D+1 (du),D+1 (du),D+03 (du),17:00,Sim,Sim,Não,Sim,"[""GOV"", ""Institucional"", ""Pessoa Física"", ""PJ Atacado"", ""PJ Varejo"", ""Private"", ""RPPS""]","[""GOV"", ""Institucional"", ""Pessoa Física"", ""PJ Atacado"", ""PJ Varejo"", ""Private"", ""RPPS""]",https://www.caixa.gov.br/fundos-investimento/fundos-de-acoes/fi-acoes-ise,,https://www.caixa.gov.br/downloads/aplicacao-financeira-regulamentos/RG_5395.pdf,https://www.caixa.gov.br/Downloads/aplicacao-financeira-termos-adesao/TA_5395.pdf,https://www.caixa.gov.br/Downloads/aplicacao-financeira-comunicado-aos-cotistas/FR_5395.pdf,https://www.caixa.gov.br/Downloads/aplicacao-financeira-inf-com/FIC_5395.pdf,,"					
Nome alterado de CAIXA FI ACOES INDEXA - ISE para CAIXA FIA SUSTENTABILIDADE EMPRESARIAL ISE - IS em 02/02/2024, conforme aprovado em Assembleia Geral de Cotistas.
",2026-06-30T00:00:00Z,FI657,CAIXA FIF ACOES SUSTENTABILIDADE EMPRESARIAL ISE-IS RESP LTDA,CAIXA SUSTENTABILIDADE EMPRESARIAL ISE - IS FUNDO DE INVESTIMENTO FINANCEIRO EM AÇÕES - RESPONSABILIDADE LIMITADA,CAIXA FIF ACOES SUSTENTABILIDADE EMPRESARIAL ISE-IS RESP LTDA 5395 08070838000163 08.070.838/0001-63,GERAL,17h00,Não,Não,100.0,AUTOMATICO,"PF, PJ PRIV, PJ PUB","FX, GOV, GR, INST, PJ Atacado, PJ Varejo, RPPS",https://www.caixa.gov.br/Downloads/aplicacao-financeira-qdd/QDD_5395.pdf,,,2007-11-05T00:00:00Z
ACOES,CAIXA FIF ACOES PETROBRAS PLUS RESP LTDA,CAIXA FIF ACOES PETROBRAS PLUS RESP LTDA,28/06/2019,"4,21222800","2,597","2,74","33,75","30,11","70,094",PF,PF,https://www.caixa.gov.br/fundos-investimento/fundos-de-acoes/fia-caixa-petrobras-plus/Paginas/default.aspx,Sim,nome_exato,30068205000170,6420,6420,"PF, PJ","PF, PJ",Arrojado,PETR3,Ações,RV - Ações,AÇÕES,1.5,,0.01,0.01,0.01,0.01,D+1 (du),D+1 (du),D+03 (du),17:00,Não,Não,Não,Sim,"[""Institucional"", ""Pessoa Física"", ""PJ Atacado"", ""PJ Varejo"", ""Private""]","[""Institucional"", ""Pessoa Física"", ""PJ Atacado"", ""PJ Varejo"", ""Private""]",http://www.caixa.gov.br/fundos-investimento/fundos-de-acoes/fia-caixa-petrobras-plus/Paginas/default.aspx,,https://www.caixa.gov.br/downloads/aplicacao-financeira-regulamentos/RG_6420.pdf,https://www.caixa.gov.br/Downloads/aplicacao-financeira-termos-adesao/TA_6420.pdf,https://www.caixa.gov.br/Downloads/aplicacao-financeira-comunicado-aos-cotistas/FR_6420.pdf,https://www.caixa.gov.br/Downloads/aplicacao-financeira-inf-com/FIC_6420.pdf,,Fundo fechaco para novas aplicações a partir de 28/02/2023.,2026-06-30T00:00:00Z,FI657,CAIXA FIF ACOES PETROBRAS PLUS RESP LTDA,CAIXA PETROBRAS PLUS FUNDO DE INVESTIMENTO FINANCEIRO EM AÇÕES - RESPONSABILIDADE LIMITADA,CAIXA FIF ACOES PETROBRAS PLUS RESP LTDA 6420 30068205000170 30.068.205/0001-70,GERAL,17h00,Não,Não,100.0,AUTOMATICO,"PF, PJ PRIV","FX, GC, GR, GV, INST, PJ Atacado, PJ Varejo",,,,2019-06-28T00:00:00Z
ACOES,CAIXA FIC FIF AÇÕES IBOVESPA RESP LTDA,CAIXA FIC FIF ACOES IBOVESPA RESP LTDA,15/01/1997,"8,56654800","-0,249","-0,02","5,80","21,01","85,235",PF,PF,https://www.caixa.gov.br/fundos-investimento/fundos-de-acoes/fi-acoes-ibovespa,Sim,nome_exato,01525057000177,0053,53,"PF, PJ, GOV","PF, PJ, GOV",Arrojado,IBOV,Ações,RV - Ações,AÇÕES,2.0,2.0,0.01,0.01,0.01,0.01,D+1 (du),D+1 (du),D+03 (du),17:00,Sim,Não,Não,Sim,"[""GOV"", ""Institucional"", ""Pessoa Física"", ""PJ Atacado"", ""PJ Varejo"", ""Private"", ""RPPS""]","[""GOV"", ""Institucional"", ""Pessoa Física"", ""PJ Atacado"", ""PJ Varejo"", ""Private"", ""RPPS""]",http://www.caixa.gov.br/fundos-investimento/fundos-de-acoes/fi-acoes-ibovespa,,https://www.caixa.gov.br/downloads/aplicacao-financeira-regulamentos/RG_0053.pdf,https://www.caixa.gov.br/Downloads/aplicacao-financeira-termos-adesao/TA_0053.pdf,https://www.caixa.gov.br/Downloads/aplicacao-financeira-comunicado-aos-cotistas/FR_0053.pdf,https://www.caixa.gov.br/Downloads/aplicacao-financeira-inf-com/FIC_0053.pdf,,"A contagem para conversão de cotas e pagamento do resgate é feita em dias úteis, conforme estabelecido no Regulamento do Fundo.",2026-06-30T00:00:00Z,FI657,CAIXA FIC FIF ACOES IBOVESPA - RESP LTDA,CAIXA IBOVESPA FUNDO DE INVESTIMENTO EM COTAS DE CLASSE DE FUNDO DE INVESTIMENTO FINANCEIRO EM AÇÕES - RESPONSABILIDADE LIMITADA,CAIXA FIC FIF ACOES IBOVESPA - RESP LTDA 0053 01525057000177 01.525.057/0001-77,GERAL,17h00,Não,Não,100.0,AUTOMATICO,"PF, PJ PRIV, PJ PUB","FX, GC, GOV, GR, GV, INST, PJ Atacado, PJ Varejo, RPPS",,,,1997-01-15T00:00:00Z
ACOES,CAIXA FIC FIF AÇÕES MULTIGESTOR RESP LTDA,CAIXA FIC FIF ACOES MULTIGESTOR RESP LTDA,25/06/2019,"1,25970400","-0,013","0,22","-2,12","6,66","284,472",PF,PF,https://www.caixa.gov.br/fundos-investimento/fundos-de-acoes/fic-fia-multigestor/Paginas/default.aspx,Sim,nome_aproximado_1.00,30068224000104,6421,6421,"PF, PJ, GOV","PF, PJ, GOV",Arrojado,IBOV,Ações,RV - Ações,AÇÕES,1.5,,0.01,0.01,0.01,0.01,D+1 (du),D+23 (du),D+25 (du),13:00,Sim,Não,Não,Sim,"[""GOV"", ""Institucional"", ""Pessoa Física"", ""PJ Atacado"", ""PJ Varejo"", ""Private"", ""RPPS""]","[""GOV"", ""Institucional"", ""Pessoa Física"", ""PJ Atacado"", ""PJ Varejo"", ""Private"", ""RPPS""]",http://www.caixa.gov.br/fundos-investimento/fundos-de-acoes/fic-fia-multigestor/Paginas/default.aspx,,https://www.caixa.gov.br/downloads/aplicacao-financeira-regulamentos/RG_6421.pdf,https://www.caixa.gov.br/Downloads/aplicacao-financeira-termos-adesao/TA_6421.pdf,,https://www.caixa.gov.br/Downloads/aplicacao-financeira-inf-com/FIC_6421.pdf,,"A contagem para conversão de cotas e pagamento do resgate é feita em dias úteis, conforme estabelecido no Regulamento do Fundo. Este Fundo está adaptado às normas vigentes para RPPS (Regimes Próprios de Previdência Social).",2026-06-30T00:00:00Z,FI657,CAIXA FIC FIF ACOES ACOES MULTIGESTOR RESP LTDA,CAIXA AÇÕES MULTIGESTOR FUNDO DE INVESTIMENTO EM COTAS DE CLASSE DE FUNDO DE INVESTIMENTO FINANCEIRO EM AÇÕES - RESPONSABILIDADE LIMITADA,CAIXA FIC FIF ACOES ACOES MULTIGESTOR RESP LTDA 6421 30068224000104 30.068.224/0001-04,GERAL,13h00,Não,Não,100.0,AUTOMATICO,"PF, PJ PRIV, PJ PUB","FX, GC, GOV, GR, GV, INST, PJ Atacado, PJ Varejo, RPPS",https://www.caixa.gov.br/Downloads/aplicacao-financeira-qdd/QDD_6421.pdf,,,2019-06-25T00:00:00Z
ACOES,CAIXA FIF AÇÕES CONSTRUÇÃO CIVIL RESP LTDA,CAIXA FIF ACOES CONSTRUCAO CIVIL RESP LTDA,22/06/2009,"1,83353100","-3,187","-4,33","-3,57","13,83","111,122",PF,PF,https://www.caixa.gov.br/fundos-investimento/fundos-de-acoes/fi-acoes-construcao-civil,Sim,nome_exato,10551375000101,5397,5397,"PF, PJ, GOV","PF, PJ, GOV",Arrojado,IMOB-IMOBILIÁRIO,Ações,RV - Ações,AÇÕES,2.0,2.0,0.01,0.01,0.01,0.01,D+1 (du),D+1 (du),D+03 (du),17:00,Sim,Não,Não,Sim,"[""GOV"", ""Institucional"", ""Pessoa Física"", ""PJ Atacado"", ""PJ Varejo"", ""Private"", ""RPPS""]","[""GOV"", ""Institucional"", ""Pessoa Física"", ""PJ Atacado"", ""PJ Varejo"", ""Private"", ""RPPS""]",http://www.caixa.gov.br/fundos-investimento/fundos-de-acoes/fi-acoes-construcao-civil,,https://www.caixa.gov.br/downloads/aplicacao-financeira-regulamentos/RG_5397.pdf,https://www.caixa.gov.br/Downloads/aplicacao-financeira-termos-adesao/TA_5397.pdf,,https://www.caixa.gov.br/Downloads/aplicacao-financeira-inf-com/FIC_5397.pdf,,"A contagem para conversão de cotas e pagamento do resgate é feita em dias úteis, conforme estabelecido no Regulamento do Fundo.",2026-06-30T00:00:00Z,FI657,CAIXA FIF ACOES CONSTRUCAO CIVIL RESP LTDA,CAIXA CONSTRUÇÃO CIVIL FUNDO DE INVESTIMENTO FINANCEIRO EM AÇÕES – RESPONSABILIDADE LIMITADA,CAIXA FIF ACOES CONSTRUCAO CIVIL RESP LTDA 5397 10551375000101 10.551.375/0001-01,GERAL,17h00,Não,Não,100.0,AUTOMATICO,"PF, PJ PRIV, PJ PUB","FX, GC, GOV, GR, GV, INST, PJ Atacado, PJ Varejo, RPPS",https://www.caixa.gov.br/Downloads/aplicacao-financeira-qdd/QDD_5397.pdf,,,2009-06-22T00:00:00Z
ACOES,CAIXA FIF AÇÕES INFRAESTRUTURA RESP LTDA,CAIXA FIF ACOES INFRAESTRUTURA RESP LTDA,19/04/2010,"2,84450300","0,213","0,16","4,36","14,59","123,200",PF,PF,https://www.caixa.gov.br/fundos-investimento/fundos-de-acoes/fi-acoes-infraestrutura,Sim,nome_exato,10551382000103,5398,5398,"PF, PJ, GOV","PF, PJ, GOV",Arrojado,IBOV,Ações,RV - Ações,AÇÕES,2.0,2.0,0.01,0.01,0.01,0.01,D+1 (du),D+1 (du),D+03 (du),17:00,Sim,Não,Não,Sim,"[""GOV"", ""Institucional"", ""Pessoa Física"", ""PJ Atacado"", ""PJ Varejo"", ""Private"", ""RPPS""]","[""GOV"", ""Institucional"", ""Pessoa Física"", ""PJ Atacado"", ""PJ Varejo"", ""Private"", ""RPPS""]",http://www.caixa.gov.br/fundos-investimento/fundos-de-acoes/fi-acoes-infraestrutura,,https://www.caixa.gov.br/downloads/aplicacao-financeira-regulamentos/RG_5398.pdf,https://www.caixa.gov.br/Downloads/aplicacao-financeira-termos-adesao/TA_5398.pdf,https://www.caixa.gov.br/Downloads/aplicacao-financeira-comunicado-aos-cotistas/FR_5398.pdf,https://www.caixa.gov.br/Downloads/aplicacao-financeira-inf-com/FIC_5398.pdf,,"A contagem para conversão de cotas e pagamento do resgate é feita em dias úteis, conforme estabelecido no Regulamento do Fundo.",2026-06-30T00:00:00Z,FI657,CAIXA FIF ACOES INFRAESTRUTURA RESP LTDA,CAIXA INFRAESTRUTURA FUNDO DE INVESTIMENTO FINANCEIRO EM AÇÕES - RESPONSABILIDADE LIMITADA,CAIXA FIF ACOES INFRAESTRUTURA RESP LTDA 5398 10551382000103 10.551.382/0001-03,GERAL,17h00,Não,Não,100.0,AUTOMATICO,"PF, PJ PRIV, PJ PUB","FX, GC, GOV, GR, GV, INST, PJ Atacado, PJ Varejo, RPPS",https://www.caixa.gov.br/Downloads/aplicacao-financeira-qdd/QDD_5398.pdf,,,2010-04-19T00:00:00Z
ACOES,CAIXA ATENA FIC FIF AÇÕES LIVRE QUANT RESP LTDA,CAIXA ATENA FIC FIF ACOES LIVRE QUANT RESP LTDA,31/07/2019,"1,79048800","-0,843","-1,53","-7,59","5,29","47,116",PF,PF,http://www.caixa.gov.br/fundos-investimento/fundos-de-acoes/FIC-FIA-acoes-livres/Paginas/default.aspx,Sim,nome_exato,22791154000181,5978,5978,"PF, PJ","PF, PJ",Arrojado,IBOV,Ações,RV - Ações,AÇÕES,2.0,2.0,0.01,0.01,0.01,0.01,D+1 (du),D+13 (du),D+15 (du),17:00,Sim,Não,Não,Sim,"[""Institucional"", ""Pessoa Física"", ""PJ Atacado"", ""PJ Varejo"", ""Private""]","[""Institucional"", ""Pessoa Física"", ""PJ Atacado"", ""PJ Varejo"", ""Private""]",http://www.caixa.gov.br/fundos-investimento/fundos-de-acoes/FIC-FIA-acoes-livres/Paginas/default.aspx,,https://www.caixa.gov.br/downloads/aplicacao-financeira-regulamentos/RG_5978.pdf,https://www.caixa.gov.br/Downloads/aplicacao-financeira-termos-adesao/TA_5978.pdf,https://www.caixa.gov.br/Downloads/aplicacao-financeira-comunicado-aos-cotistas/FR_5978.pdf,https://www.caixa.gov.br/Downloads/aplicacao-financeira-inf-com/FIC_5978.pdf,,Fundo aberto para aplicações a partir de 20/05/2025 inclusive,2026-06-30T00:00:00Z,FI657,CAIXA ATENA FIC FIF ACOES LIVRE QUANT RESP LTDA,CAIXA ATENA AÇÕES LIVRE QUANT FUNDO DE INVESTIMENTO EM COTAS DE CLASSE DE FUNDO DE INVESTIMENTO FINANCEIRO EM AÇÕES - RESPONSABILIDADE LIMITADA,CAIXA ATENA FIC FIF ACOES LIVRE QUANT RESP LTDA 5978 22791154000181 22.791.154/0001-81,GERAL,17h00,Não,Não,100.0,AUTOMATICO,"PF, PJ PRIV","FX, GC, GOV, GR, GV, INST, PJ Atacado, PJ Varejo",,https://web.microsoftstream.com/video/c97500d6-f87e-4c24-a7f6-50fa0a703f14?channelId=772517ff-88ae-4298-88f2-3ed5a5893c3e,,2019-07-31T00:00:00Z
ACOES,CAIXA FIF AÇÕES PETROBRAS PRÉ-SAL RESP LTDA,CAIXA FIF ACOES PETROBRAS PRE-SAL RESP LTDA,28/09/2010,"5,98496200","1,735","1,64","27,60","28,88","106,031",PF,PF,https://www.caixa.gov.br/fundos-investimento/fundos-de-acoes/fi-acoes-petrobras-pre-sal,Sim,nome_exato,11060594000142,5420,5420,"PF, PJ, GOV","PF, PJ, GOV",Arrojado,PETR4,Ações,RV - Ações,AÇÕES,0.5,0.5,0.01,0.01,0.01,0.01,D+1 (du),D+1 (du),D+03 (du),17:00,Sim,Não,Não,Sim,"[""GOV"", ""Institucional"", ""Pessoa Física"", ""PJ Atacado"", ""PJ Varejo"", ""Private"", ""RPPS""]","[""GOV"", ""Institucional"", ""Pessoa Física"", ""PJ Atacado"", ""PJ Varejo"", ""Private"", ""RPPS""]",http://www.caixa.gov.br/fundos-investimento/fundos-de-acoes/fi-acoes-petrobras-pre-sal,,https://www.caixa.gov.br/downloads/aplicacao-financeira-regulamentos/RG_5420.pdf,https://www.caixa.gov.br/Downloads/aplicacao-financeira-termos-adesao/TA_5420.pdf,https://www.caixa.gov.br/Downloads/aplicacao-financeira-comunicado-aos-cotistas/FR_5420.pdf,https://www.caixa.gov.br/Downloads/aplicacao-financeira-inf-com/FIC_5420.pdf,,"A contagem para conversão de cotas e pagamento do resgate é feita em dias úteis, conforme estabelecido no Regulamento do Fundo.",2026-06-30T00:00:00Z,FI657,CAIXA FIF ACOES PETROBRAS PRE-SAL RESP LTDA,CAIXA PETROBRAS PRÉ-SAL FUNDO DE INVESTIMENTO FINANCEIRO EM AÇÕES - RESPONSABILIDADE LIMITADA,CAIXA FIF ACOES PETROBRAS PRE-SAL RESP LTDA 5420 11060594000142 11.060.594/0001-42,GERAL,17h00,Não,Não,100.0,AUTOMATICO,"PF, PJ PRIV, PJ PUB","FX, GC, GOV, GR, GV, INST, PJ Atacado, PJ Varejo, RPPS",https://www.caixa.gov.br/Downloads/aplicacao-financeira-qdd/QDD_5420.pdf,,,2010-09-28T00:00:00Z
ACOES,CAIXA FIF ACOES BANCO DO BRASIL PLUS RESP LTDA,CAIXA FIF ACOES BANCO DO BRASIL PLUS RESP LTDA,23/10/2019,"1.244,67686200","-0,207","-0,92","-8,94","-9,69","40,852",PF,PF,https://www.caixa.gov.br/fundos-investimento/fundos-de-acoes/Caixa-FI-Acoes-Banco-do-Brasil-Plus/Paginas/default.aspx,Sim,nome_exato,30068271000140,6447,6447,"PF, PJ, GOV","PF, PJ, GOV",Arrojado,IBOV,Ações,RV - Ações,AÇÕES,1.5,,0.01,0.01,0.01,0.01,D+1 (du),D+1 (du),D+03 (du),17:00,Sim,Não,Não,Sim,"[""GOV"", ""Institucional"", ""Pessoa Física"", ""PJ Atacado"", ""PJ Varejo"", ""Private"", ""RPPS""]","[""GOV"", ""Institucional"", ""Pessoa Física"", ""PJ Atacado"", ""PJ Varejo"", ""Private"", ""RPPS""]",http://www.caixa.gov.br/fundos-investimento/fundos-de-acoes/Caixa-FI-Acoes-Banco-do-Brasil-Plus/Paginas/default.aspx,,https://www.caixa.gov.br/downloads/aplicacao-financeira-regulamentos/RG_6447.pdf,https://www.caixa.gov.br/Downloads/aplicacao-financeira-termos-adesao/TA_6447.pdf,,https://www.caixa.gov.br/Downloads/aplicacao-financeira-inf-com/FIC_6447.pdf,,"Pessoas Físicas, Pessoas Jurídicas e Regimes Próprios de Previdência Social (RPPS) que atendam aos critérios de qualificação definidos no Regulamento, residentes e/ou com sede no Brasil.",2026-06-30T00:00:00Z,FI657,CAIXA FIF ACOES BANCO DO BRASIL PLUS RESP LTDA,CAIXA BANCO DO BRASIL PLUS FUNDO DE INVESTIMENTO FINANCEIRO EM AÇÕES - RESPONSABILIDADE LIMITADA,CAIXA FIF ACOES BANCO DO BRASIL PLUS RESP LTDA 6447 30068271000140 30.068.271/0001-40,GERAL,17h00,Não,Não,100.0,AUTOMATICO,"PF, PJ PRIV, PJ PUB","FX, GC, GOV, GR, GV, INST, PJ Atacado, PJ Varejo, RPPS",,,,2019-10-23T00:00:00Z
ACOES,CAIXA FIF AÇÕES VALE DO RIO DOCE RESP LTDA,CAIXA FIF ACOES VALE DO RIO DOCE RESP LTDA,20/02/2002,"36,00682800","-2,041","-2,18","4,22","48,15","603,000",PF,PF,https://www.caixa.gov.br/fundos-investimento/fundos-de-acoes/fi-acoes-vale-rio-doce,Sim,nome_exato,04885820000169,5301,5301,"PF, PJ, GOV","PF, PJ, GOV",Arrojado,VALE3,Ações,RV - Ações,AÇÕES,2.0,2.0,0.01,0.01,0.01,0.01,D+1 (du),D+1 (du),D+03 (du),17:00,Sim,Não,Não,Sim,"[""GOV"", ""Institucional"", ""Pessoa Física"", ""PJ Atacado"", ""PJ Varejo"", ""Private"", ""RPPS""]","[""GOV"", ""Institucional"", ""Pessoa Física"", ""PJ Atacado"", ""PJ Varejo"", ""Private"", ""RPPS""]",http://www.caixa.gov.br/fundos-investimento/fundos-de-acoes/fi-acoes-vale-rio-doce,,http://www.caixa.gov.br/downloads/aplicacao-financeira-regulamentos/RG_5301.pdf,https://www.caixa.gov.br/Downloads/aplicacao-financeira-termos-adesao/TA_5301.pdf,https://www.caixa.gov.br/Downloads/aplicacao-financeira-comunicado-aos-cotistas/FR_5301.pdf,https://www.caixa.gov.br/Downloads/aplicacao-financeira-inf-com/FIC_5301.pdf,,"A contagem para conversão de cotas e pagamento do resgate é feita em dias úteis, conforme estabelecido no Regulamento do Fundo.",2026-06-30T00:00:00Z,FI657,CAIXA FIF ACOES VALE DO RIO DOCE RESP LTDA,CAIXA VALE DO RIO DOCE FUNDO DE INVESTIMENTO FINANCEIRO EM AÇÕES - RESPONSABILIDADE LIMITADA,CAIXA FIF ACOES VALE DO RIO DOCE RESP LTDA 5301 04885820000169 04.885.820/0001-69,GERAL,17h00,Não,Não,100.0,AUTOMATICO,"PF, PJ PRIV, PJ PUB","FX, GC, GOV, GR, GV, INST, PJ Atacado, PJ Varejo, RPPS",https://www.caixa.gov.br/Downloads/aplicacao-financeira-qdd/QDD_5301.pdf,,,2002-02-20T00:00:00Z
ACOES,CAIXA FIF ACOES SEGURIDADE RESP LTDA,CAIXA FIF ACOES SEGURIDADE RESP LTDA,03/05/2021,"3,16403300","1,501","5,96","30,61","54,45","515,172",PF,PF,https://www.caixa.gov.br/fundos-investimento/fundos-de-acoes/fia-caixa-seguridade/Paginas/default.aspx,Sim,nome_aproximado_1.00,30068049000147,6499,6499,"PF, PJ, GOV","PF, PJ, GOV",Arrojado,IBOV,Ações,RV - Ações,AÇÕES,0.2,,0.01,0.01,0.01,0.01,D+1 (du),D+1 (du),D+03 (du),17:00,Sim,Não,Não,Sim,"[""GOV"", ""Institucional"", ""Pessoa Física"", ""PJ Atacado"", ""PJ Varejo"", ""Private""]","[""GOV"", ""Institucional"", ""Pessoa Física"", ""PJ Atacado"", ""PJ Varejo"", ""Private""]",https://www.caixa.gov.br/fundos-investimento/fundos-de-acoes/fia-caixa-seguridade/Paginas/default.aspx,,https://www.caixa.gov.br/downloads/aplicacao-financeira-regulamentos/RG_6499.pdf,https://www.caixa.gov.br/Downloads/aplicacao-financeira-termos-adesao/TA_6499.pdf,,https://www.caixa.gov.br/Downloads/aplicacao-financeira-inf-com/FIC_6499.pdf,,"Canal de distribuição: Rede CAIXA, IBC. A reserva inicial, no âmbito da OFERTA, será feita por meio do Home Broker CAIXA. Resgates: Lock up de 45 dias. Inicio dia 30/04/2021 - Termino 13/06/2021. Liberado resgate a partir do dia 14/06/2021 (segunda-feira).",2026-06-30T00:00:00Z,FI657,CAIXA FIF ACOES CAIXA SEGURIDADE RESP LTDA,CAIXA SEGURIDADE FUNDO DE INVESTIMENTO FINANCEIRO EM AÇÕES - RESPONSABILIDADE LIMITADA,CAIXA FIF ACOES CAIXA SEGURIDADE RESP LTDA 6499 30068049000147 30.068.049/0001-47,GERAL,17h00,Não,Não,100.0,AUTOMATICO,"PF, PJ PRIV, PJ PUB","FX, GC, GR, INST, PJ Atacado, PJ Varejo",https://www.caixa.gov.br/Downloads/aplicacao-financeira-qdd/QDD_6499.pdf,,,2021-04-30T00:00:00Z
ACOES,CAIXA FIF AÇÕES IBRX ATIVO RESP LTDA,CAIXA FIF ACOES IBRX ATIVO RESP LTDA,12/09/2005,"4,75985400","-1,069","-0,47","6,06","22,57","23,190",PF,PF,https://www.caixa.gov.br/fundos-investimento/fundos-de-acoes/fi-acoes-ibrx-ativo,Sim,nome_exato,05164370000188,5392,5392,"PF, PJ, GOV","PF, PJ, GOV",Arrojado,IBX,Ações,RV - Ações,AÇÕES,1.5,1.5,0.01,0.01,0.01,0.01,D+1 (du),D+1 (du),D+03 (du),17:00,Sim,Não,Não,Sim,"[""GOV"", ""Institucional"", ""Pessoa Física"", ""PJ Atacado"", ""PJ Varejo"", ""Private"", ""RPPS""]","[""GOV"", ""Institucional"", ""Pessoa Física"", ""PJ Atacado"", ""PJ Varejo"", ""Private"", ""RPPS""]",http://www.caixa.gov.br/fundos-investimento/fundos-de-acoes/fi-acoes-ibrx-ativo,,https://www.caixa.gov.br/downloads/aplicacao-financeira-regulamentos/RG_5392.pdf,https://www.caixa.gov.br/Downloads/aplicacao-financeira-termos-adesao/TA_5392.pdf,https://www.caixa.gov.br/Downloads/aplicacao-financeira-comunicado-aos-cotistas/FR_5392.pdf,https://www.caixa.gov.br/Downloads/aplicacao-financeira-inf-com/FIC_5392.pdf,,"A contagem para conversão de cotas e pagamento do resgate é feita em dias úteis, conforme estabelecido no Regulamento do Fundo. Este Fundo não está adaptado às normas vigentes para RPPS (Regimes Próprios de Previdência Social).",2026-06-30T00:00:00Z,FI657,CAIXA FIF ACOES IBrX ATIVO -RESP LTDA,CAIXA IBRX ATIVO FUNDO DE INVESTIMENTO FINANCEIRO EM AÇÕES - RESPONSABILIDADE LIMITADA,CAIXA FIF ACOES IBrX ATIVO -RESP LTDA 5392 05164370000188 05.164.370/0001-88,GERAL,17h00,Não,Não,100.0,AUTOMATICO,"PF, PJ PRIV, PJ PUB","FX, GC, GOV, GR, GV, INST, PJ Atacado, PJ Varejo, RPPS",,,,2005-09-12T00:00:00Z
ACOES,CAIXA FIF ACOES INDEXA SETOR FINANCEIRO RESP LTDA,CAIXA FIF ACOES INDEXA SETOR FINANCEIRO RESP LTDA,26/01/2021,"1.516,90049100","-0,537","0,20","4,23","15,21","30,349",PF,PF,https://www.caixa.gov.br/fundos-investimento/fundos-de-acoes/caixa-fia-indexa-setor-financeiro/Paginas/default.aspx,Sim,nome_exato,40209029000100,6530,6530,"PF, PJ, GOV","PF, PJ, GOV",Arrojado,IFNC,Ações,RV - Ações,AÇÕES,0.8,,0.01,0.01,0.01,0.01,D+1 (du),D+1 (du),D+03 (du),17:00,Sim,Não,Não,Sim,"[""GOV"", ""Institucional"", ""Pessoa Física"", ""PJ Atacado"", ""PJ Varejo"", ""Private"", ""RPPS""]","[""GOV"", ""Institucional"", ""Pessoa Física"", ""PJ Atacado"", ""PJ Varejo"", ""Private"", ""RPPS""]",https://www.caixa.gov.br/fundos-investimento/fundos-de-acoes/caixa-fia-indexa-setor-financeiro/Paginas/default.aspx,,https://www.caixa.gov.br/downloads/aplicacao-financeira-regulamentos/RG_6530.pdf,https://www.caixa.gov.br/Downloads/aplicacao-financeira-termos-adesao/TA_6530.pdf,,https://www.caixa.gov.br/Downloads/aplicacao-financeira-inf-com/FIC_6530.pdf,,Este Fundo está adaptado às normas vigentes para RPPS (Regimes Próprios de Previdência Social).,2026-06-30T00:00:00Z,FI657,CAIXA FIF ACOES INDEXA SETOR FINANCEIRO RESP LTDA,CAIXA INDEXA SETOR FINANCEIRO FUNDO DE INVESTIMENTO FINANCEIRO EM AÇÕES - RESPONSABILIDADE LIMITADA,CAIXA FIF ACOES INDEXA SETOR FINANCEIRO RESP LTDA 6530 40209029000100 40.209.029/0001-00,GERAL,17h00,Não,Não,100.0,AUTOMATICO,"PF, PJ PRIV, PJ PUB","FX, GC, GOV, GR, GV, INST, PJ Atacado, PJ Varejo, RPPS",https://www.caixa.gov.br/Downloads/aplicacao-financeira-qdd/QDD_6530.pdf,,,2021-01-27T00:00:00Z
ACOES,CAIXA FIC FIF ACOES DIVIDENDOS QUANTITATIVO RESP LTDA,CAIXA FIC FIF ACOES DIVIDENDOS QUANTITATIVO RESP LTDA,02/09/2021,"1,89839600","-0,182","-0,39","-6,68","5,25","1,711",PF,PF,https://www.caixa.gov.br/fundos-investimento/fundos-de-acoes/fic-fia-dividendos-quantitativo/Paginas/default.aspx,Sim,nome_exato,42120405000103,6591,6591,"PF, PJ","PF, PJ",Arrojado,IDIV,Ações,RV - Ações,AÇÕES,2.0,2.0,0.01,0.01,0.01,0.01,D+1 (du),D+13 (du),D+15 (du),17:00,Sim,Não,Não,,"[""Pessoa Física"", ""PJ Atacado"", ""PJ Varejo"", ""Private""]","[""Pessoa Física"", ""PJ Atacado"", ""PJ Varejo"", ""Private""]",https://www.caixa.gov.br/fundos-investimento/fundos-de-acoes/fic-fia-dividendos-quantitativo/Paginas/default.aspx,,https://www.caixa.gov.br/downloads/aplicacao-financeira-regulamentos/RG_6591.pdf,https://www.caixa.gov.br/Downloads/aplicacao-financeira-termos-adesao/TA_6591.pdf,,https://www.caixa.gov.br/Downloads/aplicacao-financeira-inf-com/FIC_6591.pdf,,"
",2026-06-30T00:00:00Z,FI657,CAIXA FIC FIF ACOES DIVIDENDOS QUANTITATIVO RESP LTDA,CAIXA DIVIDENDOS QUANTITATIVO FUNDO DE INVESTIMENTO EM COTAS DE CLASSE DE FUNDO DE INVESTIMENTO FINANCEIRO EM AÇÕES - RESP LIMITADA,CAIXA FIC FIF ACOES DIVIDENDOS QUANTITATIVO RESP LTDA 6591 42120405000103 42.120.405/0001-03,GERAL,17h00,Não,Não,,NÃO SE APLICA,"PF, PJ PRIV","FX, GC, GR, GV, PJ Atacado, PJ Varejo",https://www.caixa.gov.br/Downloads/aplicacao-financeira-qdd/QDD_6591.pdf,,,2021-09-02T00:00:00Z
ACOES,CAIXA FIF ACOES INDEXA PIBB IBRX 50 RESP LTDA,CAIXA FIF ACOES INDEXA PIBB IBRX 50 RESP LTDA,12/09/2005,"5,77249400","-0,229","-0,02","7,30","23,56","42,327",PF,PF,https://www.caixa.gov.br/fundos-investimento/fundos-de-acoes/fi-acoes-pibb-sem-opcao-de-venda,Sim,nome_exato,05164361000197,5393,5393,"PF, PJ","PF, PJ",Arrojado,PIBB11,Ações,RV - Ações,AÇÕES,0.8,0.8,0.01,0.01,0.01,0.01,D+1 (du),D+1 (du),D+03 (du),17:00,Sim,Não,Não,Sim,,,http://www.caixa.gov.br/fundos-investimento/fundos-de-acoes/fi-acoes-pibb-sem-opcao-de-venda,,https://www.caixa.gov.br/downloads/aplicacao-financeira-regulamentos/RG_5393.pdf,https://www.caixa.gov.br/Downloads/aplicacao-financeira-termos-adesao/TA_5393.pdf,,https://www.caixa.gov.br/Downloads/aplicacao-financeira-inf-com/FIC_5393.pdf,,"Pessoas Físicas e Pessoas Jurídicas que atendam aos critérios de qualificação definidos no Regulamento, residentes e/ou com sede no Brasil. A contagem para conversão de cotas e pagamento do resgate é feita em dias úteis, conforme estabelecido no Regulamento do Fundo. Este Fundo não está adaptado às normas vigentes para RPPS (Regimes Próprios de Previdência Social).",2026-06-30T00:00:00Z,FI657,CAIXA FIF ACOES INDEXA PIBB IBRX 50 RESP LTDA,CAIXA INDEXA PIBB IBRX-50 FUNDO DE INVESTIMENTO FINANCEIRO EM AÇÕES - RESPONSABILIDADE LIMITADA,CAIXA FIF ACOES INDEXA PIBB IBRX 50 RESP LTDA 5393 05164361000197 05.164.361/0001-97,GERAL,17h00,Não,Não,100.0,AUTOMATICO,"PF, PJ PRIV",,,,,2005-09-12T00:00:00Z
ACOES,CAIXA FIF ACOES IBOVESPA ATIVO RESP LTDA,CAIXA FIF ACOES IBOVESPA ATIVO RESP LTDA,01/02/2007,"2,18676500","-0,484","-0,73","4,22","20,41","35,036",PF,PF,https://www.caixa.gov.br/fundos-investimento/fundos-de-acoes/fi-acoes-ibovespa-ativo,Sim,nome_exato,08046355000123,5394,5394,"PF, PJ, GOV","PF, PJ, GOV",Arrojado,IBOV,Ações,RV - Ações,AÇÕES,2.0,2.0,0.01,0.01,0.01,0.01,D+1 (du),D+1 (du),D+03 (du),17:00,Sim,Não,Não,Sim,"[""GOV"", ""Institucional"", ""Pessoa Física"", ""PJ Atacado"", ""PJ Varejo"", ""Private"", ""RPPS""]","[""GOV"", ""Institucional"", ""Pessoa Física"", ""PJ Atacado"", ""PJ Varejo"", ""Private"", ""RPPS""]",http://www.caixa.gov.br/fundos-investimento/fundos-de-acoes/fi-acoes-ibovespa-ativo,,https://www.caixa.gov.br/downloads/aplicacao-financeira-regulamentos/RG_5394.pdf,https://www.caixa.gov.br/Downloads/aplicacao-financeira-termos-adesao/TA_5394.pdf,https://www.caixa.gov.br/Downloads/aplicacao-financeira-comunicado-aos-cotistas/FR_5394.pdf,https://www.caixa.gov.br/Downloads/aplicacao-financeira-inf-com/FIC_5394.pdf,,"A contagem para conversão de cotas e pagamento do resgate é feita em dias úteis, conforme estabelecido no Regulamento do Fundo. Este Fundo não está adaptado às normas vigentes para RPPS (Regimes Próprios de Previdência Social).",2026-06-30T00:00:00Z,FI657,CAIXA FIF ACOES IBOVESPA ATIVO RESP LTDA,CAIXA IBOVESPA ATIVO FUNDO DE INVESTIMENTO FINANCEIRO EM AÇÕES - RESPONSABILIDADE LIMITADA,CAIXA FIF ACOES IBOVESPA ATIVO RESP LTDA 5394 08046355000123 08.046.355/0001-23,GERAL,17h00,Não,Não,100.0,AUTOMATICO,"PF, PJ PRIV, PJ PUB","FX, GC, GOV, GR, GV, INST, PJ Atacado, PJ Varejo, RPPS",,,,2007-02-01T00:00:00Z
ACOES,CAIXA FIF AÇÕES PETROBRÁS RESP LTDA,CAIXA FIF ACOES PETROBRAS RESP LTDA,10/07/2000,"39,06923000","2,593","2,73","33,82","30,23","762,981",PF,PF,https://www.caixa.gov.br/fundos-investimento/fundos-de-acoes/fi-acoes-petrobras,Sim,nome_exato,03914671000156,0048,48,"PF, PJ, GOV","PF, PJ, GOV",Arrojado,PETR3,Ações,RV - Ações,AÇÕES,1.5,1.5,0.01,0.01,0.01,0.01,D+1 (du),D+1 (du),D+03 (du),17:00,Sim,Não,Não,Sim,"[""GOV"", ""Institucional"", ""Pessoa Física"", ""PJ Atacado"", ""PJ Varejo"", ""Private"", ""RPPS""]","[""GOV"", ""Institucional"", ""Pessoa Física"", ""PJ Atacado"", ""PJ Varejo"", ""Private"", ""RPPS""]",http://www.caixa.gov.br/fundos-investimento/fundos-de-acoes/fi-acoes-petrobras,,https://www.caixa.gov.br/downloads/aplicacao-financeira-regulamentos/RG_0048.pdf,https://www.caixa.gov.br/Downloads/aplicacao-financeira-termos-adesao/TA_0048.pdf,https://www.caixa.gov.br/Downloads/aplicacao-financeira-comunicado-aos-cotistas/FR_0048.pdf,https://www.caixa.gov.br/Downloads/aplicacao-financeira-inf-com/FIC_0048.pdf,,"A contagem para conversão de cotas e pagamento do resgate é feita em dias úteis, conforme estabelecido no Regulamento do Fundo.",2026-06-30T00:00:00Z,FI657,CAIXA FIF ACOES PETROBRAS RESP LTDA,CAIXA PETROBRAS FUNDO DE INVESTIMENTO FINANCEIRO EM AÇÕES - RESPONSABILIDADE LIMITADA,CAIXA FIF ACOES PETROBRAS RESP LTDA 0048 03914671000156 03.914.671/0001-56,GERAL,17h00,Não,Não,100.0,AUTOMATICO,"PF, PJ PRIV, PJ PUB","FX, GC, GOV, GR, GV, INST, PJ Atacado, PJ Varejo, RPPS",https://www.caixa.gov.br/Downloads/aplicacao-financeira-qdd/QDD_0048.pdf,,,2000-07-10T00:00:00Z
ACOES,CAIXA FIF ACOES INDEXA IAGRO RESP LTDA,CAIXA FIF ACOES INDEXA IAGRO RESP LTDA,14/06/2022,"0,82504800","-0,491","-1,68","-14,28","-19,55","2,831",PF,PF,https://www.caixa.gov.br/fundos-investimento/fundos-de-acoes/fia-caixa-indexa-iagro/Paginas/default.aspx,Sim,nome_exato,45443601000107,6620,6620,"PF, PJ, GOV","PF, PJ, GOV",Arrojado,OUTROS,Ações,RV - Ações,AÇÕES,0.8,0.8,0.01,0.01,0.01,0.01,D+1 (du),D+1 (du),D+03 (du),17:00,Sim,Não,Não,Sim,"[""GOV"", ""Institucional"", ""Pessoa Física"", ""PJ Atacado"", ""PJ Varejo"", ""Private"", ""RPPS""]","[""GOV"", ""Institucional"", ""Pessoa Física"", ""PJ Atacado"", ""PJ Varejo"", ""Private"", ""RPPS""]",https://www.caixa.gov.br/fundos-investimento/fundos-de-acoes/fia-caixa-indexa-iagro/Paginas/default.aspx,,https://www.caixa.gov.br/downloads/aplicacao-financeira-regulamentos/RG_6620.pdf,https://www.caixa.gov.br/Downloads/aplicacao-financeira-termos-adesao/TA_6620.pdf,,https://www.caixa.gov.br/Downloads/aplicacao-financeira-inf-com/FIC_6620.pdf,,,2026-06-30T00:00:00Z,FI657,CAIXA FIF ACOES INDEXA IAGRO RESP LTDA,CAIXA INDEXA IAGRO FUNDO DE INVESTIMENTO FINANCEIRO EM AÇÕES - RESPONSABILIDADE LIMITADA,CAIXA FIF ACOES INDEXA IAGRO RESP LTDA 6620 45443601000107 45.443.601/0001-07,GERAL,17h00,Não,Não,100.0,AUTOMATICO,"PF, PJ PRIV, PJ PUB","FX, GC, GOV, GR, GV, INST, PJ Atacado, PJ Varejo, RPPS",https://www.caixa.gov.br/Downloads/aplicacao-financeira-qdd/QDD_6620.pdf,,,2022-06-14T00:00:00Z
ACOES,CAIXA FIC FIF ACOES COMPROMISSO BDR NIVEL I RESP LTDA,CAIXA FIC FIF ACOES COMPROMISSO BDR NIVEL I RESP LTDA,05/11/2021,"1,21602800","0,341","0,71","0,48","15,28","3,854",PF,PF,http://www.caixa.gov.br/fundos-investimento/fundos-de-acoes/FIA-Institucional-BDR-nivel-I/Paginas/default.aspx,Sim,nome_exato,43760251000187,6593,6593,"PF, PJ, GOV","PF, PJ, GOV",Arrojado,BDRX,Ações,RV - Ações,AÇÕES,1.0,1.0,0.01,0.01,0.01,0.01,D+1 (du),D+1 (du),D+03 (du),17:00,Sim,Não,Não,Sim,"[""GOV"", ""Institucional"", ""Pessoa Física"", ""PJ Atacado"", ""PJ Varejo"", ""Private"", ""RPPS""]","[""GOV"", ""Institucional"", ""Pessoa Física"", ""PJ Atacado"", ""PJ Varejo"", ""Private"", ""RPPS""]",https://www.caixa.gov.br/fundos-investimento/fundos-de-acoes/fic-fia-compromisso-bdr-nivel-i,,https://www.caixa.gov.br/downloads/aplicacao-financeira-regulamentos/RG_6593.pdf,https://www.caixa.gov.br/Downloads/aplicacao-financeira-termos-adesao/TA_6593.pdf,,https://www.caixa.gov.br/Downloads/aplicacao-financeira-inf-com/FIC_6593.pdf,,,2026-06-30T00:00:00Z,FI657,CAIXA FIC FIF ACOES COMPROMISSO BDR NIVEL I RESP LTDA,CAIXA COMPROMISSO BDR NÍVEL I FUNDO DE INVESTIMENTO EM COTAS DE CLASSE DE FUNDO DE INVESTIMENTO FINANCEIRO EM AÇÕES - RESPONSABILIDADE LIMITADA,CAIXA FIC FIF ACOES COMPROMISSO BDR NIVEL I RESP LTDA 6593 43760251000187 43.760.251/0001-87,GERAL,17h00,Não,Não,100.0,AUTOMATICO,"PF, PJ PRIV, PJ PUB","FX, GC, GOV, GR, GV, INST, PJ Atacado, PJ Varejo, RPPS",https://www.caixa.gov.br/Downloads/aplicacao-financeira-qdd/QDD_6593.pdf,,,2021-11-05T00:00:00Z
ACOES,CAIXA SEGURIDADE II FIF ACOES - RESP LTDA,CAIXA SEGURIDADE II FIF ACOES - RESP LTDA,24/03/2025,"1,56278400","1,499","5,96","30,51","54,22","22,975",PF,PF,https://www.caixa.gov.br/fundos-investimento/fundos-de-acoes/fia-caixa-seguridade/Paginas/default.aspx,Sim,nome_exato,59815671000153,7971,7971,"PF, PJ, GOV","PF, PJ, GOV",Arrojado,NÃO SE APLICA,Ações,RV - Ações,AÇÕES,0.2,,0.01,0.01,0.01,0.01,D+0 (du),D+1 (du),D+03 (du),17:00,Não,Não,Não,Não,"[""GOV"", ""Pessoa Física"", ""PJ Atacado"", ""Private""]","[""GOV"", ""Pessoa Física"", ""PJ Atacado"", ""Private""]",,,http://www.caixa.gov.br/downloads/aplicacao-financeira-regulamentos/RG_7971.pdf,http://www.caixa.gov.br/Downloads/aplicacao-financeira-termos-adesao/TA_7971.pdf,http://www.caixa.gov.br/Downloads/aplicacao-financeira-comunicado-aos-cotistas/FR_7971.pdf,http://www.caixa.gov.br/Downloads/aplicacao-financeira-inf-com/FIC_7971.pdf,,Fundo ficará fechado para novas aplicações a partir do dia 13/05/2025 (inclusive).,2026-06-30T00:00:00Z,FI657,CAIXA SEGURIDADE II FIF AÇÕES - RESP LTDA,CAIXA SEGURIDADE II FUNDO DE INVESTIMENTO FINANCEIRO AÇÕES - RESPONSABILIDADE LIMITADA,CAIXA SEGURIDADE II FIF AÇÕES - RESP LTDA 7971 59815671000153 59.815.671/0001-53,GERAL,17h00,Não,Não,,NÃO SE APLICA,"PF, PJ PRIV, PJ PUB","FX, GC, GR, GV, PJ Atacado",,,,2025-03-24T00:00:00Z
ACOES,CAIXA FIF ACOES ELETROBRAS RESP LTDA,CAIXA FIF ACOES ELETROBRAS RESP LTDA,30/05/2022,"1,80847000","-0,285","-1,81","5,20","78,00","275,805",PF,PF,https://www.caixa.gov.br/fundos-investimento/fundos-de-acoes/fia-caixa-eletrobras/Paginas/default.aspx,Sim,nome_exato,45443475000190,6602,6602,"PF, PJ, GOV","PF, PJ, GOV",Arrojado,OUTROS,Ações,RV - Ações,AÇÕES,0.45,0.45,0.01,0.01,0.01,0.01,D+1 (du),D+1 (du),D+03 (du),17:00,Sim,Não,Não,Sim,"[""GOV"", ""Institucional"", ""Pessoa Física"", ""PJ Atacado"", ""PJ Varejo"", ""Private"", ""RPPS""]","[""GOV"", ""Institucional"", ""Pessoa Física"", ""PJ Atacado"", ""PJ Varejo"", ""Private"", ""RPPS""]",https://www.caixa.gov.br/fundos-investimento/fundos-de-acoes/fia-caixa-eletrobras/Paginas/default.aspx,,https://www.caixa.gov.br/downloads/aplicacao-financeira-regulamentos/RG_6602.pdf,https://www.caixa.gov.br/Downloads/aplicacao-financeira-termos-adesao/TA_6602.pdf,,https://www.caixa.gov.br/Downloads/aplicacao-financeira-inf-com/FIC_6602.pdf,,Prazo de carência: 14 de junho de 2022,2026-06-30T00:00:00Z,FI657,CAIXA FIF ACOES ELETROBRAS RESP LTDA,CAIXA ELETROBRAS FUNDO DE INVESTIMENTO FINANCEIRO EM AÇÕES - RESPONSABILIDADE LIMITADA,CAIXA FIF ACOES ELETROBRAS RESP LTDA 6602 45443475000190 45.443.475/0001-90,GERAL,17h00,Não,Não,100.0,AUTOMATICO,"PF, PJ PRIV, PJ PUB","FX, GC, GOV, GR, GV, INST, PJ Atacado, PJ Varejo, RPPS",https://www.caixa.gov.br/Downloads/aplicacao-financeira-qdd/QDD_6602.pdf,,,2022-05-30T00:00:00Z
ACOES,CAIXA FIC ACOES EXPERT VERDE AM LONG BIAS - RESP LTDA,CAIXA FIC ACOES EXPERT VERDE AM LONG BIAS - RESP LTDA,05/10/2020,"1.006,29016700","-0,003","0,45","2,64","17,85","8,132",PF,PF,https://www.caixa.gov.br/fundos-investimento/fundos-de-acoes/CAIXA-Expert-Verde-Am-Long-Bias-FIC-Acoes/Paginas/default.aspx,Sim,nome_aproximado_1.00,30068071000197,6994,6994,"PF, PJ","PF, PJ",Arrojado,IBOV,Ações,RV - Ações,AÇÕES,0.7,0.7,10000.0,100.0,1000.0,100.0,D+1 (du),D+22 (du),D+24 (du),13:00,Sim,Não,Não,Sim,"[""Institucional"", ""Pessoa Física"", ""PJ Atacado"", ""PJ Varejo"", ""Private""]","[""Institucional"", ""Pessoa Física"", ""PJ Atacado"", ""PJ Varejo"", ""Private""]",https://www.caixa.gov.br/fundos-investimento/fundos-de-acoes/CAIXA-Expert-Verde-Am-Long-Bias-FIC-Acoes/Paginas/default.aspx,,https://www.caixa.gov.br/downloads/aplicacao-financeira-regulamentos/RG_6994.pdf,https://www.caixa.gov.br/Downloads/aplicacao-financeira-termos-adesao/TA_6994.pdf,https://www.caixa.gov.br/Downloads/aplicacao-financeira-comunicado-aos-cotistas/FR_6994.pdf,https://www.caixa.gov.br/Downloads/aplicacao-financeira-inf-com/FIC_6994.pdf,,"Reaberto para novas aplicações a partir de 02/12/2025 (inclusive)

",2026-06-30T00:00:00Z,FI657,CAIXA EXPERT VERDE AM LONG BIAS FIC FIF ACOES - RESP LTDA,CAIXA EXPERT VERDE AM LONG BIAS FUNDO DE INVESTIMENTO EM COTAS DE CLASSE DE FUNDO DE INVESTIMENTO FINANCEIRO EM AÇÕES - RESPONSABILIDADE LIMITADA,CAIXA EXPERT VERDE AM LONG BIAS FIC FIF ACOES - RESP LTDA 6994 30068071000197 30.068.071/0001-97,GERAL,13h00,Não,Não,100.0,AUTOMATICO,"PF, PJ PRIV","FX, GC, GR, GV, INST, PJ Atacado, PJ Varejo",,,,2020-10-05T00:00:00Z
ACOES,CAIXA EXPERT CLARITAS VALOR FIC FIF AÇÕES - RESP LTDA,CAIXA EXPERT CLARITAS VALOR FIC FIF ACOES - RESP LTDA,19/10/2020,"1.492,86125000","-0,002","0,03","-0,19","10,73","21,501",PF,PF,https://www.caixa.gov.br/fundos-investimento/fundos-de-acoes/caixa-expert-claritas-valor-fic-acoes/Paginas/default.aspx,Sim,nome_exato,30068060000107,6397,6397,"PF, PJ, GOV","PF, PJ, GOV",Arrojado,IBOV,Ações,RV - Ações,AÇÕES,0.6,,10000.0,100.0,1000.0,100.0,D+1 (du),D+23 (du),D+25 (du),13:00,Sim,Não,Não,Não,"[""GOV"", ""Institucional"", ""Pessoa Física"", ""PJ Atacado"", ""PJ Varejo"", ""Private"", ""RPPS""]","[""GOV"", ""Institucional"", ""Pessoa Física"", ""PJ Atacado"", ""PJ Varejo"", ""Private"", ""RPPS""]",https://www.caixa.gov.br/fundos-investimento/fundos-de-acoes/caixa-expert-claritas-valor-fic-acoes/Paginas/default.aspx,,https://www.caixa.gov.br/downloads/aplicacao-financeira-regulamentos/RG_6397.pdf,https://www.caixa.gov.br/Downloads/aplicacao-financeira-termos-adesao/TA_6397.pdf,,https://www.caixa.gov.br/Downloads/aplicacao-financeira-inf-com/FIC_6397.pdf,,"Este Fundo está adaptado às normas vigentes para RPPS                                                        ¹Condições excepcionais de estorno e movimentação retroativa estão descritas no TE099.

",2026-06-30T00:00:00Z,FI657,CAIXA EXPERT CLARITAS VALOR FIC FIF AÇÕES - RESP LTDA,CAIXA EXPERT CLARITAS VALOR FUNDO DE INVESTIMENTO EM COTAS DE CLASSE DE FUNDO DE INVESTIMENTO FINANCEIRO EM AÇÕES - RESPONSABILIDADE LIMITADA,CAIXA EXPERT CLARITAS VALOR FIC FIF AÇÕES - RESP LTDA 6397 30068060000107 30.068.060/0001-07,GERAL,13h00,Não,Não,,NÃO SE APLICA,"PF, PJ PRIV, PJ PUB","FX, GC, GOV, GR, GV, INST, PJ Atacado, PJ Varejo, RPPS",https://www.caixa.gov.br/Downloads/aplicacao-financeira-qdd/QDD_6397.pdf,,,2020-10-20T00:00:00Z
FUNDO DE INDICE,CAIXA ETF IBOVESPA FUNDO DE ÍNDICE RESP LTDA,CAIXA ETF IBOVESPA FUNDO DE INDICE RESP LTDA,12/11/2012,"167,99369437","-0,243","0,01","6,61","22,91","16,801",PF,PF,https://www.caixa.gov.br/fundos-investimento/fundos-de-indices/etf-ibovespa-fundo-de-indice/,Não,sem_match,,,,,,,,,,,,,,,,,,,,,,,,,,,,,,,,,,,,,,,,,,,,,,,,,,,
FUNDOS MUTUOS DE PRIVATIZACAO,CAIXA FMP-FGTS ELETROBRAS MIGRACAO,CAIXA FMP-FGTS ELETROBRAS MIGRACAO,09/06/2022,"1,84716600","-0,278","-1,80","5,20","78,24","5,154",PF,PF,https://www.caixa.gov.br/fundos-investimento/mutuos-privatizacao/fmp-fgts-eletrobras-migracao,Sim,nome_aproximado_0.75,45443366000173,6601,6601,PF,PF,Arrojado,OUTROS,Privatização,RV - FMP,AÇÕES,0.2,0.2,200.0,0.0,0.0,0.0,D+1 (du),D+1 (du),D+05 (du),17:00,Sim,Não,Não,Não,"[""Pessoa Física"", ""Private""]","[""Pessoa Física"", ""Private""]",https://www.caixa.gov.br/fundos-investimento/mutuos-privatizacao/fmp-fgts-eletrobras-migracao,,https://www.caixa.gov.br/downloads/aplicacao-financeira-regulamentos/RG_6601.pdf,https://www.caixa.gov.br/Downloads/aplicacao-financeira-termos-adesao/TA_6601.pdf,,https://www.caixa.gov.br/Downloads/aplicacao-financeira-inf-com/FIC_6601.pdf,,"O fundo encontra-se aberto para receber recursos provenientes de outros Fundos FMP-FGTS.

Prazo de carência: 6 meses para transferência total ou parcial do investimento no FUNDO para outro FMP- FGTS ou para um Clube de Investimento – FGTS, ou 12 meses para retorno à(s) conta(s) vinculada(s) do investidor junto ao FGTS.",2026-06-30T00:00:00Z,FI481,CAIXA FMP FGTS ELETROBRAS MIGRAÇÃO - RESP LTDA,CAIXA FUNDO MÚTUO DE PRIVATIZAÇÃO - FGTS - MIGRAÇÃO ELETROBRÁS - RESPONSABILIDADE LIMITADA,CAIXA FMP FGTS ELETROBRAS MIGRAÇÃO - RESP LTDA 6601 45443366000173 45.443.366/0001-73,GERAL,17h00,Não,Não,,NÃO SE APLICA,PF,"FX, GC, GR, GV",,,,2022-06-10T00:00:00Z
FUNDOS MUTUOS DE PRIVATIZACAO,CAIXA FMP-FGTS ELETROBRAS RESP LTDA,CAIXA FMP-FGTS ELETROBRAS RESP LTDA,14/06/2022,"1,80213400","-0,280","-1,81","5,27","78,35","1.632,389",PF,PF,https://www.caixa.gov.br/fundos-investimento/fundos-de-acoes/fia-caixa-eletrobras/Paginas/default.aspx,Sim,nome_aproximado_0.67,45443475000190,6602,6602,"PF, PJ, GOV","PF, PJ, GOV",Arrojado,OUTROS,Ações,RV - Ações,AÇÕES,0.45,0.45,0.01,0.01,0.01,0.01,D+1 (du),D+1 (du),D+03 (du),17:00,Sim,Não,Não,Sim,"[""GOV"", ""Institucional"", ""Pessoa Física"", ""PJ Atacado"", ""PJ Varejo"", ""Private"", ""RPPS""]","[""GOV"", ""Institucional"", ""Pessoa Física"", ""PJ Atacado"", ""PJ Varejo"", ""Private"", ""RPPS""]",https://www.caixa.gov.br/fundos-investimento/fundos-de-acoes/fia-caixa-eletrobras/Paginas/default.aspx,,https://www.caixa.gov.br/downloads/aplicacao-financeira-regulamentos/RG_6602.pdf,https://www.caixa.gov.br/Downloads/aplicacao-financeira-termos-adesao/TA_6602.pdf,,https://www.caixa.gov.br/Downloads/aplicacao-financeira-inf-com/FIC_6602.pdf,,Prazo de carência: 14 de junho de 2022,2026-06-30T00:00:00Z,FI657,CAIXA FIF ACOES ELETROBRAS RESP LTDA,CAIXA ELETROBRAS FUNDO DE INVESTIMENTO FINANCEIRO EM AÇÕES - RESPONSABILIDADE LIMITADA,CAIXA FIF ACOES ELETROBRAS RESP LTDA 6602 45443475000190 45.443.475/0001-90,GERAL,17h00,Não,Não,100.0,AUTOMATICO,"PF, PJ PRIV, PJ PUB","FX, GC, GOV, GR, GV, INST, PJ Atacado, PJ Varejo, RPPS",https://www.caixa.gov.br/Downloads/aplicacao-financeira-qdd/QDD_6602.pdf,,,2022-05-30T00:00:00Z
FUNDOS MUTUOS DE PRIVATIZACAO,CAIXA FMP-FGTS PETROBRÁS IV RESP LTDA,CAIXA FMP-FGTS PETROBRAS IV RESP LTDA,17/08/2000,"43,48372900","2,595","2,74","34,26","30,97","625,567",PF,PF,https://www.caixa.gov.br/fundos-investimento/mutuos-privatizacao/fmp-fgts-petrobas-4,Sim,nome_aproximado_0.75,03555959000181,5204,5204,PF,PF,Arrojado,PETR3,Privatização,RV - FMP,AÇÕES,0.95,0.95,300.0,0.01,0.01,0.01,D+0 (du),D+1 (du),D+05 (du),,Não,Não,Não,Não,,,https://www.caixa.gov.br/fundos-investimento/mutuos-privatizacao/fmp-fgts-petrobas-4,,https://www.caixa.gov.br/downloads/aplicacao-financeira-regulamentos/RG_5204.pdf,https://www.caixa.gov.br/Downloads/aplicacao-financeira-termos-adesao/TA_5204.pdf,,https://www.caixa.gov.br/Downloads/aplicacao-financeira-inf-com/FIC_5204.pdf,,FUNDO FECHADO.,2026-06-30T00:00:00Z,FI481,CAIXA FMP FGTS PETROBRAS IV - RESP LTDA,CAIXA FUNDO MÚTUO DE PRIVATIZAÇÃO - FGTS - PETROBRAS IV - RESPONSABILIDADE LIMITADA,CAIXA FMP FGTS PETROBRAS IV - RESP LTDA 5204 03555959000181 03.555.959/0001-81,GERAL,17h00,Não,Não,,NÃO SE APLICA,PF,,,,,2000-08-17T00:00:00Z
FUNDOS MUTUOS DE PRIVATIZACAO,CAIXA FMP-FGTS VALE RIO DOCE II RESP LTDA,CAIXA FMP-FGTS VALE RIO DOCE II RESP LTDA,27/03/2002,"39,90852600","-2,046","-2,18","4,48","48,94","713,808",PF,PF,http://www.caixa.gov.br/fundos-investimento/mutuos-privatizacao/fmp-fgts-vale-do-rio-doce-2,Sim,nome_aproximado_0.83,04885824000147,5206,5206,PF,PF,Arrojado,VALE3,Privatização,RV - FMP,AÇÕES,1.4,1.4,10000.0,0.01,0.01,0.01,D+0 (du),D+1 (du),D+05 (du),,Não,Não,Não,Não,,,http://www.caixa.gov.br/fundos-investimento/mutuos-privatizacao/fmp-fgts-vale-do-rio-doce-2,,https://www.caixa.gov.br/downloads/aplicacao-financeira-regulamentos/RG_5206.pdf,https://www.caixa.gov.br/Downloads/aplicacao-financeira-termos-adesao/TA_5206.pdf,https://www.caixa.gov.br/Downloads/aplicacao-financeira-comunicado-aos-cotistas/FR_5206.pdf,https://www.caixa.gov.br/Downloads/aplicacao-financeira-inf-com/FIC_5206.pdf,,FUNDO FECHADO,2026-06-30T00:00:00Z,FI481,CAIXA FMP FGTS VALE DO RIO DOCE II - RESP LTDA,CAIXA FUNDO MÚTUO DE PRIVATIZAÇÃO - FGTS - VALE DO RIO DOCE II - RESPONSABILIDADE LIMITADA,CAIXA FMP FGTS VALE DO RIO DOCE II - RESP LTDA 5206 04885824000147 04.885.824/0001-47,GERAL,17h00,Não,Não,,NÃO SE APLICA,PF,,,,,2002-03-27T00:00:00Z
FUNDOS MUTUOS DE PRIVATIZACAO,CAIXA FMP-FGTS CL ABSOLUTO RESP LTDA,CAIXA FMP-FGTS CL ABSOLUTO RESP LTDA,24/08/2001,"15,84578100","-0,981","-1,51","-6,04","7,97","108,429",PF,PF,https://www.caixa.gov.br/fundos-investimento/mutuos-privatizacao/fmp-fgts-cl-absoluto,Sim,nome_aproximado_0.75,04602186000100,5251,5251,PF,PF,Arrojado,PETR3,Privatização,RV - FMP,AÇÕES,1.9,1.9,0.01,0.01,0.01,0.01,D+0 (du),D+1 (du),D+05 (du),17:00,Sim,Não,Não,Não,,,https://www.caixa.gov.br/fundos-investimento/mutuos-privatizacao/fmp-fgts-cl-absoluto,,https://www.caixa.gov.br/downloads/aplicacao-financeira-regulamentos/RG_5251.pdf,https://www.caixa.gov.br/Downloads/aplicacao-financeira-termos-adesao/TA_5251.pdf,,https://www.caixa.gov.br/Downloads/aplicacao-financeira-inf-com/FIC_5251.pdf,,"O fundo encontra-se aberto para receber recursos provenientes de outros Fundos FMP-FGTS.

Prazo de carência: 6 meses para transferência total ou parcial do investimento no FUNDO para outro FMP- FGTS ou para um Clube de Investimento – FGTS, ou 12 meses para retorno à(s) conta(s) vinculada(s) do investidor junto ao FGTS.",2026-06-30T00:00:00Z,FI481,CAIXA FMP FGTS CL ABSOLUTO - RESP LTDA,CAIXA FUNDO MÚTUO DE PRIVATIZAÇÃO - FGTS CARTEIRA LIVRE - FGTS CL ABSOLUTO - RESPONSABILIDADE LIMITADA,CAIXA FMP FGTS CL ABSOLUTO - RESP LTDA 5251 04602186000100 04.602.186/0001-00,GERAL,17h00,Não,Não,,NÃO SE APLICA,PF,,,https://web.microsoftstream.com/video/462482fb-026d-4ac5-8d29-95b943fd4e67?channelId=772517ff-88ae-4298-88f2-3ed5a5893c3e,,2001-08-24T00:00:00Z
FUNDOS MUTUOS DE PRIVATIZACAO,CAIXA FMP-FGTS VALE RIO DOCE MIGRAÇÃO RESP LTDA,CAIXA FMP-FGTS VALE RIO DOCE MIGRACAO RESP LTDA,26/02/2002,"33,44383700","-2,036","-2,17","4,22","47,93","11,468",PF,PF,http://www.caixa.gov.br/fundos-investimento/mutuos-privatizacao/fmp-fgts-vale-do-rio-doce-migracao,Sim,nome_aproximado_0.83,04885832000193,5253,5253,PF,PF,Arrojado,VALE3,Privatização,RV - FMP,AÇÕES,1.9,1.9,0.01,0.01,0.01,0.01,D+0 (du),D+1 (du),D+05 (du),17:00,Sim,Não,Não,Não,,,http://www.caixa.gov.br/fundos-investimento/mutuos-privatizacao/fmp-fgts-vale-do-rio-doce-migracao,,https://www.caixa.gov.br/downloads/aplicacao-financeira-regulamentos/RG_5253.pdf,https://www.caixa.gov.br/Downloads/aplicacao-financeira-termos-adesao/TA_5253.pdf,https://www.caixa.gov.br/Downloads/aplicacao-financeira-comunicado-aos-cotistas/FR_5253.pdf,https://www.caixa.gov.br/Downloads/aplicacao-financeira-inf-com/FIC_5253.pdf,,"O fundo encontra-se aberto para receber recursos provenientes de outros Fundos FMP-FGTS.

Prazo de carência: 6 meses para transferência total ou parcial do investimento no FUNDO para outro FMP- FGTS ou para um Clube de Investimento – FGTS, ou 12 meses para retorno à(s) conta(s) vinculada(s) do investidor junto ao FGTS.",2026-06-30T00:00:00Z,FI481,CAIXA FMP FGTS VALE DO RIO DOCE MIGRACAO - RESP LTDA,CAIXA FUNDO MÚTUO DE PRIVATIZAÇÃO - FGTS - VALE DO RIO DOCE MIGRAÇÃO- RESPONSABILIDADE LIMITADA,CAIXA FMP FGTS VALE DO RIO DOCE MIGRACAO - RESP LTDA 5253 04885832000193 04.885.832/0001-93,GERAL,17h00,Não,Não,,NÃO SE APLICA,PF,,,,,2002-02-26T00:00:00Z
FUNDOS MUTUOS DE PRIVATIZACAO,CAIXA FMP-FGTS PETROBRÁS II RESP LTDA,CAIXA FMP-FGTS PETROBRAS II RESP LTDA,17/08/2000,"38,40737700","2,600","2,74","33,96","30,38","538,046",PF,PF,http://www.caixa.gov.br/fundos-investimento/mutuos-privatizacao/fmp-fgts-petrobas-2,Sim,nome_aproximado_0.75,03915910000192,5202,5202,PF,PF,Arrojado,PETR3,Privatização,RV - FMP,AÇÕES,1.4,1.4,0.01,0.01,0.01,0.01,D+0 (du),D+1 (du),D+05 (du),17:00,Sim,Não,Não,Não,,,http://www.caixa.gov.br/fundos-investimento/mutuos-privatizacao/fmp-fgts-petrobas-2,,https://www.caixa.gov.br/downloads/aplicacao-financeira-regulamentos/RG_5202.pdf,https://www.caixa.gov.br/Downloads/aplicacao-financeira-termos-adesao/TA_5202.pdf,,https://www.caixa.gov.br/Downloads/aplicacao-financeira-inf-com/FIC_5202.pdf,,"O fundo encontra-se aberto para receber recursos provenientes de outros Fundos FMP-FGTS.

Prazo de carência: 6 meses para transferência total ou parcial do investimento no FUNDO para outro FMP- FGTS ou para um Clube de Investimento – FGTS, ou 12 meses para retorno à(s) conta(s) vinculada(s) do investidor junto ao FGTS.",2026-06-30T00:00:00Z,FI481,CAIXA FMP FGTS PETROBRAS II - RESP LTDA,CAIXA FUNDO MÚTUO DE PRIVATIZAÇÃO - FGTS - PETROBRAS II - RESPONSABILIDADE LIMITADA,CAIXA FMP FGTS PETROBRAS II - RESP LTDA 5202 03915910000192 03.915.910/0001-92,GERAL,17h00,Não,Não,,NÃO SE APLICA,PF,,,,,2000-08-17T00:00:00Z
FUNDOS MUTUOS DE PRIVATIZACAO,CAIXA FMP-FGTS VALE RIO DOCE I RESP LTDA,CAIXA FMP-FGTS VALE RIO DOCE I RESP LTDA,27/03/2002,"34,34568500","-2,047","-2,19","4,23","48,17","429,401",PF,PF,http://www.caixa.gov.br/fundos-investimento/mutuos-privatizacao/fmp-fgts-vale-do-rio-doce-1,Sim,nome_aproximado_0.83,04885818000190,5205,5205,PF,PF,Arrojado,VALE3,Privatização,RV - FMP,AÇÕES,1.9,1.9,0.01,0.01,0.01,0.01,D+0 (du),D+1 (du),D+05 (du),,Não,Não,Não,Não,,,http://www.caixa.gov.br/fundos-investimento/mutuos-privatizacao/fmp-fgts-vale-do-rio-doce-1,,https://www.caixa.gov.br/downloads/aplicacao-financeira-regulamentos/RG_5205.pdf,https://www.caixa.gov.br/Downloads/aplicacao-financeira-termos-adesao/TA_5205.pdf,https://www.caixa.gov.br/Downloads/aplicacao-financeira-comunicado-aos-cotistas/FR_5205.pdf,https://www.caixa.gov.br/Downloads/aplicacao-financeira-inf-com/FIC_5205.pdf,,FUNDO FECHADO,2026-06-30T00:00:00Z,FI481,CAIXA FMP FGTS VALE DO RIO DOCE I - RESP LTDA,CAIXA FUNDO MÚTUO DE PRIVATIZAÇÃO - FGTS - VALE DO RIO DOCE I - RESPONSABILIDADE LIMITADA,CAIXA FMP FGTS VALE DO RIO DOCE I - RESP LTDA 5205 04885818000190 04.885.818/0001-90,GERAL,17h00,Não,Não,,NÃO SE APLICA,PF,,,,,2002-03-27T00:00:00Z
FUNDOS MUTUOS DE PRIVATIZACAO,CAIXA FMP-FGTS PETROBRÁS III RESP LTDA,CAIXA FMP-FGTS PETROBRAS III RESP LTDA,17/08/2000,"40,84105200","2,594","2,74","34,11","30,66","616,817",PF,PF,http://www.caixa.gov.br/fundos-investimento/mutuos-privatizacao/fmp-fgts-petrobas-3,Sim,nome_aproximado_0.75,03915903000190,5203,5203,PF,PF,Arrojado,PETR3,Privatização,RV - FMP,AÇÕES,1.2,1.2,10000.0,0.01,0.01,0.01,D+0 (du),D+1 (du),D+05 (du),17:00,Não,Não,Não,,,,http://www.caixa.gov.br/fundos-investimento/mutuos-privatizacao/fmp-fgts-petrobas-3,,https://www.caixa.gov.br/downloads/aplicacao-financeira-regulamentos/RG_5203.pdf,https://www.caixa.gov.br/Downloads/aplicacao-financeira-termos-adesao/TA_5203.pdf,,https://www.caixa.gov.br/Downloads/aplicacao-financeira-inf-com/FIC_5203.pdf,,FUNDO FECHADO,2026-06-30T00:00:00Z,FI481,CAIXA FMP FGTS PETROBRAS III - RESP LTDA,CAIXA FUNDO MÚTUO DE PRIVATIZAÇÃO - FGTS - PETROBRAS III - RESPONSABILIDADE LIMITADA,CAIXA FMP FGTS PETROBRAS III - RESP LTDA 5203 03915903000190 03.915.903/0001-90,GERAL,17h00,Não,Não,,NÃO SE APLICA,PF,,,,,2000-08-17T00:00:00Z
RENDA FIXA SIMPLES,CAIXA AZULZINHA FIC FIF RF SIMPLES - RESP LTDA (8),CAIXA AZULZINHA FIC FIF RF SIMPLES - RESP LTDA (8),13/06/2025,"1,13654800","0,046","0,23","6,22","12,92","58,992",PJ,PJ,http://site.extra.caixa.gov.br/fundos-investimento/fundo-simples/fic-azulzinha-rf-simples/Paginas/default.aspx,Sim,nome_exato,61160298000191,7972,7972,PJ,PJ,Conservador,SELIC,Renda Fixa,RF Simples até 49% Crédito Privado,CURTO PRAZO,1.3,1.3,0.01,0.01,0.01,0.01,D+0 (du),D+0 (du),D+00 (du),17:00,Sim,Não,Sim,Não,"[""Institucional"", ""PJ Atacado"", ""PJ Varejo""]","[""Institucional"", ""PJ Atacado"", ""PJ Varejo""]",,,http://www.caixa.gov.br/downloads/aplicacao-financeira-regulamentos/RG_7972.pdf,http://www.caixa.gov.br/Downloads/aplicacao-financeira-termos-adesao/TA_7972.pdf,,http://www.caixa.gov.br/Downloads/aplicacao-financeira-inf-com/FIC_7972.pdf,,"ADMINISTRADORA, ativos e com crédito de recebíveis em conta CAIXA nos últimos 90 dias.

Para clientes que atende aos requisitos e não possui o fundo habilitado solicitar a marcação através do link: https://azulzinha.caixa/azulzinha/nova_marcacao.php

Movimentações: O FUNDO oferece mecanismo de aplicação e resgate automáticos, exigindo a manutenção de um saldo em caixa adequado para suportar movimentações ocorridas após o fechamento do mercado.

Para ativar a funcionalidade de Resgate Automático, acessar o SIART -> Movimentação Automática -> Marcar

As regras da funcionalidade de Movimentação Automática estão descritas no MN TE099.

**Esse fundo não possui adiantamento de resgate, os resgates efetuados ficarão disponíveis no processamento noturno.",2026-06-30T00:00:00Z,FI657,CAIXA AZULZINHA FIC FIF RF SIMPLES - RESP LTDA,CAIXA AZULZINHA FUNDO DE INVESTIMENTO EM COTAS DE CLASSE DE FUNDO DE INVESTIMENTO FINANCEIRO RENDA FIXA SIMPLES - RESPONSABILIDADE LIMITADA,CAIXA AZULZINHA FIC FIF RF SIMPLES - RESP LTDA 7972 61160298000191 61.160.298/0001-91,GERAL,17h00,Não,Não,,NÃO SE APLICA,PJ PRIV,"INST, PJ Atacado, PJ Varejo",,,,2025-06-13T00:00:00Z
RENDA FIXA SIMPLES,CAIXA FIC FIF AMETISTA CORP RF SIMPLES RESP LTDA (8),CAIXA FIC FIF AMETISTA CORP RF SIMPLES RESP LTDA (8),12/07/2023,"1,37168800","0,046","0,23","6,28","12,99","196,482",PJ,PJ,https://www.caixa.gov.br/fundos-investimento/fundo-simples/fic-ametista-corporativo-rf-simples/Paginas/default.aspx,Sim,nome_aproximado_0.80,51255391000126,7861,7861,PJ,PJ,Conservador,NÃO SE APLICA,Renda Fixa,RF Simples até 49% Crédito Privado,CURTO PRAZO,1.3,1.3,1000.0,100.0,0.01,0.01,D+0 (du),D+0 (du),D+00 (du),17:00,Sim,Não,Sim,Não,"[""PJ Atacado""]","[""PJ Atacado""]",https://www.caixa.gov.br/fundos-investimento/fundo-simples/fic-ametista-corporativo-rf-simples,,https://www.caixa.gov.br/downloads/aplicacao-financeira-regulamentos/RG_7861.pdf,https://www.caixa.gov.br/Downloads/aplicacao-financeira-termos-adesao/TA_7861.pdf,,https://www.caixa.gov.br/Downloads/aplicacao-financeira-inf-com/FIC_7861.pdf,,"Esse fundo exige o cadastramento prévio do cotista, seguir orientações do MN FI657 Anexo IV.

Os segmentos elegíveis são:
EC - Corporativo;
LC - Corporativo Ultra; 
PG - Estatal Corporativo;
PP - Estatal Corporativo Ultra

Movimentações: O FUNDO oferece mecanismo de aplicação e resgate automáticos, exigindo a manutenção de um saldo em caixa adequado para suportar movimentações ocorridas após o fechamento do mercado.

Para ativar a funcionalidade de Resgate Automático, acessar o SIART -> Movimentação Automática -> Marcar

As regras da funcionalidade de Movimentação Automática estão descritas no MN TE099.

**Esse fundo não possui adiantamento de resgate, os resgates efetuados ficarão disponíveis no processamento noturno.
",2026-06-30T00:00:00Z,FI657,CAIXA AMETISTA CORPORATIVO FIC FIF RF SIMPLES - RESP LTDA,CAIXA AMETISTA CORPORATIVO FUNDO DE INVESTIMENTO EM COTAS DE CLASSE DE FUNDO DE INVESTIMENTO FINANCEIRO RENDA FIXA SIMPLES - RESP LIMITADA,CAIXA AMETISTA CORPORATIVO FIC FIF RF SIMPLES - RESP LTDA 7861 51255391000126 51.255.391/0001-26,GERAL,17h00,Não,Não,,NÃO SE APLICA,PJ PRIV,PJ Atacado,,,,2023-07-12T00:00:00Z
RENDA FIXA,CAIXA FIC FIF EQUILIBRIO MPE RF LP RESP LTDA,CAIXA FIC FIF EQUILIBRIO MPE RF LP RESP LTDA,05/07/2006,"5,95412700","0,051","0,25","6,74","13,91","41,247",PJ,PJ,https://www.caixa.gov.br/fundos-investimento/renda-fixa/caixa-equilibrio-mpe-rf-lp/,Sim,nome_exato,07986172000125,5405,5405,PJ,PJ,Moderado,CDI,Renda Fixa,RF até 49% Crédito Privado,LONGO PRAZO,1.0,1.0,1000.0,100.0,100.0,100.0,D+0 (du),D+0 (du),D+00 (du),17:00,Sim,Não,Não,Sim,"[""PJ Varejo""]","[""PJ Varejo""]",http://www.caixa.gov.br/fundos-investimento/renda-fixa/fic-fortalecer-rf-longo-prazo/,,https://www.caixa.gov.br/downloads/aplicacao-financeira-regulamentos/RG_5405.pdf,https://www.caixa.gov.br/Downloads/aplicacao-financeira-termos-adesao/TA_5405.pdf,https://www.caixa.gov.br/Downloads/aplicacao-financeira-comunicado-aos-cotistas/FR_5405.pdf,https://www.caixa.gov.br/Downloads/aplicacao-financeira-inf-com/FIC_5405.pdf,,"*Nome alterado de CAIXA FIC FORTALECER RF LONGO PRAZO para CAIXA FIC EQUILIBRIO MPE RF LONGO PRAZO, em 15 JAN 2024, conforme aprovado em Assembleia Geral de Cotistas.

Este Fundo não está adaptado às normas vigentes para RPPS (Regimes Próprios de Previdência Social).",2026-06-30T00:00:00Z,FI657,CAIXA FIC FIF EQUILIBRIO MPE RF LP - RESP LTDA,CAIXA EQUILIBRIO MPE FUNDO DE INVESTIMENTO EM COTAS DE CLASSE DE FUNDO DE INVESTIMENTO FINANCEIRO RENDA FIXA LONGO PRAZO - RESPONSABILIDADE LIMITADA,CAIXA FIC FIF EQUILIBRIO MPE RF LP - RESP LTDA 5405 07986172000125 07.986.172/0001-25,GERAL,17h00,Não,Não,90.0,AUTOMATICO,PJ PRIV,PJ Varejo,,,,2006-07-05T00:00:00Z
RENDA FIXA,CAIXA FIF SAUDE SUPLEMENTAR ANS RF LP - RESP LTDA,CAIXA FIF SAUDE SUPLEMENTAR ANS RF LP - RESP LTDA,15/07/2008,"5,18357600","0,051","0,26","7,00","14,46","800,522",PJ,PJ,https://www.caixa.gov.br/fundos-investimento/renda-fixa/fi-saude-suplementar-anf-rf,Sim,nome_exato,09181268000141,5080,5080,PJ,PJ,Conservador,CDI,Renda Fixa,RF 100% TPF - Longo Prazo,LONGO PRAZO,0.35,0.35,1000.0,0.01,100.0,0.01,D+0 (du),D+0 (du),D+00 (du),17:00,Sim,Não,Não,Sim,,,http://www.caixa.gov.br/fundos-investimento/renda-fixa/fi-saude-suplementar-anf-rf,,https://www.caixa.gov.br/downloads/aplicacao-financeira-regulamentos/RG_5080.pdf,https://www.caixa.gov.br/Downloads/aplicacao-financeira-termos-adesao/TA_5080.pdf,,https://www.caixa.gov.br/Downloads/aplicacao-financeira-inf-com/FIC_5080.pdf,,"¹Condições excepcionais de estorno e movimentação retroativa estão descritas no TE099.
1.	Para providenciar o resgate, a unidade de relacionamento deverá acessar o endereço:  
https://www2.ans.gov.br/SAGA-externo/pages/validaAutorizacao.xhtml
2.	Validar o resgate com o código recebido pela Operadora. 
3.	Desbloquear as cotas no SIART, conforme preceitos do TE099. 
4.	Efetuar o comando de resgate no SIART em D+1 do dia do desbloqueio das cotas, conforme TE099.",2026-06-30T00:00:00Z,FI657,CAIXA FIf SAUDE SUPLEMENTAR - ANS RF LP - RESP LTDA,CAIXA SAÚDE SUPLEMENTAR - ANS FUNDO DE INVESTIMENTO FINANCEIRO RENDA FIXA LONGO PRAZO - RESPONSABILIDADE LIMITADA,CAIXA FIf SAUDE SUPLEMENTAR - ANS RF LP - RESP LTDA 5080 09181268000141 09.181.268/0001-41,GERAL,17h00,Não,Não,90.0,AUTOMATICO,PJ PRIV,,,,,2008-07-15T00:00:00Z
RENDA FIXA,CAIXA FIC FIF TITULO PUBLICO MPE RF LP RESP LTDA,CAIXA FIC FIF TITULO PUBLICO MPE RF LP RESP LTDA,05/10/2012,"3,25550300","0,049","0,25","6,82","13,85","25,608",PJ,PJ,https://www.caixa.gov.br/fundos-investimento/renda-fixa/caixa-fic-tp-mpe-rf-lp/,Sim,nome_exato,15154429000100,5833,5833,PJ,PJ,Conservador,CDI,Renda Fixa,RF 100% TPF - Longo Prazo,LONGO PRAZO,0.5,0.5,1000.0,100.0,100.0,100.0,D+0 (du),D+0 (du),D+00 (du),17:00,Sim,Não,Não,Sim,"[""PJ Varejo""]","[""PJ Varejo""]",http://www.caixa.gov.br/fundos-investimento/e-fundos/fic-expandir-renda-fixa-longo-prazo/,,https://www.caixa.gov.br/downloads/aplicacao-financeira-regulamentos/RG_5833.pdf,https://www.caixa.gov.br/Downloads/aplicacao-financeira-termos-adesao/TA_5833.pdf,https://www.caixa.gov.br/Downloads/aplicacao-financeira-comunicado-aos-cotistas/FR_5833.pdf,https://www.caixa.gov.br/Downloads/aplicacao-financeira-inf-com/FIC_5833.pdf,,"Fundo reaberto para novas aplicações a partir de 15/01/2024 (inclusive).

Este Fundo não está adaptado às normas vigentes para RPPS (Regimes Próprios de Previdência Social).

Nome alterado de CAIXA FIC EXPANDIR RF LP para CAIXA FIC TITULO PUBLICO MPE RF LP, em 15 JAN 2024, conforme aprovado em Assembleia Geral de Cotistas.",2026-06-30T00:00:00Z,FI657,CAIXA FIC FIF TITULO PUBLICO MPE RF LP - RESP LTDA,CAIXA TÍTULO PÚBLICO MPE FUNDO DE INVESTIMENTO EM COTAS DE CLASSE DE FUNDO DE INVESTIMENTO FINANCEIRO RENDA FIXA LONGO PRAZO - RESP LIMITADA,CAIXA FIC FIF TITULO PUBLICO MPE RF LP - RESP LTDA 5833 15154429000100 15.154.429/0001-00,GERAL,17h00,Não,Não,90.0,AUTOMATICO,PJ PRIV,PJ Varejo,,,,2012-10-05T00:00:00Z
RENDA FIXA,CAIXA FIC FIF PATRIMONIO IND.DE PRECOS RF LP RESP LTDA,CAIXA FIC FIF PATRIMONIO IND.DE PRECOS RF LP RESP LTDA,03/01/2000,"23,86832100","0,027","0,29","6,60","11,89","94,350",PJ,PJ,https://www.caixa.gov.br/fundos-investimento/renda-fixa/fic-patrimonio-indice-precos-rf-longo-prazo,Sim,nome_exato,03191874000161,0046,46,PJ,PJ,Moderado,IPCA+6%,Renda Fixa,RF Índice de Preços,LONGO PRAZO,0.3,0.3,100000.0,100.0,10000.0,100.0,D+0 (du),D+3 (du),D+03 (du),17:00,Sim,Não,Não,Sim,"[""Institucional"", ""PJ Atacado""]","[""Institucional"", ""PJ Atacado""]",http://www.caixa.gov.br/fundos-investimento/renda-fixa/fic-patrimonio-indice-precos-rf-longo-prazo,,https://www.caixa.gov.br/downloads/aplicacao-financeira-regulamentos/RG_0046.pdf,https://www.caixa.gov.br/Downloads/aplicacao-financeira-termos-adesao/TA_0046.pdf,,https://www.caixa.gov.br/Downloads/aplicacao-financeira-inf-com/FIC_0046.pdf,,Este Fundo não está adaptado às normas vigentes para RPPS (Regimes Próprios de Previdência Social).,2026-06-30T00:00:00Z,FI657,CAIXA FIC FIF PATRIMONIO IND.DE PRECOS RF LP RESP LTDA,CAIXA PATRIMÔNIO ÍNDICE DE PREÇOS FUNDO DE INVESTIMENTO EM COTAS DE CLASSE DE FUNDO DE INVESTIMENTO FINANCEIRO RENDA FIXA LONGO PRAZO - RESP LIMITADA,CAIXA FIC FIF PATRIMONIO IND.DE PRECOS RF LP RESP LTDA 0046 03191874000161 03.191.874/0001-61,GERAL,17h00,Não,Não,90.0,AUTOMATICO,PJ PRIV,"INST, PJ Atacado",,https://web.microsoftstream.com/video/140b7682-00df-491d-b451-73ae70a040fa?channelId=772517ff-88ae-4298-88f2-3ed5a5893c3e,,2000-01-03T00:00:00Z
RENDA FIXA,CAIXA GIRO EMPRESAS FIC FIF RF REF DI LP RESP LTDA,CAIXA GIRO EMPRESAS FIC FIF RF REF DI LP RESP LTDA,27/03/2013,"3,31102600","0,050","0,25","6,87","14,21","7.805,287",PJ,PJ,https://www.caixa.gov.br/fundos-investimento/referenciados/fic-giro-empresas-ref-di-longo-prazo/Paginas/default.aspx,Sim,nome_exato,16916063000122,5901,5901,PJ,PJ,Conservador,CDI,Renda Fixa,RF DI até 49% Crédito Privado,LONGO PRAZO,0.4,0.4,500000.0,100.0,0.02,0.01,D+0 (du),D+0 (du),D+00 (du),18:00,Sim,Não,Sim,Não,"[""Institucional"", ""PJ Atacado"", ""PJ Varejo""]","[""Institucional"", ""PJ Atacado"", ""PJ Varejo""]",http://www.caixa.gov.br/fundos-investimento/referenciados/fic-giro-empresas-ref-di-longo-prazo,,https://www.caixa.gov.br/downloads/aplicacao-financeira-regulamentos/RG_5901.pdf,https://www.caixa.gov.br/Downloads/aplicacao-financeira-termos-adesao/TA_5901.pdf,,https://www.caixa.gov.br/Downloads/aplicacao-financeira-inf-com/FIC_5901.pdf,,"Este Fundo não está adaptado às normas vigentes para RPPS (Regimes Próprios de Previdência Social).

OBS: Fundo com movimentação exclusiva na plataforma.caixa

Movimentações: O FUNDO oferece mecanismo resgate automático.

Para ativar a funcionalidade de Resgate Automático, acessar o SIART -> Movimentação Automática -> Marcar

As regras da funcionalidade de Movimentação Automática estão descritas no MN TE099.

**Esse fundo não possui adiantamento de resgate, os resgates efetuados ficarão disponíveis no processamento noturno.",2026-06-30T00:00:00Z,FI657,CAIXA GIRO EMPRESAS FIC FIF RF REF DI LP - RESP LTDA,CAIXA GIRO EMPRESAS FUNDO DE INVESTIMENTO EM COTAS DE CLASSE DE FUNDO DE INVESTIMENTO FINANCEIRO RENDA FIXA REFERENCIADO DI LP - RESP LIMITADA,CAIXA GIRO EMPRESAS FIC FIF RF REF DI LP - RESP LTDA 5901 16916063000122 16.916.063/0001-22,GERAL,18h00,Não,Não,,NÃO SE APLICA,PJ PRIV,"INST, PJ Atacado, PJ Varejo",,,,2013-03-27T00:00:00Z
RENDA FIXA,CAIXA FIF DIAMANTE CORP RF CRED PRIV LP - RESP LTDA,CAIXA FIF DIAMANTE CORP RF CRED PRIV LP - RESP LTDA,06/11/2019,"1.909,87986000","0,055","0,27","7,29","15,10","16.768,729",PJ,PJ,https://www.caixa.gov.br/fundos-investimento/empresa/renda-fixa/credito-privado/caixa-fi-diamante-corporativo-rf-cred-priv-lp,Sim,nome_aproximado_0.86,29157520000194,6445,6445,PJ,PJ,Conservador,CDI,Renda Fixa,RF Crédito Privado permite Risco Mercado,LONGO PRAZO,0.12,,3000000.0,100.0,300000.0,100.0,D+0 (du),D+0 (du),D+00 (du),17:00,Sim,Não,Não,Sim,"[""Institucional"", ""PJ Atacado"", ""PJ Varejo""]","[""Institucional"", ""PJ Atacado"", ""PJ Varejo""]",http://www.caixa.gov.br/fundos-investimento/empresa/renda-fixa/credito-privado/caixa-fi-diamante-corporativo-rf-cred-priv-lp,,https://www.caixa.gov.br/downloads/aplicacao-financeira-regulamentos/RG_6445.pdf,https://www.caixa.gov.br/Downloads/aplicacao-financeira-termos-adesao/TA_6445.pdf,,https://www.caixa.gov.br/Downloads/aplicacao-financeira-inf-com/FIC_6445.pdf,,,2026-06-30T00:00:00Z,FI657,CAIXA FIF DIAMANTE RF CRED PRIV LP - RESP LTDA,CAIXA DIAMANTE CORPORATIVO FUNDO DE INVESTIMENTO FINANCEIRO RENDA FIXA CRÉDITO PRIVADO LONGO PRAZO - RESPONSABILIDADE LIMITADA,CAIXA FIF DIAMANTE RF CRED PRIV LP - RESP LTDA 6445 29157520000194 29.157.520/0001-94,PROFISSIONAL,17h00,Não,Não,95.0,AUTOMATICO,PJ PRIV,"INST, PJ Atacado, PJ Varejo",,https://web.microsoftstream.com/video/513ae285-b3cb-42e6-a51a-984face9af08?channelId=772517ff-88ae-4298-88f2-3ed5a5893c3e,,2019-11-06T00:00:00Z
RENDA FIXA,CAIXA FIF SAFIRA CORPORATIVO RF LP - RESP LTDA,CAIXA FIF SAFIRA CORPORATIVO RF LP - RESP LTDA,11/05/2009,"4,93631600","0,051","0,26","7,06","14,64","3.009,214",PJ,PJ,https://www.caixa.gov.br/fundos-investimento/renda-fixa/referenciados/fi-safira-corporativo-rf-lp,Sim,nome_exato,10384413000170,5148,5148,PJ,PJ,Conservador,CDI,Renda Fixa,RF 100% TPF - Longo Prazo,LONGO PRAZO,0.1,0.1,3000000.0,100.0,300000.0,100.0,D+0 (du),D+0 (du),D+00 (du),17:00,Sim,Não,Não,Sim,"[""Institucional"", ""PJ Atacado"", ""PJ Varejo""]","[""Institucional"", ""PJ Atacado"", ""PJ Varejo""]",https://www.caixa.gov.br/fundos-investimento/renda-fixa/referenciados/fi-safira-corporativo-rf-lp,,https://www.caixa.gov.br/downloads/aplicacao-financeira-regulamentos/RG_5148.pdf,https://www.caixa.gov.br/Downloads/aplicacao-financeira-termos-adesao/TA_5148.pdf,,https://www.caixa.gov.br/Downloads/aplicacao-financeira-inf-com/FIC_5148.pdf,,"

",2026-06-30T00:00:00Z,FI657,CAIXA FIF SAFIRA CORPORATIVO RF LP - RESP LTDA,CAIXA SAFIRA CORPORATIVO FUNDO DE INVESTIMENTO FINANCEIRO RENDA FIXA LONGO PRAZO - RESPONSABILIDADE LIMITADA,CAIXA FIF SAFIRA CORPORATIVO RF LP - RESP LTDA 5148 10384413000170 10.384.413/0001-70,GERAL,17h00,Não,Não,90.0,AUTOMATICO,PJ PRIV,"INST, PJ Atacado, PJ Varejo",,https://web.microsoftstream.com/video/edcf6e85-7c1c-4dd4-9cc1-599dd69841dc?channelId=772517ff-88ae-4298-88f2-3ed5a5893c3e,,2009-05-11T00:00:00Z
RENDA FIXA,CAIXA FIC INST SOBERANO PLUS RF (8),CAIXA FIC INST SOBERANO PLUS RF (8),21/10/2022,"1,56777802","0,052","0,26","7,09","14,69","607,997",PJ,PJ,https://www.caixa.gov.br/fundos-investimento/renda-fixa/fic-institucional-soberano-plus-rf-lp/Paginas/default.aspx,Sim,nome_aproximado_0.80,42196029000130,6606,6606,"PF, PJ²","PF, PJ²",Moderado,CDI,Renda Fixa,RF 100% TPF,LONGO PRAZO,0.1,0.1,5000000.0,100.0,500000.0,100.0,D+0 (du),D+0 (du),D+00 (du),16:00,Sim,Não,Não,Não,,,https://www.caixa.gov.br/fundos-investimento/renda-fixa/fic-institucional-soberano-plus-rf-lp,,https://www.caixa.gov.br/downloads/aplicacao-financeira-regulamentos/RG_6606.pdf,https://www.caixa.gov.br/Downloads/aplicacao-financeira-termos-adesao/TA_6606.pdf,,https://www.caixa.gov.br/Downloads/aplicacao-financeira-inf-com/FIC_6606.pdf,,,2026-06-30T00:00:00Z,FI657,CAIXA FIC FIF INSTITUCIONAL SOBERANO PLUS RF - RESP LTDA,CAIXA INSTITUCIONAL SOBERANO PLUS FUNDO DE INVESTIMENTO EM COTAS DE CLASSE DE FUNDO DE INVESTIMENTO FINANCEIRO RENDA FIXA - RESPONSABILIDADE LIMITADA,CAIXA FIC FIF INSTITUCIONAL SOBERANO PLUS RF - RESP LTDA 6606 42196029000130 42.196.029/0001-30,GERAL,16h00,Não,Não,,NÃO SE APLICA,"PF, PJ PRIV",,,,,2022-10-21T00:00:00Z
RENDA FIXA,CAIXA FIF SAUDE SUPLEMENTAR ANS II RF LP - RESP LTDA,CAIXA FIF SAUDE SUPLEMENTAR ANS II RF LP - RESP LTDA,04/12/2008,"5,18654600","0,052","0,26","7,13","14,74","308,723",PJ,PJ,https://www.caixa.gov.br/fundos-investimento/renda-fixa/fi-saude-suplementar-ans-ii-rf-longo-prazo,Sim,nome_exato,09548725000193,5132,5132,PJ,PJ,Conservador,CDI,Renda Fixa,RF 100% TPF - Longo Prazo,LONGO PRAZO,0.07,0.2,10000000.0,0.01,0.01,0.01,D+0 (du),D+0 (du),D+00 (du),17:00,Sim,Não,Não,Sim,,,https://www.caixa.gov.br/fundos-investimento/renda-fixa/fi-saude-suplementar-ans-ii-rf-longo-prazo,,https://www.caixa.gov.br/downloads/aplicacao-financeira-regulamentos/RG_5132.pdf,https://www.caixa.gov.br/Downloads/aplicacao-financeira-termos-adesao/TA_5132.pdf,,https://www.caixa.gov.br/Downloads/aplicacao-financeira-inf-com/FIC_5132.pdf,,"¹Condições excepcionais de estorno e movimentação retroativa estão descritas no TE099.
1.	Para providenciar o resgate, a unidade de relacionamento deverá acessar o endereço:  
https://www2.ans.gov.br/SAGA-externo/pages/validaAutorizacao.xhtml
2.	Validar o resgate com o código recebido pela Operadora. 
3.	Desbloquear as cotas no SIART, conforme preceitos do TE099. 
4.	Efetuar o comando de resgate no SIART em D+1 do dia do desbloqueio das cotas, conforme TE099.",2026-06-30T00:00:00Z,FI657,CAIXA FIF SAUDE SUPLEMENTAR ANS II RF LP - RESP LTDA,CAIXA SAUDE SUPLEMENTAR - ANS II FUNDO DE INVESTIMENTO FINANCEIRO RENDA FIXA LONGO PRAZO - RESPONSABILIDADE LIMITADA,CAIXA FIF SAUDE SUPLEMENTAR ANS II RF LP - RESP LTDA 5132 09548725000193 09.548.725/0001-93,QUALIFICADO,17h00,Não,Não,90.0,AUTOMATICO,PJ PRIV,,,,,2008-12-04T00:00:00Z
RENDA FIXA,CAIXA FIF CNI RF LP - RESP LTDA,CAIXA FIF CNI RF LP - RESP LTDA,26/01/2005,"8,81248400","0,052","0,26","7,01","14,60","3.933,194",PJ,PJ,https://www.caixa.gov.br/fundos-investimento/empresa/renda-fixa/fi-cni-rf-longo-prazo/Paginas/default.aspx,Sim,nome_aproximado_0.75,03191874000161,0046,46,PJ,PJ,Moderado,IPCA+6%,Renda Fixa,RF Índice de Preços,LONGO PRAZO,0.3,0.3,100000.0,100.0,10000.0,100.0,D+0 (du),D+3 (du),D+03 (du),17:00,Sim,Não,Não,Sim,"[""Institucional"", ""PJ Atacado""]","[""Institucional"", ""PJ Atacado""]",http://www.caixa.gov.br/fundos-investimento/renda-fixa/fic-patrimonio-indice-precos-rf-longo-prazo,,https://www.caixa.gov.br/downloads/aplicacao-financeira-regulamentos/RG_0046.pdf,https://www.caixa.gov.br/Downloads/aplicacao-financeira-termos-adesao/TA_0046.pdf,,https://www.caixa.gov.br/Downloads/aplicacao-financeira-inf-com/FIC_0046.pdf,,Este Fundo não está adaptado às normas vigentes para RPPS (Regimes Próprios de Previdência Social).,2026-06-30T00:00:00Z,FI657,CAIXA FIC FIF PATRIMONIO IND.DE PRECOS RF LP RESP LTDA,CAIXA PATRIMÔNIO ÍNDICE DE PREÇOS FUNDO DE INVESTIMENTO EM COTAS DE CLASSE DE FUNDO DE INVESTIMENTO FINANCEIRO RENDA FIXA LONGO PRAZO - RESP LIMITADA,CAIXA FIC FIF PATRIMONIO IND.DE PRECOS RF LP RESP LTDA 0046 03191874000161 03.191.874/0001-61,GERAL,17h00,Não,Não,90.0,AUTOMATICO,PJ PRIV,"INST, PJ Atacado",,https://web.microsoftstream.com/video/140b7682-00df-491d-b451-73ae70a040fa?channelId=772517ff-88ae-4298-88f2-3ed5a5893c3e,,2000-01-03T00:00:00Z
RENDA FIXA,CAIXA FIF SEBRAE RF LP RESP LTDA,CAIXA FIF SEBRAE RF LP RESP LTDA,22/12/2000,"18,12784200","0,052","0,26","7,07","14,70","4.786,145",PJ,PJ,https://www.caixa.gov.br/fundos-investimento/empresa/renda-fixa/fi-sebrae-rf-longo-prazo/Paginas/default.aspx,Sim,nome_exato,03737227000102,5053,5053,PJ,PJ,Moderado,CDI,Renda Fixa,RF até 49% Crédito Privado,LONGO PRAZO,,,0.01,0.01,0.01,0.01,D+0 (du),D+0 (du),D+01 (du),17:00,Sim,Não,Não,Sim,,,,,https://www.caixa.gov.br/downloads/aplicacao-financeira-regulamentos/RG_5053.pdf,https://www.caixa.gov.br/Downloads/aplicacao-financeira-termos-adesao/TA_5053.pdf,,https://www.caixa.gov.br/Downloads/aplicacao-financeira-inf-com/FIC_5053.pdf,,,2026-06-30T00:00:00Z,FI657,CAIXA FIF SEBRAE RF LP - RESP LTDA,SEBRAE CLASSE DE FUNDO DE INVESTIMENTO FINANCEIRO RENDA FIXA LONGO PRAZO - RESPONSABILIDADE LIMITADA,CAIXA FIF SEBRAE RF LP - RESP LTDA 5053 03737227000102 03.737.227/0001-02,QUALIFICADO,17h00,Não,Não,90.0,AUTOMATICO,PJ PRIV,,,,,2000-12-22T00:00:00Z
RENDA FIXA REFERENCIADO,CAIXA FIC FIF GIRO MPE REF DI LP RESP LTDA,CAIXA FIC FIF GIRO MPE REF DI LP RESP LTDA,09/09/2013,"2,85574400","0,047","0,23","6,39","13,20","13.638,049",PJ,PJ,https://www.caixa.gov.br/fundos-investimento/referenciados/fic-giro-mpe-ref-di-longo-prazo/Paginas/default.aspx,Sim,nome_aproximado_1.00,10551370000170,5948,5948,PJ,PJ,Conservador,CDI,Renda Fixa,RF DI até 49% Crédito Privado,LONGO PRAZO,1.3,1.3,1000.0,100.0,0.02,0.01,D+0 (du),D+0 (du),D+00 (du),18:00,Sim,Não,Sim,Não,"[""PJ Atacado"", ""PJ Varejo""]","[""PJ Atacado"", ""PJ Varejo""]",http://www.caixa.gov.br/fundos-investimento/referenciados/fic-giro-mpe-ref-di-longo-prazo,,https://www.caixa.gov.br/downloads/aplicacao-financeira-regulamentos/RG_5948.pdf,https://www.caixa.gov.br/Downloads/aplicacao-financeira-termos-adesao/TA_5948.pdf,,https://www.caixa.gov.br/Downloads/aplicacao-financeira-inf-com/FIC_5948.pdf,,"Este Fundo não está adaptado às normas vigentes para RPPS (Regimes Próprios de Previdência Social).

OBS: Fundo com movimentação exclusiva na plataforma.caixa

Movimentações: O FUNDO oferece mecanismo resgate automático.

Para ativar a funcionalidade de Resgate Automático, acessar o SIART -> Movimentação Automática -> Marcar

As regras da funcionalidade de Movimentação Automática estão descritas no MN TE099.

**Esse fundo não possui adiantamento de resgate, os resgates efetuados ficarão disponíveis no processamento noturno.",2026-06-30T00:00:00Z,FI657,CAIXA GIRO MPE FIC FIF RF REF DI LP - RESP LTDA,CAIXA GIRO MPE FUNDO DE INVESTIMENTO EM COTAS DE CLASSE DE FUNDO DE INVESTIMENTO FINANCEIRO RENDA FIXA REFERENCIADO DI LONGO PRAZO - RESP LIMITADA,CAIXA GIRO MPE FIC FIF RF REF DI LP - RESP LTDA 5948 10551370000170 10.551.370/0001-70,GERAL,18h00,Não,Não,,NÃO SE APLICA,PJ PRIV,"PJ Atacado, PJ Varejo",,,,2013-09-09T00:00:00Z
RENDA FIXA REFERENCIADO,CAIXA FIF TOPAZIO CORP RF REFERENC DI - RESP LTDA,CAIXA FIF TOPAZIO CORP RF REFERENC DI - RESP LTDA,22/06/2010,"4,48241100","0,052","0,26","7,15","14,78","14.056,695",PJ,PJ,https://www.caixa.gov.br/fundos-investimento/renda-fixa/referenciados/fic-topazio-rf-ref-di-lp/Paginas/default.aspx,Sim,nome_aproximado_0.83,11061230000187,5189,5189,PJ,PJ,Conservador,CDI,Renda Fixa,RF REF DI 100% TPF,LONGO PRAZO,0.1,0.1,3000000.0,100.0,300000.0,100.0,D+0 (du),D+0 (du),D+00 (du),17:00,Sim,Não,Não,Sim,"[""Institucional"", ""PJ Atacado"", ""PJ Varejo""]","[""Institucional"", ""PJ Atacado"", ""PJ Varejo""]",https://www.caixa.gov.br/fundos-investimento/renda-fixa/referenciados/fic-topazio-rf-ref-di-lp,,https://www.caixa.gov.br/downloads/aplicacao-financeira-regulamentos/RG_5189.pdf,https://www.caixa.gov.br/Downloads/aplicacao-financeira-termos-adesao/TA_5189.pdf,,https://www.caixa.gov.br/Downloads/aplicacao-financeira-inf-com/FIC_5189.pdf,,,2026-06-30T00:00:00Z,FI657,CAIXA FIF TOPAZIO CORP RF REF DI LP - RESP LTDA,CAIXA TOPÁZIO CORPORATIVO FUNDO DE INVESTIMENTO FINANCEIRO RENDA FIXA REFERENCIADO DI LONGO PRAZO - RESPONSABILIDADE LIMITADA,CAIXA FIF TOPAZIO CORP RF REF DI LP - RESP LTDA 5189 11061230000187 11.061.230/0001-87,GERAL,17h00,Não,Não,95.0,AUTOMATICO,PJ PRIV,"INST, PJ Atacado, PJ Varejo, RPPS",https://www.caixa.gov.br/Downloads/aplicacao-financeira-qdd/QDD_5189.pdf,https://web.microsoftstream.com/video/6e74c0e2-b2c6-4bd6-9b53-5982d3f1b8e1?channelId=772517ff-88ae-4298-88f2-3ed5a5893c3e,,2010-06-22T00:00:00Z
RENDA FIXA REFERENCIADO,CAIXA FIC ESMERALDA CORP RF REF DI CRED PRIV LP - RESP LTDA,CAIXA FIC ESMERALDA CORP RF REF DI CRED PRIV LP - RESP LTDA,03/11/2023,"1,39112100","0,053","0,26","7,23","15,01","3.681,324",PJ,PJ,https://www.caixa.gov.br/fundos-investimento/referenciados/fic-esmeralda-corp-ref-di/Paginas/default.aspx,Sim,nome_exato,52699555000177,6996,6996,PJ,PJ,Conservador,OUTROS,Renda Fixa,RF Crédito Privado sem Risco Mercado,LONGO PRAZO,0.12,0.12,3000000.0,100.0,300000.0,100.0,D+0 (du),D+0 (du),D+00 (du),17:00,Sim,Não,Não,Não,"[""Institucional"", ""PJ Atacado"", ""PJ Varejo""]","[""Institucional"", ""PJ Atacado"", ""PJ Varejo""]",https://www.caixa.gov.br/fundos-investimento/referenciados/fic-esmeralda-corp-ref-di/Paginas/default.aspx,,https://www.caixa.gov.br/downloads/aplicacao-financeira-regulamentos/RG_6996.pdf,https://www.caixa.gov.br/Downloads/aplicacao-financeira-termos-adesao/TA_6996.pdf,,https://www.caixa.gov.br/Downloads/aplicacao-financeira-inf-com/FIC_6996.pdf,,,2026-06-30T00:00:00Z,FI657,CAIXA FIC FIF ESMERALDA CORP RF REF DI CRED PRIV LP - RL,CAIXA ESMERALDA CORPORATIVO FIC DE CLASSE DE FUNDO DE INVESTIMENTO FINANCEIRO RENDA FIXA REFERENCIADO DI CRÉDITO PRIVADO LONGO PRAZO - RESP LIMITADA,CAIXA FIC FIF ESMERALDA CORP RF REF DI CRED PRIV LP - RL 6996 52699555000177 52.699.555/0001-77,GERAL,17h00,Não,Não,95.0,AUTOMATICO,PJ PRIV,"INST, PJ Atacado, PJ Varejo",,,,2023-11-03T00:00:00Z
RENDA FIXA CURTO PRAZO,CAIXA FIC FIF TURQUESA CORPORATIVO RF CP RESP LTDA (8),CAIXA FIC FIF TURQUESA CORPORATIVO RF CP RESP LTDA (8),01/10/2020,"1.793,82339900","0,051","0,25","7,04","14,59","1.684,937",PJ,PJ,https://www.caixa.gov.br/fundos-investimento/voce/renda-fixa/fic-turquesa-corporativo-curto-prazo,Sim,nome_aproximado_0.80,30068141000107,5946,5946,PJ,PJ,Conservador,CDI,Renda Fixa,RF 100% TPF - Curto Prazo,CURTO PRAZO,0.1,,3000000.0,100.0,300000.0,100.0,D+0 (du),D+0 (du),D+00 (du),17:00,Sim,Não,Não,Sim,"[""Institucional"", ""PJ Atacado""]","[""Institucional"", ""PJ Atacado""]",https://www.caixa.gov.br/fundos-investimento/voce/renda-fixa/fic-turquesa-corporativo-curto-prazo,,https://www.caixa.gov.br/downloads/aplicacao-financeira-regulamentos/RG_5946.pdf,https://www.caixa.gov.br/Downloads/aplicacao-financeira-termos-adesao/TA_5946.pdf,,https://www.caixa.gov.br/Downloads/aplicacao-financeira-inf-com/FIC_5946.pdf,,,2026-06-30T00:00:00Z,FI657,CAIXA FIC FIF TURQUESA CORPORATIVO RF CURTO PRAZO - RESP LTDA,CAIXA TURQUESA CORPORATIVO FUNDO DE INVESTIMENTO EM COTAS DE CLASSE DE FUNDO DE INVESTIMENTO FINANCEIRO RENDA FIXA CURTO PRAZO - RESP LIMITADA,CAIXA FIC FIF TURQUESA CORPORATIVO RF CURTO PRAZO - RESP LTDA 5946 30068141000107 30.068.141/0001-07,GERAL,17h00,Não,Não,100.0,AUTOMATICO,PJ PRIV,"INST, PJ Atacado",,https://web.microsoftstream.com/video/b2ec8a38-dced-4be0-9b7d-e8ceaec2a86e?channelId=772517ff-88ae-4298-88f2-3ed5a5893c3e,,2020-10-01T00:00:00Z
