Categoria,Fundo,Fundo_norm,Data Inicio,Cota (R$),Variacao Dia (%),Acum. Mes (%),Acum. Ano (%),Acum. 12M (%),PL (milhoes R$),Perfil,Perfis,URL,Match Asset,Tipo Match Asset,CNPJ,Código SIICO,Código SIICO Num,Código SIART,Oferta SIART,Risco,Benchmark,Classificação CVM,Estratégia,Tributação,Taxa Adm Cliente (%),Taxa Adm Máxima (%),Aplicação Inicial (R$),Aplicação Adicional Mínima (R$),Saldo Mínimo (R$),Resgate Mínimo (R$),Conversão Aplicação,Conversão Resgate,Pagamento Resgate,Horário Limite,Aberto Captação,ASG,Movimentação Automática,Adiantamento Resgate,Público Alvo Asset,Segmento Asset,Link Página Fundo,Link Lâmina,Link Regulamento,Link Termo Adesão,Link Fato Relevante,Link Info Complementar,Link Sumário,Observação Asset,Data Cota Asset,Código MN,Nome Asset,Razão Social,Pesquisa Index Asset,Classificação Investidor,Horário Resgate,Lançamento,Carência,% Adiantamento Resgate,Adiant. Manual/Automático,Destino,Oferta IBC,Link Due Diligence,Link Raio X,Link Boletim Comercial,Data Início Asset
RENDA FIXA SIMPLES,CAIXA FIF E-SIMPLES RENDA FIXA LP RESP LTDA,CAIXA FIF E-SIMPLES RENDA FIXA LP RESP LTDA,15/10/2015,"2,31255500","0,045","0,50","7,62","12,71","402,155",PF,PF | PJ | TODOS,https://www.caixa.gov.br/fundos-investimento/renda-fixa/fi-renda-fixa-simples-lp/,Sim,nome_aproximado_0.80,17322725000107,5908,5908,"PF, PJ","PF, PJ",Moderado,CDI,Renda Fixa,RF Crédito Privado sem Risco Mercado,LONGO PRAZO,0.3,0.3,100000.0,100.0,10000.0,100.0,D+0 (du),D+0 (du),D+00 (du),17:00,Sim,Não,Não,Sim,"[""Pessoa Física"", ""PJ Atacado"", ""PJ Varejo"", ""Private""]","[""Pessoa Física"", ""PJ Atacado"", ""PJ Varejo"", ""Private""]",http://www.caixa.gov.br/fundos-investimento/renda-fixa/fic-maxi-renda-fixa-credito-privado-longo-prazo,,https://www.caixa.gov.br/downloads/aplicacao-financeira-regulamentos/RG_5908.pdf,https://www.caixa.gov.br/Downloads/aplicacao-financeira-termos-adesao/TA_5908.pdf,,https://www.caixa.gov.br/Downloads/aplicacao-financeira-inf-com/FIC_5908.pdf,,"*Este Fundo não está adaptado às normas vigentes para RPPS (Regimes Próprios de Previdência Social).




",2026-08-11T00:00:00Z,FI657,CAIXA FIC FIF MAXI RENDA FIXA CRED PRIV LP - RESP LTDA,CAIXA MAXI FUNDO DE INVESTIMENTO EM COTAS DE CLASSE DE FUNDO DE INVESTIMENTO FINANCEIRO RENDA FIXA CRÉDITO PRIVADO LONGO PRAZO - RESP LIMITADA,CAIXA FIC FIF MAXI RENDA FIXA CRED PRIV LP - RESP LTDA 5908 17322725000107 17.322.725/0001-07,GERAL,17h00,Não,Não,90.0,AUTOMATICO,"PF, PJ PRIV","FX, GC, GR, GV, PJ Atacado, PJ Varejo, RPPS",,https://web.microsoftstream.com/video/1689d147-ff5e-41df-9e77-e9270bae338b?channelId=772517ff-88ae-4298-88f2-3ed5a5893c3e,,2013-03-04T00:00:00Z
RENDA FIXA SIMPLES,CAIXA FIC FIF FÁCIL RF SIMPLES RESP LTDA,CAIXA FIC FIF FACIL RF SIMPLES RESP LTDA,24/02/2003,"5,61791000","0,043","0,48","7,47","12,47","6.711,306",PF,PF | PJ | TODOS,https://www.caixa.gov.br/fundos-investimento/fundo-simples/fic-facil-rf-simples,Sim,nome_exato,05114716000133,0088,88,"PF, PJ","PF, PJ",Conservador,SELIC,Renda Fixa,RF Simples 100% TPF,CURTO PRAZO,1.7,1.7,0.01,0.01,0.02,0.01,D+0 (du),D+0 (du),D+00 (du),18:00,Sim,Não,Sim,Não,"[""Institucional"", ""Pessoa Física"", ""PJ Atacado"", ""PJ Varejo"", ""Private""]","[""Institucional"", ""Pessoa Física"", ""PJ Atacado"", ""PJ Varejo"", ""Private""]",http://www.caixa.gov.br/fundos-investimento/fundo-simples/fic-facil-rf-simples,,https://www.caixa.gov.br/downloads/aplicacao-financeira-regulamentos/RG_0088.pdf,https://www.caixa.gov.br/Downloads/aplicacao-financeira-termos-adesao/TA_0088.pdf,,https://www.caixa.gov.br/Downloads/aplicacao-financeira-inf-com/FIC_0088.pdf,,"Movimentação exclusiva pela plataforma e/ou IBC/APP.

Movimentações: O FUNDO oferece mecanismo resgate automático.

Para ativar a funcionalidade de Resgate Automático, acessar o SIART -> Movimentação Automática -> Marcar

As regras da funcionalidade de Movimentação Automática estão descritas no MN TE099.

**Esse fundo não possui adiantamento de resgate, os resgates efetuados ficarão disponíveis no processamento noturno.",2026-08-11T00:00:00Z,FI657,CAIXA FACIL FIC FIF RF SIMPLES - RESP LTDA,CAIXA FÁCIL FUNDO DE INVESTIMENTO EM COTAS DE CLASSE DE FUNDO DE INVESTIMENTO FINANCEIRO RENDA FIXA SIMPLES - RESPONSABILIDADE LIMITADA,CAIXA FACIL FIC FIF RF SIMPLES - RESP LTDA 0088 05114716000133 05.114.716/0001-33,GERAL,18h00,Não,Não,,NÃO SE APLICA,"PF, PJ PRIV","FX, GC, GR, GV, INST, PJ Atacado, PJ Varejo",,,,2003-02-24T00:00:00Z
RENDA FIXA SIMPLES,CAIXA FIC FIF MOVIMENTAÇÕES AUTOMÁTICAS RF SIMPLES RESP LTDA,CAIXA FIC FIF MOVIMENTACOES AUTOMATICAS RF SIMPLES RESP LTDA,13/07/2012,"2,83656900","0,043","0,48","7,46","12,46","780,640",PF,PF | PJ,https://www.caixa.gov.br/fundos-investimento/fundo-simples/fic-movimentacoes-automaticas-rf-simples/Paginas/default.aspx,Sim,nome_exato,14508652000146,5823,5823,"PF, PJ","PF, PJ",Conservador,CDI,Renda Fixa,RF Simples 100% TPF,CURTO PRAZO,1.7,1.7,10.0,0.01,0.01,0.01,D+0 (du),D+0 (du),D+00 (du),18:00,Sim,Não,Sim,Não,"[""Pessoa Física"", ""PJ Varejo"", ""Private""]","[""Pessoa Física"", ""PJ Varejo"", ""Private""]",http://www.caixa.gov.br/fundos-investimento/curto-prazo/fic-movimentacoes-automaticas-curto-prazo/Paginas/default.aspx,,https://www.caixa.gov.br/downloads/aplicacao-financeira-regulamentos/RG_5823.pdf,https://www.caixa.gov.br/Downloads/aplicacao-financeira-termos-adesao/TA_5823.pdf,,https://www.caixa.gov.br/Downloads/aplicacao-financeira-inf-com/FIC_5823.pdf,,"OBS: O Fundo possui a funcionalidade de Aplicação e Resgate Automáticos em caso de adesão pelo cotista, o gerente deverá proceder à contratação no SIART. Para ativar a funcionalidade de Aplicação e Resgate Automáticos, acessar o SIART -> Movimentação Automática -> Marcar

As regras da funcionalidade de Movimentação Automática estão descritas no MN TE099. O Fundo não possui adiantamento de resgate, os resgates efetuados ficarão disponíveis no processamento noturno.

FUNDO NÃO PONTUA NO RESULTADO.CAIXA

Este Fundo não está adaptado às normas vigentes para RPPS (Regimes Próprios de Previdência Social).",2026-08-11T00:00:00Z,FI657,CAIXA MOVIMENTACOES AUTOMATICAS FIC FIF RF SIMPLES - RESP LTDA,CAIXA MOVIMENTAÇÕES AUTOMÁTICAS FUNDO DE INVESTIMENTO EM COTAS DE CLASSE DE FUNDO DE INVESTIMENTO FINANCEIRO RENDA FIXA SIMPLES - RESP LIMITADA,CAIXA MOVIMENTACOES AUTOMATICAS FIC FIF RF SIMPLES - RESP LTDA 5823 14508652000146 14.508.652/0001-46,GERAL,18h00,Não,Não,,NÃO SE APLICA,"PF, PJ PRIV","FX, GC, GR, GV, PJ Varejo",,,,2012-07-13T00:00:00Z
RENDA FIXA,CAIXA FIC FIF RELACIONAMENTO PERSONAL RF LP RESP LTDA,CAIXA FIC FIF RELACIONAMENTO PERSONAL RF LP RESP LTDA,16/04/2012,"3,57382700","0,050","0,57","8,51","14,21","122,544",PF,PF,https://www.caixa.gov.br/fundos-investimento/renda-fixa/fic-relacionamento-personal-rf-longo-prazo,Sim,nome_exato,10577509000155,5565,5565,PF,PF,Moderado,CDI,Renda Fixa,RF até 49% Crédito Privado,LONGO PRAZO,0.7,0.7,0.01,0.01,0.01,0.01,D+0 (du),D+0 (du),D+00 (du),17:00,Sim,Não,Não,Sim,"[""Pessoa Física"", ""Private""]","[""Pessoa Física"", ""Private""]",http://www.caixa.gov.br/fundos-investimento/renda-fixa/fic-relacionamento-personal-rf-longo-prazo,,https://www.caixa.gov.br/downloads/aplicacao-financeira-regulamentos/RG_5565.pdf,https://www.caixa.gov.br/Downloads/aplicacao-financeira-termos-adesao/TA_5565.pdf,https://www.caixa.gov.br/Downloads/aplicacao-financeira-comunicado-aos-cotistas/FR_5565.pdf,https://www.caixa.gov.br/Downloads/aplicacao-financeira-inf-com/FIC_5565.pdf,,"Destinado à Pessoas Físicas que possuam conta-salário na CAIXA, inclusive empregados da CAIXA. Este Fundo não está adaptado às normas vigentes para RPPS (Regimes Próprios de Previdência Social).

Fundo disponível para aplicação somente via conta corrente marcada como conta-salário (CS), ou conta-salário empregado CAIXA. 

Caso ocorra desmarcação da conta, o cotista não poderá realizar novas aplicações no fundo, no entanto as condições do produto permanecem válidas enquanto houver recursos aplicados. 

As regras para marcação e desmarcação da conta estão no CO020.",2026-08-11T00:00:00Z,FI657,CAIXA FIC FIF RELACIONAMENTO PERSONAL RF LP - RESP LTDA,CAIXA RELACIONAMENTO PERSONAL FUNDO DE INVESTIMENTO EM COTAS DE CLASSE DE FUNDO DE INVESTIMENTO FINANCEIRO RENDA FIXA LONGO PRAZO - RESP LIMITADA,CAIXA FIC FIF RELACIONAMENTO PERSONAL RF LP - RESP LTDA 5565 10577509000155 10.577.509/0001-55,GERAL,17h00,Não,Não,90.0,AUTOMATICO,PF,"FX, GC, GR, GV",,,,2012-04-16T00:00:00Z
RENDA FIXA,CAIXA FIC FIF EXCLUSIVO FUNC RF CREDITO PRIVADO LP RESP LTDA,CAIXA FIC FIF EXCLUSIVO FUNC RF CREDITO PRIVADO LP RESP LTDA,20/10/2014,"3,07426300","0,050","0,59","8,78","14,69","1.701,644",PF,PF,,Sim,nome_aproximado_0.71,15154319000149,5972,5972,PF,PF,Moderado,CDI,Renda Fixa,RF Crédito Privado permite Risco Mercado,LONGO PRAZO,0.4,0.4,0.01,0.01,0.01,0.01,D+0 (du),D+0 (du),D+00 (du),17:00,Sim,Não,Não,Sim,"[""Pessoa Física"", ""Private""]","[""Pessoa Física"", ""Private""]",,,https://www.caixa.gov.br/downloads/aplicacao-financeira-regulamentos/RG_5972.pdf,https://www.caixa.gov.br/Downloads/aplicacao-financeira-termos-adesao/TA_5972.pdf,,https://www.caixa.gov.br/Downloads/aplicacao-financeira-inf-com/FIC_5972.pdf,,Fundo destinado a Funcionários e aposentados da Caixa Econômica Federal. Disponível para aplicação somente via conta corrente marcada como conta-salário empregado CAIXA.,2026-08-11T00:00:00Z,FI657,CAIXA FIC FIF EXCLUSIVO FUNCIONARIOS RF CRED PRIVADO LP - RESP LTDA,CAIXA EXCLUSIVO FUNCIONÁRIOS FUNDO DE INVESTIMENTO EM COTAS DE CLASSE DE FUNDO DE INVESTIMENTO FINANCEIRO RENDA FIXA CRÉDITO PRIVADO LONGO PRAZO - RES,CAIXA FIC FIF EXCLUSIVO FUNCIONARIOS RF CRED PRIVADO LP - RESP LTDA 5972 15154319000149 15.154.319/0001-49,GERAL,17h00,Não,Não,90.0,AUTOMATICO,PF,"FX, GC, GR, GV",,,,2014-10-20T00:00:00Z
RENDA FIXA,CAIXA MASTER PLUS FIF RF CRED PRIV LP RESP LTDA,CAIXA MASTER PLUS FIF RF CRED PRIV LP RESP LTDA,21/01/2021,"1.883,95227600","0,048","0,59","8,72","14,55","96,911",PF,PF | PJ,https://www.caixa.gov.br/fundos-investimento/renda-fixa/caixa-fic-plus-rf-credito-privado-lp/Paginas/default.aspx,Sim,nome_aproximado_0.71,10646888000198,5156,5156,"PF, PJ","PF, PJ",Moderado,CDI,Renda Fixa,RF Crédito Privado sem Risco Mercado,LONGO PRAZO,0.5,0.5,10000.0,100.0,1000.0,100.0,D+0 (du),D+0 (du),D+00 (du),17:00,Sim,Não,Não,Sim,"[""Pessoa Física"", ""PJ Varejo"", ""Private""]","[""Pessoa Física"", ""PJ Varejo"", ""Private""]",http://www.caixa.gov.br/fundos-investimento/renda-fixa/fic-expertise-rf-credito-privado-longo-prazo,,https://www.caixa.gov.br/downloads/aplicacao-financeira-regulamentos/RG_5156.pdf,https://www.caixa.gov.br/Downloads/aplicacao-financeira-termos-adesao/TA_5156.pdf,,https://www.caixa.gov.br/Downloads/aplicacao-financeira-inf-com/FIC_5156.pdf,,*Este Fundo não está adaptado às normas vigentes para RPPS (Regimes Próprios de Previdência Social).,2026-08-11T00:00:00Z,FI657,CAIXA FIC FIF EXPERTISE RF CRED PRIV LP - RESP LTDA,CAIXA EXPERTISE FUNDO DE INVESTIMENTO EM COTAS DE CLASSE DE FUNDO DE INVESTIMENTO FINANCEIRO RENDA FIXA CRÉDITO PRIVADO LONGO PRAZO - RESP LIMITADA,CAIXA FIC FIF EXPERTISE RF CRED PRIV LP - RESP LTDA 5156 10646888000198 10.646.888/0001-98,GERAL,17h00,Não,Não,90.0,AUTOMATICO,"PF, PJ PRIV","FX, GC, GR, GV, PJ Varejo",,,,2009-07-02T00:00:00Z
RENDA FIXA,CAIXA FOF Smart Debentures Incentivadas CDI RF Cred Priv LP - RL (1) (2) (3),CAIXA FOF SMART DEBENTURES INCENTIVADAS CDI RF CRED PRIV LP - RL (1) (2) (3),31/07/2026,-,-,-,-,-,-,PF,PF,https://www.caixa.gov.br/fundos-investimento/renda-fixa/debentures-incentivadas/caixa-smart-infraestrutura-debincentivadas-cdi-rf-cred-priv-lp-subclasse-varejo/Paginas/default.aspx,Sim,nome_exato,67702501000190,8503,8503,PF,PF,Moderado,CDI,Renda Fixa,RF Crédito Privado permite Risco Mercado,ISENTO,0.6,0.9,0.01,0.01,0.01,0.01,D+1 (du),D+22 (du),D+24 (du),17:00,Não,Não,Não,Não,"[""Pessoa Física""]","[""Pessoa Física""]",,,https://www.caixa.gov.br/downloads/aplicacao-financeira-regulamentos/RG_8503.pdf,https://www.caixa.gov.br/Downloads/aplicacao-financeira-termos-adesao/TA_8503.pdf,,https://www.caixa.gov.br/Downloads/aplicacao-financeira-inf-com/FIC_8503.pdf,,,2026-08-10T00:00:00Z,FI657,CAIXA FOF Smart Debentures Incentivadas CDI RF Cred Priv LP - RL,SUBCLASSE VAREJO DA CAIXA FOF SMART DEBÊNTURES INCENTIVADAS CDI CIC DE CLASSE DE FIF INCENTIVADO EM INFRAESTRUTURA RF CRÉD PRIV LP - RESP LIMITADA,CAIXA FOF Smart Debentures Incentivadas CDI RF Cred Priv LP - RL 8503 67702501000190 67.702.501/0001-90,GERAL,17h00,Não,Não,,NÃO SE APLICA,PF,"GC, GR, GV",,,,2026-07-31T00:00:00Z
RENDA FIXA,CAIXA FIC FIF E-FUNDO RF LP RESP LTDA,CAIXA FIC FIF E-FUNDO RF LP RESP LTDA,05/10/2012,"3,43908800","0,050","0,57","8,46","14,12","64,274",PF,PF | PJ,https://www.caixa.gov.br/fundos-investimento/e-fundos/renda-fixa-longo-prazo,Sim,nome_exato,15154422000199,5834,5834,"PF, PJ","PF, PJ",Moderado,CDI,Renda Fixa,RF até 49% Crédito Privado,LONGO PRAZO,0.7,0.7,0.01,0.01,0.01,0.01,D+0 (du),D+0 (du),D+00 (du),,Sim,Não,Não,Sim,"[""Pessoa Física"", ""PJ Varejo"", ""Private""]","[""Pessoa Física"", ""PJ Varejo"", ""Private""]",http://www.caixa.gov.br/fundos-investimento/e-fundos/renda-fixa-longo-prazo,,https://www.caixa.gov.br/downloads/aplicacao-financeira-regulamentos/RG_5834.pdf,https://www.caixa.gov.br/Downloads/aplicacao-financeira-termos-adesao/TA_5834.pdf,https://www.caixa.gov.br/Downloads/aplicacao-financeira-comunicado-aos-cotistas/FR_5834.pdf,https://www.caixa.gov.br/Downloads/aplicacao-financeira-inf-com/FIC_5834.pdf,,Este Fundo não está adaptado às normas vigentes para RPPS (Regimes Próprios de Previdência Social).As movimentações neste Fundo são realizadas exclusivamente pelo Internet Banking.,2026-08-11T00:00:00Z,FI657,CAIXA FIC FIF E-FUNDO RF LP - RESP LTDA,CAIXA E-FUNDO FUNDO DE INVESTIMENTO EM COTAS DE CLASSE DE FUNDO DE INVESTIMENTO FINANCEIRO RENDA FIXA LONGO PRAZO - RESPONSABILIDADE LIMITADA,CAIXA FIC FIF E-FUNDO RF LP - RESP LTDA 5834 15154422000199 15.154.422/0001-99,GERAL,17h00,Não,Não,90.0,AUTOMATICO,"PF, PJ PRIV","FX, GC, GR, GV, PJ Varejo",,,,2012-10-05T00:00:00Z
RENDA FIXA,CAIXA FIC FIF IDEAL RF LP RESP LTDA,CAIXA FIC FIF IDEAL RF LP RESP LTDA,28/10/1992,"9,92973700","0,046","0,53","7,94","13,24","587,685",PF,PF | PJ,https://www.caixa.gov.br/fundos-investimento/renda-fixa/fic-ideal-rf-longo-prazo,Sim,nome_aproximado_1.00,10577505000177,5566,5566,PF,PF,Moderado,CDI,Renda Fixa,RF até 49% Crédito Privado,LONGO PRAZO,1.0,1.0,1000.0,100.0,100.0,100.0,D+0 (du),D+0 (du),D+00 (du),17:00,Não,Não,Não,Sim,"[""Pessoa Física""]","[""Pessoa Física""]",http://www.caixa.gov.br/fundos-investimento/renda-fixa/fic-relacionamento-ideal-rf-longo-prazo,,https://www.caixa.gov.br/downloads/aplicacao-financeira-regulamentos/RG_5566.pdf,https://www.caixa.gov.br/Downloads/aplicacao-financeira-termos-adesao/TA_5566.pdf,https://www.caixa.gov.br/Downloads/aplicacao-financeira-comunicado-aos-cotistas/FR_5566.pdf,https://www.caixa.gov.br/Downloads/aplicacao-financeira-inf-com/FIC_5566.pdf,,"Fundo fechaco para novas aplicações a partir de 28/02/2023.

Este Fundo não está adaptado às normas vigentes para RPPS (Regimes Próprios de Previdência Social).

Destinado à Pessoas Físicas que possuam conta-salário na CAIXA, inclusive empregados da CAIXA. Este Fundo não está adaptado às normas vigentes para RPPS (Regimes Próprios de Previdência Social).

Fundo disponível para aplicação somente via conta corrente marcada como conta-salário (CS), ou conta-salário empregado CAIXA. 

Caso ocorra desmarcação da conta, o cotista não poderá realizar novas aplicações no fundo, no entanto as condições do produto permanecem válidas enquanto houver recursos aplicados. 

As regras para marcação e desmarcação da conta estão no CO020.",2026-08-11T00:00:00Z,FI657,CAIXA FIC FIF RELACIONAMENTO IDEAL RF LP - RESP LTDA,CAIXA RELACIONAMENTO IDEAL FUNDO DE INVESTIMENTO EM COTAS DE CLASSE DE FUNDO DE INVESTIMENTO FINANCEIRO RENDA FIXA LONGO PRAZO - RESP LIMITADA,CAIXA FIC FIF RELACIONAMENTO IDEAL RF LP - RESP LTDA 5566 10577505000177 10.577.505/0001-77,GERAL,17h00,Não,Não,90.0,AUTOMATICO,PF,"GC, GV",,,,2012-04-16T00:00:00Z
RENDA FIXA,CAIXA FIC FIF GERAÇÃO JOVEM CRED PRIV RF LP RESP LTDA,CAIXA FIC FIF GERACAO JOVEM CRED PRIV RF LP RESP LTDA,26/04/2012,"3,41416300","0,047","0,56","8,35","13,96","12,189",PF,PF | PJ,https://www.caixa.gov.br/fundos-investimento/renda-fixa/fic-geracao-jovem-rf-credito-privado-longo-prazo,Sim,nome_aproximado_0.71,10646888000198,5156,5156,"PF, PJ","PF, PJ",Moderado,CDI,Renda Fixa,RF Crédito Privado sem Risco Mercado,LONGO PRAZO,0.5,0.5,10000.0,100.0,1000.0,100.0,D+0 (du),D+0 (du),D+00 (du),17:00,Sim,Não,Não,Sim,"[""Pessoa Física"", ""PJ Varejo"", ""Private""]","[""Pessoa Física"", ""PJ Varejo"", ""Private""]",http://www.caixa.gov.br/fundos-investimento/renda-fixa/fic-expertise-rf-credito-privado-longo-prazo,,https://www.caixa.gov.br/downloads/aplicacao-financeira-regulamentos/RG_5156.pdf,https://www.caixa.gov.br/Downloads/aplicacao-financeira-termos-adesao/TA_5156.pdf,,https://www.caixa.gov.br/Downloads/aplicacao-financeira-inf-com/FIC_5156.pdf,,*Este Fundo não está adaptado às normas vigentes para RPPS (Regimes Próprios de Previdência Social).,2026-08-11T00:00:00Z,FI657,CAIXA FIC FIF EXPERTISE RF CRED PRIV LP - RESP LTDA,CAIXA EXPERTISE FUNDO DE INVESTIMENTO EM COTAS DE CLASSE DE FUNDO DE INVESTIMENTO FINANCEIRO RENDA FIXA CRÉDITO PRIVADO LONGO PRAZO - RESP LIMITADA,CAIXA FIC FIF EXPERTISE RF CRED PRIV LP - RESP LTDA 5156 10646888000198 10.646.888/0001-98,GERAL,17h00,Não,Não,90.0,AUTOMATICO,"PF, PJ PRIV","FX, GC, GR, GV, PJ Varejo",,,,2009-07-02T00:00:00Z
RENDA FIXA,CAIXA FIC FIF CAPITAL IND PREÇOS RF LP RESP LTDA,CAIXA FIC FIF CAPITAL IND PRECOS RF LP RESP LTDA,03/01/2000,"13,71964700","0,115","0,68","6,69","10,47","27,800",PF,PF | PJ,https://www.caixa.gov.br/fundos-investimento/renda-fixa/fic-capital-indice-de-precos-rf-longo-prazo,Sim,nome_aproximado_0.83,03218183000104,0087,87,"PF, PJ","PF, PJ",Moderado,IPCA+6%,Renda Fixa,RF Índice de Preços,LONGO PRAZO,1.5,1.5,0.01,0.01,0.01,0.01,D+0 (du),D+3 (du),D+03 (du),17:00,Sim,Não,Não,Sim,"[""Pessoa Física""]","[""Pessoa Física""]",http://www.caixa.gov.br/fundos-investimento/renda-fixa/fic-capital-indice-de-precos-rf-longo-prazo,,https://www.caixa.gov.br/downloads/aplicacao-financeira-regulamentos/RG_0087.pdf,https://www.caixa.gov.br/Downloads/aplicacao-financeira-termos-adesao/TA_0087.pdf,,https://www.caixa.gov.br/Downloads/aplicacao-financeira-inf-com/FIC_0087.pdf,,Este Fundo não está adaptado às normas vigentes para RPPS (Regimes Próprios de Previdência Social).,2026-08-11T00:00:00Z,FI657,CAIXA FIC FIF CAPITAL INDICE DE PRECOS RF LP - RESP LTDA,CAIXA CAPITAL ÍNDICE DE PREÇOS FUNDO DE INVESTIMENTO EM COTAS DE CLASSE DE FUNDO DE INVESTIMENTO FINANCEIRO RENDA FIXA LONGO PRAZO - RESP LIMITADA,CAIXA FIC FIF CAPITAL INDICE DE PRECOS RF LP - RESP LTDA 0087 03218183000104 03.218.183/0001-04,GERAL,17h00,Não,Não,90.0,AUTOMATICO,"PF, PJ PRIV","GC, GV",,https://web.microsoftstream.com/video/32d65536-1de1-4f2f-a9b8-0fbb0d9347fc?channelId=772517ff-88ae-4298-88f2-3ed5a5893c3e,,2000-01-03T00:00:00Z
RENDA FIXA,CAIXA FIC FIF ABSOLUTO PRE RF LP RESP LTDA,CAIXA FIC FIF ABSOLUTO PRE RF LP RESP LTDA,03/11/1997,"20,14608600","0,110","0,10","5,10","9,85","114,338",PF,PF | PJ,https://www.caixa.gov.br/fundos-investimento/renda-fixa/fic-absoluto-pre-rf-longo-prazo,Sim,nome_aproximado_0.80,02201164000102,0086,86,"PF, PJ","PF, PJ",Moderado,CDI,Renda Fixa,RF Prefixados,LONGO PRAZO,1.1,1.1,0.01,0.01,0.01,0.01,D+0 (du),D+0 (du),D+00 (du),17:00,Sim,Não,Não,Sim,"[""Pessoa Física""]","[""Pessoa Física""]",http://www.caixa.gov.br/fundos-investimento/renda-fixa/fic-absoluto-pre-rf-longo-prazo,,https://www.caixa.gov.br/downloads/aplicacao-financeira-regulamentos/RG_0086.pdf,https://www.caixa.gov.br/Downloads/aplicacao-financeira-termos-adesao/TA_0086.pdf,,https://www.caixa.gov.br/Downloads/aplicacao-financeira-inf-com/FIC_0086.pdf,,Este Fundo não está adaptado às normas vigentes para RPPS (Regimes Próprios de Previdência Social).,2026-08-11T00:00:00Z,FI657,CAIXA FIC FIF ABSOLUTO PRE RF LONGO PRAZO - RESP LTDA,CAIXA ABSOLUTO PRÉ FUNDO DE INVESTIMENTO EM COTAS DE CLASSE DE FUNDO DE INVESTIMENTO FINANCEIRO RENDA FIXA LONGO PRAZO - RESPONSABILIDADE LIMITADA,CAIXA FIC FIF ABSOLUTO PRE RF LONGO PRAZO - RESP LTDA 0086 02201164000102 02.201.164/0001-02,GERAL,17h00,Não,Não,90.0,AUTOMATICO,"PF, PJ PRIV","GC, GV",,https://web.microsoftstream.com/video/cec16660-0485-4e14-9a79-ff7c9fd2158f?channelId=772517ff-88ae-4298-88f2-3ed5a5893c3e,,1997-11-03T00:00:00Z
RENDA FIXA,CAIXA FIC FIF EMPREENDER RF LP RESP LTDA,CAIXA FIC FIF EMPREENDER RF LP RESP LTDA,26/05/1994,"47,22209000","0,046","0,53","7,92","13,20","41,152",PF,PF | PJ,https://www.caixa.gov.br/fundos-investimento/renda-fixa/fic-empreender-rf-longo-prazo/,Sim,nome_exato,00068305000135,0054,54,PJ,PJ,Moderado,CDI,Renda Fixa,RF até 49% Crédito Privado,LONGO PRAZO,1.5,1.5,50.0,50.0,50.0,50.0,D+0 (du),D+0 (du),D+00 (du),17:00,Não,Não,Não,Sim,"[""PJ Varejo""]","[""PJ Varejo""]",http://www.caixa.gov.br/fundos-investimento/renda-fixa/fic-empreender-rf-longo-prazo/,,https://www.caixa.gov.br/downloads/aplicacao-financeira-regulamentos/RG_0054.pdf,https://www.caixa.gov.br/Downloads/aplicacao-financeira-termos-adesao/TA_0054.pdf,https://www.caixa.gov.br/Downloads/aplicacao-financeira-comunicado-aos-cotistas/FR_0054.pdf,https://www.caixa.gov.br/Downloads/aplicacao-financeira-inf-com/FIC_0054.pdf,,"FUNDO FECHADO PARA APLICAÇÃO.

Este Fundo não está adaptado às normas vigentes para RPPS (Regimes Próprios de Previdência Social).Fundo fechado para novas aplicações a partir de 07/08/2020, para maiores informações consulte o Fato Relevante.																																																			",2026-08-11T00:00:00Z,FI657,CAIXA FIC FIF EMPREENDER RF LP - RESP LTDA,CAIXA EMPREENDER FUNDO DE INVESTIMENTO EM COTAS DE CLASSE DE FUNDO DE INVESTIMENTO FINANCEIRO RENDA FIXA LONGO PRAZO - RESPONSABILIDADE LIMITADA,CAIXA FIC FIF EMPREENDER RF LP - RESP LTDA 0054 00068305000135 00.068.305/0001-35,GERAL,17h00,Não,Não,95.0,AUTOMATICO,PJ PRIV,PJ Varejo,,,,1994-05-26T00:00:00Z
RENDA FIXA,CAIXA FIC FIF SOBERANO RF LP RESP LTDA,CAIXA FIC FIF SOBERANO RF LP RESP LTDA,11/03/1998,"20,66744200","0,047","0,51","7,75","12,90","59,476",PF,PF | PJ,https://www.caixa.gov.br/fundos-investimento/renda-fixa/fic-soberano-rf-longo-prazo,Sim,nome_aproximado_0.75,02323746000161,0057,57,"PF, PJ","PF, PJ",Conservador,CDI,Renda Fixa,RF 100% TPF - Longo Prazo,LONGO PRAZO,1.5,1.5,50.0,10.0,50.0,10.0,D+0 (du),D+0 (du),D+00 (du),17:00,Não,Não,Não,Sim,"[""Pessoa Física""]","[""Pessoa Física""]",http://www.caixa.gov.br/fundos-investimento/renda-fixa/fic-soberano-rf-longo-prazo,,https://www.caixa.gov.br/downloads/aplicacao-financeira-regulamentos/RG_0057.pdf,https://www.caixa.gov.br/Downloads/aplicacao-financeira-termos-adesao/TA_0057.pdf,https://www.caixa.gov.br/Downloads/aplicacao-financeira-comunicado-aos-cotistas/FR_0057.pdf,https://www.caixa.gov.br/Downloads/aplicacao-financeira-inf-com/FIC_0057.pdf,,"Este Fundo não está adaptado às normas vigentes para RPPS (Regimes Próprios de Previdência Social). Fundo fechado para novas aplicações a partir de 29/07/2020, para maiores informações consulte o Fato Relevante
",2026-08-11T00:00:00Z,FI657,CAIXA FIC FIF SOBERANO RF LONGO PRAZO - RESP LTDA,CAIXA SOBERANO FUNDO DE INVESTIMENTO EM COTAS DE CLASSE DE FUNDO DE INVESTIMENTO FINANCEIRO RENDA FIXA LONGO PRAZO - RESPONSABILIDADE LIMITADA,CAIXA FIC FIF SOBERANO RF LONGO PRAZO - RESP LTDA 0057 02323746000161 02.323.746/0001-61,GERAL,17h00,Não,Não,95.0,AUTOMATICO,"PF, PJ PRIV","GC, GV",,,,1998-03-11T00:00:00Z
RENDA FIXA,CAIXA FIC FIF CLÁSSICO RF LP RESP LTDA,CAIXA FIC FIF CLASSICO RF LP RESP LTDA,24/04/1996,"15,30059800","0,047","0,54","7,98","13,29","27,953",PF,PF,https://www.caixa.gov.br/fundos-investimento/renda-fixa/fic-classico-rf-longo-prazo,Sim,nome_aproximado_0.75,01165796000103,0085,85,PF,PF,Moderado,CDI,Renda Fixa,RF até 49% Crédito Privado,LONGO PRAZO,1.4,1.4,100.0,50.0,100.0,50.0,D+0 (du),D+0 (du),D+00 (du),17:00,Não,Não,Não,Sim,"[""Pessoa Física""]","[""Pessoa Física""]",http://www.caixa.gov.br/fundos-investimento/renda-fixa/fic-classico-rf-longo-prazo,,https://www.caixa.gov.br/downloads/aplicacao-financeira-regulamentos/RG_0085.pdf,https://www.caixa.gov.br/Downloads/aplicacao-financeira-termos-adesao/TA_0085.pdf,https://www.caixa.gov.br/Downloads/aplicacao-financeira-comunicado-aos-cotistas/FR_0085.pdf,https://www.caixa.gov.br/Downloads/aplicacao-financeira-inf-com/FIC_0085.pdf,,Este Fundo não está adaptado às normas vigentes para RPPS (Regimes Próprios de Previdência Social). Fundo fechado para novas aplicações a partir de 29/07/2020.,2026-08-11T00:00:00Z,FI657,CAIXA FIC FIF CLASSICO RF LONGO PRAZO - RESP LTDA,CAIXA CLÁSSICO FUNDO DE INVESTIMENTO EM COTAS DE CLASSE DE FUNDO DE INVESTIMENTO FINANCEIRO RENDA FIXA LONGO PRAZO - RESPONSABILIDADE LIMITADA,CAIXA FIC FIF CLASSICO RF LONGO PRAZO - RESP LTDA 0085 01165796000103 01.165.796/0001-03,GERAL,17h00,Não,Não,90.0,AUTOMATICO,PF,"GC, GV",,,,1996-04-24T00:00:00Z
RENDA FIXA,CAIXA FIC FIF FOCO IND PREÇOS RF LP RESP LTDA,CAIXA FIC FIF FOCO IND PRECOS RF LP RESP LTDA,19/03/2012,"3,20505800","0,116","0,71","7,91","11,74","77,016",PF,PF | PJ,https://www.caixa.gov.br/fundos-investimento/renda-fixa/fic-foco-indice-precos-rf-longo-prazo,Sim,nome_aproximado_0.83,09548729000171,5414,5414,"PF, PJ","PF, PJ",Moderado,NÃO SE APLICA,Renda Fixa,RF Índice de Preços,LONGO PRAZO,1.0,1.0,100.0,0.01,10.0,0.01,D+0 (du),D+3 (du),D+03 (du),17:00,Sim,Não,Não,Sim,"[""Pessoa Física""]","[""Pessoa Física""]",http://www.caixa.gov.br/fundos-investimento/renda-fixa/fic-foco-indice-precos-rf-longo-prazo,,https://www.caixa.gov.br/downloads/aplicacao-financeira-regulamentos/RG_5414.pdf,https://www.caixa.gov.br/Downloads/aplicacao-financeira-termos-adesao/TA_5414.pdf,,https://www.caixa.gov.br/Downloads/aplicacao-financeira-inf-com/FIC_5414.pdf,,Este Fundo não está adaptado às normas vigentes para RPPS (Regimes Próprios de Previdência Social).,2026-08-11T00:00:00Z,FI657,CAIXA FIC FIF FOCO IND. DE PRECOS RF LP - RESP LTDA,CAIXA FOCO ÍNDICE DE PREÇOS FUNDO DE INVESTIMENTO EM COTAS DE CLASSE DE FUNDO DE INVESTIMENTO FINANCEIRO RENDA FIXA LONGO PRAZO - RESP LIMITADA,CAIXA FIC FIF FOCO IND. DE PRECOS RF LP - RESP LTDA 5414 09548729000171 09.548.729/0001-71,GERAL,17h00,Não,Não,90.0,AUTOMATICO,"PF, PJ PRIV","GC, GV",,https://web.microsoftstream.com/video/a5ab94de-1f04-4f00-87d2-ffa0c6babbaf?channelId=772517ff-88ae-4298-88f2-3ed5a5893c3e,,2012-03-19T00:00:00Z
RENDA FIXA,CAIXA FIC FIF DESENVOLVER RF LP RESP LTDA,CAIXA FIC FIF DESENVOLVER RF LP RESP LTDA,18/12/2012,"3,06692500","0,045","0,51","7,72","12,90","1,652",PF,PF | PJ,https://www.caixa.gov.br/fundos-investimento/renda-fixa/fic-desenvolver-rf-longo-prazo/,Sim,nome_exato,16877609000183,5892,5892,PJ,PJ,Moderado,CDI,Renda Fixa,RF até 49% Crédito Privado,LONGO PRAZO,1.3,1.3,500.0,10.0,50.0,10.0,D+0 (du),D+0 (du),D+00 (du),,Não,Não,Não,Sim,"[""PJ Varejo""]","[""PJ Varejo""]",http://www.caixa.gov.br/fundos-investimento/renda-fixa/fic-desenvolver-rf-longo-prazo/,,https://www.caixa.gov.br/downloads/aplicacao-financeira-regulamentos/RG_5892.pdf,https://www.caixa.gov.br/Downloads/aplicacao-financeira-termos-adesao/TA_5892.pdf,https://www.caixa.gov.br/Downloads/aplicacao-financeira-comunicado-aos-cotistas/FR_5892.pdf,https://www.caixa.gov.br/Downloads/aplicacao-financeira-inf-com/FIC_5892.pdf,,"Este Fundo não está adaptado às normas vigentes para RPPS (Regimes Próprios de Previdência Social). Fundo fechado para novas aplicações a partir de 07/08/2020, para maiores informações consulte o Fato Relevante",2026-08-11T00:00:00Z,FI657,CAIXA FIC FIF DESENVOLVER RF LP - RESP LTDA,CAIXA DESENVOLVER FUNDO DE INVESTIMENTO EM COTAS DE CLASSE DE FUNDO DE INVESTIMENTO FINANCEIRO RENDA FIXA LONGO PRAZO - RESPONSABILIDADE LIMITADA,CAIXA FIC FIF DESENVOLVER RF LP - RESP LTDA 5892 16877609000183 16.877.609/0001-83,GERAL,17h00,Não,Não,95.0,AUTOMATICO,PJ PRIV,PJ Varejo,,,,2012-12-18T00:00:00Z
RENDA FIXA,CAIXA FIC FIF OBJETIVO PRE RF LP RESP LTDA,CAIXA FIC FIF OBJETIVO PRE RF LP RESP LTDA,27/06/2012,"3,36664500","0,107","0,14","5,63","10,61","128,972",PF,PF | PJ,https://www.caixa.gov.br/fundos-investimento/renda-fixa/fic-objetivo-pre-rf-longo-prazo/Paginas/default.aspx,Sim,nome_exato,14120511000151,5576,5576,"PF, PJ","PF, PJ",Moderado,CDI,Renda Fixa,RF Prefixados,LONGO PRAZO,0.7,0.7,1000.0,0.01,100.0,0.01,D+0 (du),D+0 (du),D+00 (du),17:00,Sim,Não,Não,Sim,"[""Pessoa Física"", ""PJ Varejo"", ""Private""]","[""Pessoa Física"", ""PJ Varejo"", ""Private""]",http://www.caixa.gov.br/fundos-investimento/renda-fixa/fic-objetivo-pre-rf-longo-prazo,,https://www.caixa.gov.br/downloads/aplicacao-financeira-regulamentos/RG_5576.pdf,https://www.caixa.gov.br/Downloads/aplicacao-financeira-termos-adesao/TA_5576.pdf,,https://www.caixa.gov.br/Downloads/aplicacao-financeira-inf-com/FIC_5576.pdf,,Este Fundo não está adaptado às normas vigentes para RPPS (Regimes Próprios de Previdência Social).,2026-08-11T00:00:00Z,FI657,CAIXA FIC FIF OBJETIVO PRE RF LP - RESP LTDA,CAIXA OBJETIVO PRÉ FUNDO DE INVESTIMENTO EM COTAS DE CLASSE DE FUNDO DE INVESTIMENTO FINANCEIRO RENDA FIXA LONGO PRAZO - RESPONSABILIDADE LIMITADA,CAIXA FIC FIF OBJETIVO PRE RF LP - RESP LTDA 5576 14120511000151 14.120.511/0001-51,GERAL,17h00,Não,Não,90.0,AUTOMATICO,"PF, PJ PRIV","FX, GR, PJ Varejo",,https://web.microsoftstream.com/video/2fc898a1-d287-4c38-9f3a-9efa66e9bf47?channelId=772517ff-88ae-4298-88f2-3ed5a5893c3e,,2012-06-27T00:00:00Z
RENDA FIXA,CAIXA FIC FIF PERFORMANCE IMA-B RF LP RESP LTDA,CAIXA FIC FIF PERFORMANCE IMA-B RF LP RESP LTDA,02/05/2012,"3,37405500","0,371","1,01","5,87","9,41","64,654",PF,PF | PJ,https://www.caixa.gov.br/fundos-investimento/renda-fixa/fic-performance-ima-b-renda-fixa-longo-prazo/Paginas/default.aspx,Sim,nome_aproximado_0.80,10577516000157,5571,5571,"PF, PJ","PF, PJ",Moderado,IMA-B TOTAL,Renda Fixa,RF Índice de Preços,LONGO PRAZO,0.8,0.8,1000.0,100.0,100.0,100.0,D+0 (du),D+0 (du),D+00 (du),17:00,Sim,Não,Não,Sim,"[""Pessoa Física"", ""PJ Varejo"", ""Private""]","[""Pessoa Física"", ""PJ Varejo"", ""Private""]",http://www.caixa.gov.br/fundos-investimento/renda-fixa/fic-performance-ima-b-renda-fixa-longo-prazo,,https://www.caixa.gov.br/downloads/aplicacao-financeira-regulamentos/RG_5571.pdf,https://www.caixa.gov.br/Downloads/aplicacao-financeira-termos-adesao/TA_5571.pdf,,https://www.caixa.gov.br/Downloads/aplicacao-financeira-inf-com/FIC_5571.pdf,,Este Fundo não está adaptado às normas vigentes para RPPS (Regimes Próprios de Previdência Social).,2026-08-11T00:00:00Z,FI657,CAIXA FIC FIF PERFORMANCE IMA B RF LP - RESP LTDA,CAIXA PERFORMANCE IMA B FUNDO DE INVESTIMENTO EM COTAS DE CLASSE DE FUNDO DE INVESTIMENTO FINANCEIRO RENDA FIXA LONGO PRAZO - RESP LIMITADA,CAIXA FIC FIF PERFORMANCE IMA B RF LP - RESP LTDA 5571 10577516000157 10.577.516/0001-57,QUALIFICADO,17h00,Não,Não,90.0,AUTOMATICO,"PF, PJ PRIV","FX, GR, PJ Varejo",,,,2012-05-02T00:00:00Z
RENDA FIXA,CAIXA FIC RELACIONAMENTO IDEAL RF LP,CAIXA FIC RELACIONAMENTO IDEAL RF LP,16/04/2012,"3,38440300","0,048","0,55","8,21","13,70","13,008",PF,PF,https://www.caixa.gov.br/fundos-investimento/renda-fixa/fic-relacionamento-ideal-rf-longo-prazo,Sim,nome_exato,10577505000177,5566,5566,PF,PF,Moderado,CDI,Renda Fixa,RF até 49% Crédito Privado,LONGO PRAZO,1.0,1.0,1000.0,100.0,100.0,100.0,D+0 (du),D+0 (du),D+00 (du),17:00,Não,Não,Não,Sim,"[""Pessoa Física""]","[""Pessoa Física""]",http://www.caixa.gov.br/fundos-investimento/renda-fixa/fic-relacionamento-ideal-rf-longo-prazo,,https://www.caixa.gov.br/downloads/aplicacao-financeira-regulamentos/RG_5566.pdf,https://www.caixa.gov.br/Downloads/aplicacao-financeira-termos-adesao/TA_5566.pdf,https://www.caixa.gov.br/Downloads/aplicacao-financeira-comunicado-aos-cotistas/FR_5566.pdf,https://www.caixa.gov.br/Downloads/aplicacao-financeira-inf-com/FIC_5566.pdf,,"Fundo fechaco para novas aplicações a partir de 28/02/2023.

Este Fundo não está adaptado às normas vigentes para RPPS (Regimes Próprios de Previdência Social).

Destinado à Pessoas Físicas que possuam conta-salário na CAIXA, inclusive empregados da CAIXA. Este Fundo não está adaptado às normas vigentes para RPPS (Regimes Próprios de Previdência Social).

Fundo disponível para aplicação somente via conta corrente marcada como conta-salário (CS), ou conta-salário empregado CAIXA. 

Caso ocorra desmarcação da conta, o cotista não poderá realizar novas aplicações no fundo, no entanto as condições do produto permanecem válidas enquanto houver recursos aplicados. 

As regras para marcação e desmarcação da conta estão no CO020.",2026-08-11T00:00:00Z,FI657,CAIXA FIC FIF RELACIONAMENTO IDEAL RF LP - RESP LTDA,CAIXA RELACIONAMENTO IDEAL FUNDO DE INVESTIMENTO EM COTAS DE CLASSE DE FUNDO DE INVESTIMENTO FINANCEIRO RENDA FIXA LONGO PRAZO - RESP LIMITADA,CAIXA FIC FIF RELACIONAMENTO IDEAL RF LP - RESP LTDA 5566 10577505000177 10.577.505/0001-77,GERAL,17h00,Não,Não,90.0,AUTOMATICO,PF,"GC, GV",,,,2012-04-16T00:00:00Z
RENDA FIXA,CAIXA FIC FIF OAB RF CRÉD PRIV LP RESP LTDA,CAIXA FIC FIF OAB RF CRED PRIV LP RESP LTDA,23/09/2014,"3,11779100","0,050","0,59","8,77","14,66","1.809,997",PF,PF | PJ,https://www.caixa.gov.br/fundos-investimento/renda-fixa/fic-oab-rf-credito-privado-longo-prazo,Sim,nome_exato,14120488000103,5970,5970,"PF, PJ","PF, PJ",Moderado,CDI,Renda Fixa,RF Crédito Privado sem Risco Mercado,LONGO PRAZO,0.4,0.4,1000.0,100.0,0.02,0.01,D+0 (du),D+0 (du),D+00 (du),17:00,Sim,Não,Sim,Não,,,http://www.caixa.gov.br/fundos-investimento/renda-fixa/fic-oab-rf-credito-privado-longo-prazo,,https://www.caixa.gov.br/downloads/aplicacao-financeira-regulamentos/RG_5970.pdf,https://www.caixa.gov.br/Downloads/aplicacao-financeira-termos-adesao/TA_5970.pdf,,https://www.caixa.gov.br/Downloads/aplicacao-financeira-inf-com/FIC_5970.pdf,,"Investidores Pessoas Físicas e Jurídicas, desde que previamente atendida a exigência a seguir:

Advogados e estagiários de Direito, filiados à Ordem dos Advogados do Brasil – OAB, e escritórios de advocacia, contemplados na estratégia de relacionamento com a Entidade.
A verificação do atendimento a estes critérios deverá ser feita no âmbito das Agências e Postos de Atendimento.

Movimentações: O FUNDO oferece mecanismo resgate automático.

Para ativar a funcionalidade de Resgate Automático, acessar o SIART -> Movimentação Automática -> Marcar

As regras da funcionalidade de Movimentação Automática estão descritas no MN TE099.

**Esse fundo não possui adiantamento de resgate, os resgates efetuados ficarão disponíveis no processamento noturno.

",2026-08-11T00:00:00Z,FI657,CAIXA OAB FIC FIF RF CRED PRIV LP RESP LTDA,CAIXA OAB FUNDO DE INVESTIMENTO EM COTAS DE CLASSE DE FUNDO DE INVESTIMENTO FINANCEIRO RENDA FIXA CRÉDITO PRIVADO LONGO PRAZO - RESPONSABILIDADE LIMIT,CAIXA OAB FIC FIF RF CRED PRIV LP RESP LTDA 5970 14120488000103 14.120.488/0001-03,GERAL,17h00,Não,Não,,NÃO SE APLICA,"PF, PJ PRIV",,,,,2014-09-23T00:00:00Z
RENDA FIXA,CAIXA FIC FIF EXECUTIVO RF LP RESP LTDA,CAIXA FIC FIF EXECUTIVO RF LP RESP LTDA,02/09/1996,"33,57121900","0,048","0,55","8,20","13,68","2.225,753",PF,PF | PJ,https://www.caixa.gov.br/fundos-investimento/renda-fixa/fic-executivo-rf-longo-prazo,Sim,nome_aproximado_0.75,01165781000137,0058,58,"PF, PJ","PF, PJ",Moderado,CDI,Renda Fixa,RF até 49% Crédito Privado,LONGO PRAZO,1.1,1.1,1000.0,100.0,100.0,100.0,D+0 (du),D+0 (du),D+00 (du),17:00,Sim,Não,Não,Sim,"[""Pessoa Física"", ""Private""]","[""Pessoa Física"", ""Private""]",http://www.caixa.gov.br/fundos-investimento/renda-fixa/fic-executivo-rf-longo-prazo,,https://www.caixa.gov.br/downloads/aplicacao-financeira-regulamentos/RG_0058.pdf,https://www.caixa.gov.br/Downloads/aplicacao-financeira-termos-adesao/TA_0058.pdf,https://www.caixa.gov.br/Downloads/aplicacao-financeira-comunicado-aos-cotistas/FR_0058.pdf,https://www.caixa.gov.br/Downloads/aplicacao-financeira-inf-com/FIC_0058.pdf,,Este Fundo não está adaptado às normas vigentes para RPPS (Regimes Próprios de Previdência Social).,2026-08-11T00:00:00Z,FI657,CAIXA FIC FIF EXECUTIVO RF LONGO PRAZO - RESP LTDA,CAIXA EXECUTIVO FUNDO DE INVESTIMENTO EM COTAS DE CLASSE DE FUNDO DE INVESTIMENTO FINANCEIRO RENDA FIXA LONGO PRAZO - RESPONSABILIDADE LIMITADA,CAIXA FIC FIF EXECUTIVO RF LONGO PRAZO - RESP LTDA 0058 01165781000137 01.165.781/0001-37,GERAL,17h00,Não,Não,90.0,AUTOMATICO,"PF, PJ PRIV","FX, GC, GR, GV",,,,1996-09-02T00:00:00Z
RENDA FIXA,CAIXA FIC FIFINVESTIDOR RF LP RESP LTDA,CAIXA FIC FIFINVESTIDOR RF LP RESP LTDA,01/06/1999,"19,50510800","0,049","0,57","8,43","14,06","968,156",PF,PF | PJ,https://www.caixa.gov.br/fundos-investimento/renda-fixa/fic-investidor-rf-longo-prazo,Sim,nome_aproximado_0.75,03218183000104,0087,87,"PF, PJ","PF, PJ",Moderado,IPCA+6%,Renda Fixa,RF Índice de Preços,LONGO PRAZO,1.5,1.5,0.01,0.01,0.01,0.01,D+0 (du),D+3 (du),D+03 (du),17:00,Sim,Não,Não,Sim,"[""Pessoa Física""]","[""Pessoa Física""]",http://www.caixa.gov.br/fundos-investimento/renda-fixa/fic-capital-indice-de-precos-rf-longo-prazo,,https://www.caixa.gov.br/downloads/aplicacao-financeira-regulamentos/RG_0087.pdf,https://www.caixa.gov.br/Downloads/aplicacao-financeira-termos-adesao/TA_0087.pdf,,https://www.caixa.gov.br/Downloads/aplicacao-financeira-inf-com/FIC_0087.pdf,,Este Fundo não está adaptado às normas vigentes para RPPS (Regimes Próprios de Previdência Social).,2026-08-11T00:00:00Z,FI657,CAIXA FIC FIF CAPITAL INDICE DE PRECOS RF LP - RESP LTDA,CAIXA CAPITAL ÍNDICE DE PREÇOS FUNDO DE INVESTIMENTO EM COTAS DE CLASSE DE FUNDO DE INVESTIMENTO FINANCEIRO RENDA FIXA LONGO PRAZO - RESP LIMITADA,CAIXA FIC FIF CAPITAL INDICE DE PRECOS RF LP - RESP LTDA 0087 03218183000104 03.218.183/0001-04,GERAL,17h00,Não,Não,90.0,AUTOMATICO,"PF, PJ PRIV","GC, GV",,https://web.microsoftstream.com/video/32d65536-1de1-4f2f-a9b8-0fbb0d9347fc?channelId=772517ff-88ae-4298-88f2-3ed5a5893c3e,,2000-01-03T00:00:00Z
RENDA FIXA,CAIXA FIC FIF ESPECIAL RF LP RESP LTDA,CAIXA FIC FIF ESPECIAL RF LP RESP LTDA,25/08/2003,"10,86787800","0,051","0,59","8,72","14,56","2.417,946",PF,PF | PJ,https://www.caixa.gov.br/fundos-investimento/renda-fixa/fic-especial-rf-longo-prazo/Paginas/default.aspx,Sim,nome_aproximado_0.75,03218183000104,0087,87,"PF, PJ","PF, PJ",Moderado,IPCA+6%,Renda Fixa,RF Índice de Preços,LONGO PRAZO,1.5,1.5,0.01,0.01,0.01,0.01,D+0 (du),D+3 (du),D+03 (du),17:00,Sim,Não,Não,Sim,"[""Pessoa Física""]","[""Pessoa Física""]",http://www.caixa.gov.br/fundos-investimento/renda-fixa/fic-capital-indice-de-precos-rf-longo-prazo,,https://www.caixa.gov.br/downloads/aplicacao-financeira-regulamentos/RG_0087.pdf,https://www.caixa.gov.br/Downloads/aplicacao-financeira-termos-adesao/TA_0087.pdf,,https://www.caixa.gov.br/Downloads/aplicacao-financeira-inf-com/FIC_0087.pdf,,Este Fundo não está adaptado às normas vigentes para RPPS (Regimes Próprios de Previdência Social).,2026-08-11T00:00:00Z,FI657,CAIXA FIC FIF CAPITAL INDICE DE PRECOS RF LP - RESP LTDA,CAIXA CAPITAL ÍNDICE DE PREÇOS FUNDO DE INVESTIMENTO EM COTAS DE CLASSE DE FUNDO DE INVESTIMENTO FINANCEIRO RENDA FIXA LONGO PRAZO - RESP LIMITADA,CAIXA FIC FIF CAPITAL INDICE DE PRECOS RF LP - RESP LTDA 0087 03218183000104 03.218.183/0001-04,GERAL,17h00,Não,Não,90.0,AUTOMATICO,"PF, PJ PRIV","GC, GV",,https://web.microsoftstream.com/video/32d65536-1de1-4f2f-a9b8-0fbb0d9347fc?channelId=772517ff-88ae-4298-88f2-3ed5a5893c3e,,2000-01-03T00:00:00Z
RENDA FIXA,CAIXA EXPERT VINLAND DEB IN INFRA RF CRED PRIV LP RESP LTDA (1) (2) (3),CAIXA EXPERT VINLAND DEB IN INFRA RF CRED PRIV LP RESP LTDA (1) (2) (3),08/04/2026,-,-,-,-,-,-,PF,PF,,Sim,nome_aproximado_0.70,65789297000161,7999,7999,PF,PF,Moderado,CDI,Renda Fixa,RF Crédito Privado permite Risco Mercado,ISENTO,,0.4,10000.0,100.0,1000.0,100.0,D+1 (du),D+21 (du),D+23 (du),13:00,Sim,Não,Não,Sim,"[""Pessoa Física"", ""Private""]","[""Pessoa Física"", ""Private""]",,,https://www.caixa.gov.br/downloads/aplicacao-financeira-regulamentos/RG_7999.pdf,https://www.caixa.gov.br/Downloads/aplicacao-financeira-termos-adesao/TA_7999.pdf,,https://www.caixa.gov.br/Downloads/aplicacao-financeira-inf-com/FIC_7999.pdf,,,2026-08-11T00:00:00Z,FI657,CAIXA EXPERT VINLAND DEB INCENT FIC FIF RF CRED PRIV - RESP LTDA,CAIXA EXPERT VINLAND DEBÊNTURE INCENTIVADO FIC DE CLASSE DE FIF - INCENTIVADO EM INFRAESTRUTURA RENDA FIXA CRÉD PRIV -RESP LIMITADA,CAIXA EXPERT VINLAND DEB INCENT FIC FIF RF CRED PRIV - RESP LTDA 7999 65789297000161 65.789.297/0001-61,GERAL,13h00,Sim,Não,95.0,AUTOMATICO,PF,"FX, GC, GR, GV",,,,2026-04-08T00:00:00Z
RENDA FIXA,CAIXA FIC FIF PLUS QUALI RF CREDI PRIV LP RESP LTDA,CAIXA FIC FIF PLUS QUALI RF CREDI PRIV LP RESP LTDA,21/01/2021,"1.880,32746100","0,051","0,59","8,81","14,74","181,366",PF,PF | PJ,https://www.caixa.gov.br/fundos-investimento/renda-fixa/fic-plus-qualificado-rf-credito-privado-longo-prazo/Paginas/default.aspx,Sim,nome_aproximado_0.71,10551353000133,5154,5154,"PF, PJ","PF, PJ",Moderado,CDI,Renda Fixa,RF Crédito Privado permite Risco Mercado,LONGO PRAZO,0.5,0.5,20000.0,100.0,2000.0,100.0,D+0 (du),D+1 (du),D+04 (du),17:00,Sim,Não,Não,Sim,"[""Pessoa Física"", ""PJ Varejo"", ""Private""]","[""Pessoa Física"", ""PJ Varejo"", ""Private""]",http://www.caixa.gov.br/fundos-investimento/renda-fixa/fi-qualificado-rf-credito-privado-longo-prazo,,https://www.caixa.gov.br/downloads/aplicacao-financeira-regulamentos/RG_5154.pdf,https://www.caixa.gov.br/Downloads/aplicacao-financeira-termos-adesao/TA_5154.pdf,,https://www.caixa.gov.br/Downloads/aplicacao-financeira-inf-com/FIC_5154.pdf,,*Este Fundo não está adaptado às normas vigentes para RPPS (Regimes Próprios de Previdência Social).,2026-08-11T00:00:00Z,FI657,CAIXA FIF QUALIFICADO RF CRED PRIV LP - RESP LTDA,CAIXA QUALIFICADO FUNDO DE INVESTIMENTO FINANCEIRO RENDA FIXA CRÉDITO PRIVADO LONGO PRAZO - RESPONSABILIDADE LIMITADA,CAIXA FIF QUALIFICADO RF CRED PRIV LP - RESP LTDA 5154 10551353000133 10.551.353/0001-33,QUALIFICADO,17h00,Não,Não,100.0,AUTOMATICO,"PF, PJ PRIV","FX, GR, PJ Varejo",,,,2009-06-01T00:00:00Z
RENDA FIXA,CAIXA FIC FIF EXPERTISE RF CRED PRIV LP RESP LTDA,CAIXA FIC FIF EXPERTISE RF CRED PRIV LP RESP LTDA,02/07/2009,"5,07382200","0,049","0,59","8,77","14,66","3.404,129",PF,PF | PJ,https://www.caixa.gov.br/fundos-investimento/renda-fixa/fic-expertise-rf-credito-privado-longo-prazo,Sim,nome_exato,10646888000198,5156,5156,"PF, PJ","PF, PJ",Moderado,CDI,Renda Fixa,RF Crédito Privado sem Risco Mercado,LONGO PRAZO,0.5,0.5,10000.0,100.0,1000.0,100.0,D+0 (du),D+0 (du),D+00 (du),17:00,Sim,Não,Não,Sim,"[""Pessoa Física"", ""PJ Varejo"", ""Private""]","[""Pessoa Física"", ""PJ Varejo"", ""Private""]",http://www.caixa.gov.br/fundos-investimento/renda-fixa/fic-expertise-rf-credito-privado-longo-prazo,,https://www.caixa.gov.br/downloads/aplicacao-financeira-regulamentos/RG_5156.pdf,https://www.caixa.gov.br/Downloads/aplicacao-financeira-termos-adesao/TA_5156.pdf,,https://www.caixa.gov.br/Downloads/aplicacao-financeira-inf-com/FIC_5156.pdf,,*Este Fundo não está adaptado às normas vigentes para RPPS (Regimes Próprios de Previdência Social).,2026-08-11T00:00:00Z,FI657,CAIXA FIC FIF EXPERTISE RF CRED PRIV LP - RESP LTDA,CAIXA EXPERTISE FUNDO DE INVESTIMENTO EM COTAS DE CLASSE DE FUNDO DE INVESTIMENTO FINANCEIRO RENDA FIXA CRÉDITO PRIVADO LONGO PRAZO - RESP LIMITADA,CAIXA FIC FIF EXPERTISE RF CRED PRIV LP - RESP LTDA 5156 10646888000198 10.646.888/0001-98,GERAL,17h00,Não,Não,90.0,AUTOMATICO,"PF, PJ PRIV","FX, GC, GR, GV, PJ Varejo",,,,2009-07-02T00:00:00Z
RENDA FIXA,CAIXA FIF FIC EXPERT SULAMERICA RF CRED PRIV LP - RESP LTDA (1),CAIXA FIF FIC EXPERT SULAMERICA RF CRED PRIV LP - RESP LTDA (1),26/11/2024,-,-,-,-,-,-,PF,PF | PJ | RPPS,https://www.caixa.gov.br/fundos-investimento/renda-fixa/debentures-incentivadas/caixa-expert-vinland-debenture-incentivado/Paginas/default.aspx,Sim,nome_aproximado_0.86,58113332000162,7931,7931,"PF, PJ, GOV","PF, PJ, GOV",Moderado,NÃO SE APLICA,Renda Fixa,RF Crédito Privado permite Risco Mercado,LONGO PRAZO,0.3,0.6,10000.0,100.0,1000.0,100.0,D+0 (du),D+13 (du),D+15 (du),13:00,Sim,Não,Não,Não,"[""GOV"", ""Institucional"", ""Pessoa Física"", ""PJ Atacado"", ""PJ Varejo"", ""Private"", ""RPPS""]","[""GOV"", ""Institucional"", ""Pessoa Física"", ""PJ Atacado"", ""PJ Varejo"", ""Private"", ""RPPS""]",,,http://www.caixa.gov.br/downloads/aplicacao-financeira-regulamentos/RG_7931.pdf,http://www.caixa.gov.br/Downloads/aplicacao-financeira-termos-adesao/TA_7931.pdf,,http://www.caixa.gov.br/Downloads/aplicacao-financeira-inf-com/FIC_7931.pdf,,,2026-08-11T00:00:00Z,FI657,CAIXA FIF FIC EXPERT SULAMERICA RF CRED PRI LP - RESP LTDA,CAIXA EXPERT SULAMÉRICA CRÉDITO ATIVO FUNDO DE INVESTIMENTO EM COTAS DE CLASSE DE FUNDO DE INVESTIMENTO FINANCEIRO RENDA FIXA CRÉDITO PRIVADO LONGO PR,CAIXA FIF FIC EXPERT SULAMERICA RF CRED PRI LP - RESP LTDA 7931 58113332000162 58.113.332/0001-62,GERAL,13h00,Não,Não,,NÃO SE APLICA,"PF, PJ PRIV, PJ PUB","FX, GC, GR, GV, INST, PJ Atacado, PJ Varejo, RPPS",https://www.caixa.gov.br/Downloads/aplicacao-financeira-qdd/QDD_7931.pdf,,https://www.caixa.gov.br/Downloads/aplicacao-financeira-laminas-comerciais/LAC_7931.pdf,2024-11-26T00:00:00Z
RENDA FIXA,CAIXA EXPERT ARX IPCA DEB INCENTIVADAS FIC FIF RF CRED PRIV - RESP LTDA (1),CAIXA EXPERT ARX IPCA DEB INCENTIVADAS FIC FIF RF CRED PRIV - RESP LTDA (1),01/07/2025,-,-,-,-,-,-,PF,PF,https://www.caixa.gov.br/fundos-investimento/renda-fixa/debentures-incentivadas/caixa-expert-arx-ipca-deb-incentivadas-rf-cred-priv-lp/Paginas/default.aspx,Sim,nome_aproximado_0.78,60138811000185,7938,7938,PF,PF,Moderado,IMA-B5,Renda Fixa,RF Crédito Privado permite Risco Mercado,ISENTO,0.3,1.0,10000.0,100.0,1000.0,100.0,D+0 (du),D+14 (du),D+16 (du),13:00,Sim,Não,Não,Não,"[""Pessoa Física"", ""Private""]","[""Pessoa Física"", ""Private""]",,,http://www.caixa.gov.br/downloads/aplicacao-financeira-regulamentos/RG_7938.pdf,http://www.caixa.gov.br/Downloads/aplicacao-financeira-termos-adesao/TA_7938.pdf,,http://www.caixa.gov.br/Downloads/aplicacao-financeira-inf-com/FIC_7938.pdf,,"Movimentação exclusiva pela plataforma.caixa e IBC/APP.		

												",2026-08-11T00:00:00Z,FI657,CAIXA EXPERT ARX DEB INCENT FIC FIF RF CRED PRIV - RESP LTDA,CAIXA EXPERT ARX IPCA DEBÊNTURES INCENTIVADAS FIC DE CLASSE DE FIF – INCENTIVADO EM INFRAESTRUTURA RENDA FIXA CRÉDITO PRIVADO LP - RESP LIMITADA,CAIXA EXPERT ARX DEB INCENT FIC FIF RF CRED PRIV - RESP LTDA 7938 60138811000185 60.138.811/0001-85,GERAL,13h00,Não,Não,,NÃO SE APLICA,PF,"FX, GC, GR, GV",,,https://www.caixa.gov.br/Downloads/aplicacao-financeira-laminas-comerciais/LAC_7938.pdf,2025-07-01T00:00:00Z
RENDA FIXA,CAIXA EXPERT ABSOLUTE CRETA FIC FIF RF CRED PRIV LP - RESP LTDA (1),CAIXA EXPERT ABSOLUTE CRETA FIC FIF RF CRED PRIV LP - RESP LTDA (1),26/03/2025,-,-,-,-,-,-,PF,PF | PJ | RPPS,,Sim,nome_exato,59861817000105,7940,7940,"PF, PJ, GOV","PF, PJ, GOV",Moderado,CDI,Renda Fixa,RF Crédito Privado permite Risco Mercado,LONGO PRAZO,0.29,0.7,10000.0,100.0,1000.0,100.0,D+0 (du),D+22 (du),D+24 (du),13:00,Sim,Não,Não,Não,"[""GOV"", ""Institucional"", ""Pessoa Física"", ""PJ Atacado"", ""PJ Varejo"", ""Private""]","[""GOV"", ""Institucional"", ""Pessoa Física"", ""PJ Atacado"", ""PJ Varejo"", ""Private""]",,,http://www.caixa.gov.br/downloads/aplicacao-financeira-regulamentos/RG_7940.pdf,http://www.caixa.gov.br/Downloads/aplicacao-financeira-termos-adesao/TA_7940.pdf,,http://www.caixa.gov.br/Downloads/aplicacao-financeira-inf-com/FIC_7940.pdf,,,2026-08-11T00:00:00Z,FI657,CAIXA EXPERT ABSOLUTE CRETA FIC FIF RF CRED PRIV LP - RESP LTDA,CAIXA EXPERT ABSOLUTE CRETA FUNDO DE INVESTIMENTO EM COTAS DE CLASSE DE FIF RENDA FIXA CRÉDITO PRIVADO LONGO PRAZO - RESP LIMITADA,CAIXA EXPERT ABSOLUTE CRETA FIC FIF RF CRED PRIV LP - RESP LTDA 7940 59861817000105 59.861.817/0001-05,GERAL,13h00,Não,Não,,NÃO SE APLICA,"PF, PJ PRIV, PJ PUB","FX, GC, GR, GV, INST, PJ Atacado, PJ Varejo",https://www.caixa.gov.br/Downloads/aplicacao-financeira-qdd/QDD_7940.pdf,https://caixa.sharepoint.com/:v:/t/O365GRP-GEICO/EeFPVsuRvYtKt6bMstsCLiUBtcBOAe5vK4jLZ_DjXA4drg?e=XxU8cb,https://www.caixa.gov.br/Downloads/aplicacao-financeira-laminas-comerciais/LAC_7940.pdf,2025-03-26T00:00:00Z
RENDA FIXA,CAIXA EXPERT RB ASSET CDI DEB INCENTIVADAS FIC FIF RF CRED PRIV RESP LTDA (1) (2),CAIXA EXPERT RB ASSET CDI DEB INCENTIVADAS FIC FIF RF CRED PRIV RESP LTDA (1) (2),15/10/2025,-,-,-,-,-,-,PF,PF,https://www.caixa.gov.br/fundos-investimento/renda-fixa/debentures-incentivadas/caixa-expert-rb-asset-deb-incentivadas-cdi-rf-cred-priv/Paginas/default.aspx,Sim,nome_aproximado_0.90,62890286000185,7978,7978,PF,PF,Moderado,CDI,Renda Fixa,RF Crédito Privado permite Risco Mercado,ISENTO,0.3,0.9,10000.0,100.0,1000.0,100.0,D+0 (du),D+14 (du),D+16 (du),13:00,Sim,Não,Não,Não,"[""Pessoa Física"", ""Private""]","[""Pessoa Física"", ""Private""]",,,https://www.caixa.gov.br/downloads/aplicacao-financeira-regulamentos/RG_7978.pdf,https://www.caixa.gov.br/Downloads/aplicacao-financeira-termos-adesao/TA_7978.pdf,,https://www.caixa.gov.br/Downloads/aplicacao-financeira-inf-com/FIC_7978.pdf,,,2026-08-11T00:00:00Z,FI657,CAIXA EXPERT RB ASSET CDI DEB INC FIC FIF RF CRED PRIV - RESP LTDA,CAIXA EXPERT RB ASSET CDI DEBÊNTURES INCENTIVADAS FIC DE CLASSE DE FIF - INCENTIVADO EM INFRA RF CRÉD PRIV -RESP LIMITADA,CAIXA EXPERT RB ASSET CDI DEB INC FIC FIF RF CRED PRIV - RESP LTDA 7978 62890286000185 62.890.286/0001-85,GERAL,13h00,Não,Não,,NÃO SE APLICA,PF,"FX, GC, GR, GV",,,,2025-10-15T00:00:00Z
RENDA FIXA,CAIXA FIC FIF UNIQUE RF CRED PRIV LP - RL,CAIXA FIC FIF UNIQUE RF CRED PRIV LP - RL,31/07/2024,"1,30295400","0,050","0,60","8,93","14,92","457,216",PF,PF,https://www.caixa.gov.br/fundos-investimento/renda-fixa/caixa-fic-unique-private-cred-priv-lp/Paginas/default.aspx,Sim,nome_aproximado_1.00,55986292000175,7916,7916,PF,PF,Moderado,CDI,Renda Fixa,RF Crédito Privado permite Risco Mercado,LONGO PRAZO,0.25,0.25,10000.0,100.0,1000.0,100.0,D+0 (du),D+0 (du),D+00 (du),17:00,Sim,Não,Não,Sim,"[""Private""]","[""Private""]",https://www.caixa.gov.br/fundos-investimento/renda-fixa/caixa-fic-unique-private-cred-priv-lp,,http://www.caixa.gov.br/downloads/aplicacao-financeira-regulamentos/RG_7916.pdf,http://www.caixa.gov.br/Downloads/aplicacao-financeira-termos-adesao/TA_7916.pdf,,http://www.caixa.gov.br/Downloads/aplicacao-financeira-inf-com/FIC_7916.pdf,,Fundo com movimentação exclusiva pela plataforma.caixa (SIPNC).,2026-08-11T00:00:00Z,FI657,CAIXA FIC FIF UNIQUE PRIVATE RF CRED PRIV LP - RESP LTDA,CAIXA UNIQUE PRIVATE FUNDO DE INVESTIMENTO EM COTAS DE CLASSE DE FUNDO DE INVESTIMENTO FINANCEIRO RENDA FIXA CRÉDITO PRIVADO LONGO PRAZO - RESPONSABIL,CAIXA FIC FIF UNIQUE PRIVATE RF CRED PRIV LP - RESP LTDA 7916 55986292000175 55.986.292/0001-75,GERAL,17h00,Não,Não,95.0,AUTOMATICO,PF,FX,,,,2024-07-31T00:00:00Z
RENDA FIXA,CAIXA FIF INFLACAO PRIVATE 2027 RF LONGO PRAZO,CAIXA FIF INFLACAO PRIVATE 2027 RF LONGO PRAZO,15/08/2024,"1,23117000","0,112","0,97","9,55","14,11","40,904",PF,PF | PJ,https://www.caixa.gov.br/fundos-investimento/renda-fixa/caixa-fif-inflacao-2027/Paginas/default.aspx,Sim,nome_exato,56349290000138,7887,7887,PF,PF,Moderado,NÃO SE APLICA,Renda Fixa,RF 100% TPF,LONGO PRAZO,0.2,0.2,10000.0,0.01,1000.0,0.01,D+0 (du),D+0 (du),D+00 (du),15:00,Sim,Não,Não,Não,"[""Private""]","[""Private""]",https://www.caixa.gov.br/fundos-investimento/renda-fixa/caixa-fif-inflacao-2027,,http://www.caixa.gov.br/downloads/aplicacao-financeira-regulamentos/RG_7887.pdf,http://www.caixa.gov.br/Downloads/aplicacao-financeira-termos-adesao/TA_7887.pdf,,http://www.caixa.gov.br/Downloads/aplicacao-financeira-inf-com/FIC_7887.pdf,,Resgates podem ser solicitados a partir de 20/05/2027.,2026-08-11T00:00:00Z,FI657,CAIXA FIF INFLACAO PRIVATE 2027 RF LONGO PRAZO - RL,CAIXA INFLAÇÃO PRIVATE 2027 FUNDO DE INVESTIMENTO FINANCEIRO RENDA FIXA LONGO PRAZO - RESPONSABILIDADE LIMITADA,CAIXA FIF INFLACAO PRIVATE 2027 RF LONGO PRAZO - RL 7887 56349290000138 56.349.290/0001-38,GERAL,15h00,Não,Sim,,NÃO SE APLICA,PF,FX,,,,2024-08-15T00:00:00Z
RENDA FIXA,CAIXA FIF FIDELIDADE PRIVATE RF LP - RESP LTDA,CAIXA FIF FIDELIDADE PRIVATE RF LP - RESP LTDA,02/07/2008,"5,66075200","0,052","0,59","8,84","14,75","564,006",PF,PF,https://www.caixa.gov.br/fundos-investimento/renda-fixa/fi-fidelidade-private-rf-longo-prazo/Paginas/default.aspx,Sim,nome_aproximado_0.80,09181287000178,5408,5408,"PF, PJ","PF, PJ",Moderado,CDI,Renda Fixa,RF até 49% Crédito Privado,LONGO PRAZO,0.2,0.2,10000.0,100.0,1000.0,100.0,D+0 (du),D+0 (du),D+00 (du),17:00,Sim,Não,Não,Sim,"[""PJ Varejo"", ""Private""]","[""PJ Varejo"", ""Private""]",http://www.caixa.gov.br/fundos-investimento/renda-fixa/fi-fidelidade-rf-longo-prazo,,https://www.caixa.gov.br/downloads/aplicacao-financeira-regulamentos/RG_5408.pdf,https://www.caixa.gov.br/Downloads/aplicacao-financeira-termos-adesao/TA_5408.pdf,,https://www.caixa.gov.br/Downloads/aplicacao-financeira-inf-com/FIC_5408.pdf,,"Incide taxa de saída de 1,80% no período, cobrada individualmente de cada cotista sobre o valor resgatado, líquido de tributos, linear e decrescente durante os primeiros 360 dias até chegar a 0%, a partir da data inicial de cada certificado conforme procedimentos operacionais descritos no TE099.
No primeiro dia útil subsequente ao da solicitação do resgate pelos clientes, 60% dos valores obtidos a título de Taxa de Saída são revertidos em favor do patrimônio líquido do Fundo e 40% dos valores são repassados à Administradora. Ao término dos primeiros 360 dias da data inicial de cada certificado, não há mais a cobrança de taxa de saída.
",2026-08-11T00:00:00Z,FI657,CAIXA FIF FIDELIDADE PRIVATE RF LONGO PRAZO - RESP LTDA,CAIXA FIDELIDADE PRIVATE FUNDO DE INVESTIMENTO FINANCEIRO RENDA FIXA LONGO PRAZO - RESPONSABILIDADE LIMITADA,CAIXA FIF FIDELIDADE PRIVATE RF LONGO PRAZO - RESP LTDA 5408 09181287000178 09.181.287/0001-78,GERAL,17h00,Não,Não,90.0,AUTOMATICO,"PF, PJ PRIV","FX, PJ Varejo",,,,2008-07-02T00:00:00Z
RENDA FIXA,CAIXA EXPERT VOX DESENV SUSTENTAVEL IS RF CRED PRIV LP - RESP LTDA (1) (2),CAIXA EXPERT VOX DESENV SUSTENTAVEL IS RF CRED PRIV LP - RESP LTDA (1) (2),14/11/2025,-,-,-,-,-,-,PF,PF | PJ,,Sim,nome_exato,63455348000193,7987,7987,"PF, PJ","PF, PJ",Moderado,CDI,Renda Fixa,RF Crédito Privado permite Risco Mercado,LONGO PRAZO,0.17,0.17,1000.0,100.0,100.0,100.0,D+0 (du),D+5 (du),D+07 (du),13:00,Sim,Sim,Não,Não,"[""Pessoa Física"", ""PJ Atacado"", ""PJ Varejo"", ""Private""]","[""Pessoa Física"", ""PJ Atacado"", ""PJ Varejo"", ""Private""]",,,https://www.caixa.gov.br/downloads/aplicacao-financeira-regulamentos/RG_7987.pdf,https://www.caixa.gov.br/Downloads/aplicacao-financeira-termos-adesao/TA_7987.pdf,,https://www.caixa.gov.br/Downloads/aplicacao-financeira-inf-com/FIC_7987.pdf,,,2026-08-11T00:00:00Z,FI657,CAIXA EXPERT VOX DESENV SUSTENTAVEL IS RF CRED PRIV LP - RESP LTDA,CAIXA EXPERT VOX DESENVOLVIMENTO SUSTENTÁVEL IS FUNDO DE INVESTIMENTO EM COTAS DE CLASSE DE FIF RENDA FIXA CRÉDITO PRIVADO LONGO PRAZO - RESP LIMITADA,CAIXA EXPERT VOX DESENV SUSTENTAVEL IS RF CRED PRIV LP - RESP LTDA 7987 63455348000193 63.455.348/0001-93,GERAL,13h00,Não,Não,,NÃO SE APLICA,"PF, PJ PRIV","FX, GC, GR, GV, PJ Atacado, PJ Varejo",,,,2025-11-14T00:00:00Z
RENDA FIXA,CAIXA FIF QUALIFICADO RF CRED PRIV LP - RESP LTDA,CAIXA FIF QUALIFICADO RF CRED PRIV LP - RESP LTDA,01/06/2009,"5,27297900","0,051","0,59","8,76","14,67","854,199",PF,PF | PJ,https://www.caixa.gov.br/fundos-investimento/renda-fixa/caixa-fic-plus-qualificado-rf-credito-privado-lp/Paginas/default.aspx,Sim,nome_exato,10551353000133,5154,5154,"PF, PJ","PF, PJ",Moderado,CDI,Renda Fixa,RF Crédito Privado permite Risco Mercado,LONGO PRAZO,0.5,0.5,20000.0,100.0,2000.0,100.0,D+0 (du),D+1 (du),D+04 (du),17:00,Sim,Não,Não,Sim,"[""Pessoa Física"", ""PJ Varejo"", ""Private""]","[""Pessoa Física"", ""PJ Varejo"", ""Private""]",http://www.caixa.gov.br/fundos-investimento/renda-fixa/fi-qualificado-rf-credito-privado-longo-prazo,,https://www.caixa.gov.br/downloads/aplicacao-financeira-regulamentos/RG_5154.pdf,https://www.caixa.gov.br/Downloads/aplicacao-financeira-termos-adesao/TA_5154.pdf,,https://www.caixa.gov.br/Downloads/aplicacao-financeira-inf-com/FIC_5154.pdf,,*Este Fundo não está adaptado às normas vigentes para RPPS (Regimes Próprios de Previdência Social).,2026-08-11T00:00:00Z,FI657,CAIXA FIF QUALIFICADO RF CRED PRIV LP - RESP LTDA,CAIXA QUALIFICADO FUNDO DE INVESTIMENTO FINANCEIRO RENDA FIXA CRÉDITO PRIVADO LONGO PRAZO - RESPONSABILIDADE LIMITADA,CAIXA FIF QUALIFICADO RF CRED PRIV LP - RESP LTDA 5154 10551353000133 10.551.353/0001-33,QUALIFICADO,17h00,Não,Não,100.0,AUTOMATICO,"PF, PJ PRIV","FX, GR, PJ Varejo",,,,2009-06-01T00:00:00Z
RENDA FIXA,CAIXA FIC FIF SELEÇÃO RF RESP LTDA,CAIXA FIC FIF SELECAO RF RESP LTDA,01/10/2003,"29,92262300","0,046","0,51","7,90","28,79","21,410",PF,PF,https://www.caixa.gov.br/fundos-investimento/renda-fixa/fic-selecao-rf-longo-prazo,Sim,nome_exato,03737207000131,5401,5401,"PF, PJ","PF, PJ",Conservador,CDI,Renda Fixa,RF até 49% Crédito Privado,CURTO PRAZO,1.1,1.1,30000.0,100.0,15000.0,100.0,D+0 (du),D+0 (du),D+00 (du),,Não,Não,Não,Sim,,,http://www.caixa.gov.br/fundos-investimento/renda-fixa/fic-selecao-rf-longo-prazo,,https://www.caixa.gov.br/downloads/aplicacao-financeira-regulamentos/RG_5401.pdf,https://www.caixa.gov.br/Downloads/aplicacao-financeira-termos-adesao/TA_5401.pdf,https://www.caixa.gov.br/Downloads/aplicacao-financeira-comunicado-aos-cotistas/FR_5401.pdf,https://www.caixa.gov.br/Downloads/aplicacao-financeira-inf-com/FIC_5401.pdf,,"Este Fundo não está adaptado às normas vigentes para RPPS (Regimes Próprios de Previdência Social).O Fundo está fechado para novas adesões e aplicações adicionais, por tempo indeterminado.",2026-08-11T00:00:00Z,FI657,CAIXA FIC FIF SELECAO RF - RESP LTDA,CAIXA SELEÇÃO FUNDO DE INVESTIMENTO EM COTAS DE CLASSE DE FUNDO DE INVESTIMENTO FINANCEIRO RENDA FIXA - RESPONSABILIDADE LIMITADA,CAIXA FIC FIF SELECAO RF - RESP LTDA 5401 03737207000131 03.737.207/0001-31,GERAL,17h00,Não,Não,95.0,AUTOMATICO,"PF, PJ PRIV",,,,,2003-10-01T00:00:00Z
RENDA FIXA,CAIXA FIC FIF PERSONAL RF LP RESP LTDA,CAIXA FIC FIF PERSONAL RF LP RESP LTDA,03/11/1997,"31,38946200","0,050","0,58","8,60","14,35","3.128,387",PF,PF | PJ,https://www.caixa.gov.br/fundos-investimento/renda-fixa/fic-personal-rf-longo-prazo,Sim,nome_aproximado_1.00,10577509000155,5565,5565,PF,PF,Moderado,CDI,Renda Fixa,RF até 49% Crédito Privado,LONGO PRAZO,0.7,0.7,0.01,0.01,0.01,0.01,D+0 (du),D+0 (du),D+00 (du),17:00,Sim,Não,Não,Sim,"[""Pessoa Física"", ""Private""]","[""Pessoa Física"", ""Private""]",http://www.caixa.gov.br/fundos-investimento/renda-fixa/fic-relacionamento-personal-rf-longo-prazo,,https://www.caixa.gov.br/downloads/aplicacao-financeira-regulamentos/RG_5565.pdf,https://www.caixa.gov.br/Downloads/aplicacao-financeira-termos-adesao/TA_5565.pdf,https://www.caixa.gov.br/Downloads/aplicacao-financeira-comunicado-aos-cotistas/FR_5565.pdf,https://www.caixa.gov.br/Downloads/aplicacao-financeira-inf-com/FIC_5565.pdf,,"Destinado à Pessoas Físicas que possuam conta-salário na CAIXA, inclusive empregados da CAIXA. Este Fundo não está adaptado às normas vigentes para RPPS (Regimes Próprios de Previdência Social).

Fundo disponível para aplicação somente via conta corrente marcada como conta-salário (CS), ou conta-salário empregado CAIXA. 

Caso ocorra desmarcação da conta, o cotista não poderá realizar novas aplicações no fundo, no entanto as condições do produto permanecem válidas enquanto houver recursos aplicados. 

As regras para marcação e desmarcação da conta estão no CO020.",2026-08-11T00:00:00Z,FI657,CAIXA FIC FIF RELACIONAMENTO PERSONAL RF LP - RESP LTDA,CAIXA RELACIONAMENTO PERSONAL FUNDO DE INVESTIMENTO EM COTAS DE CLASSE DE FUNDO DE INVESTIMENTO FINANCEIRO RENDA FIXA LONGO PRAZO - RESP LIMITADA,CAIXA FIC FIF RELACIONAMENTO PERSONAL RF LP - RESP LTDA 5565 10577509000155 10.577.509/0001-55,GERAL,17h00,Não,Não,90.0,AUTOMATICO,PF,"FX, GC, GR, GV",,,,2012-04-16T00:00:00Z
RENDA FIXA,CAIXA INDEXA TESOURO SELIC FIC FIF RF LP - RESP LTDA,CAIXA INDEXA TESOURO SELIC FIC FIF RF LP - RESP LTDA,26/12/2013,"3,30528900","0,053","0,57","8,76","14,62","659,527",PF,PF,https://www.caixa.gov.br/fundos-investimento/voce/renda-fixa/pos-fixados/ate-100.000/caixa-fic-indexa-tesouro-selic-renda-fixa-lp,Sim,nome_exato,17687735000138,5940,5940,PF,PF,Conservador,CDI,Renda Fixa,RF 100% TPF - Longo Prazo,LONGO PRAZO,0.01,0.01,50000.0,100.0,25000.0,100.0,D+0 (du),D+0 (du),D+00 (du),17:00,Não,Não,Não,Sim,"[""Private""]","[""Private""]",https://www.caixa.gov.br/fundos-investimento/voce/renda-fixa/pos-fixados/ate-100.000/caixa-fic-indexa-tesouro-selic-renda-fixa-lp,,https://www.caixa.gov.br/downloads/aplicacao-financeira-regulamentos/RG_5940.pdf,https://www.caixa.gov.br/Downloads/aplicacao-financeira-termos-adesao/TA_5940.pdf,https://www.caixa.gov.br/Downloads/aplicacao-financeira-comunicado-aos-cotistas/FR_5940.pdf,https://www.caixa.gov.br/Downloads/aplicacao-financeira-inf-com/FIC_5940.pdf,,"OBS: Limite máximo por CPF - R$ 100.000,00
",2026-08-11T00:00:00Z,FI657,CAIXA INDEXA TESOURO SELIC FIC FIF RF LP - RESP LTDA,CAIXA INDEXA TESOURO SELIC FUNDO DE INVESTIMENTO EM COTAS DE CLASSE DE FUNDO DE INVESTIMENTO FINANCEIRO RENDA FIXA LONGO PRAZO – RESP LIMITADA,CAIXA INDEXA TESOURO SELIC FIC FIF RF LP - RESP LTDA 5940 17687735000138 17.687.735/0001-38,GERAL,17h00,Não,Não,90.0,AUTOMATICO,PF,FX,,,,2013-12-26T00:00:00Z
RENDA FIXA,CAIXA FIC FIF RENDA FIXA ATIVA LP RESP LTDA,CAIXA FIC FIF RENDA FIXA ATIVA LP RESP LTDA,22/04/2020,"1.811,55465800","0,057","0,53","7,54","12,94","120,545",PF,PF | PJ,https://www.caixa.gov.br/fundos-investimento/renda-fixa/caixa-fic-renda-fixa-ativa-lp/Paginas/default.aspx,Sim,nome_aproximado_1.00,35536542000168,6482,6482,"PF, PJ","PF, PJ",Moderado,CDI,Renda Fixa,RF Ativo,LONGO PRAZO,0.4,,50000.0,100.0,5000.0,100.0,D+0 (du),D+0 (du),D+01 (du),16:00,Sim,Não,Não,Sim,"[""Institucional"", ""Pessoa Física"", ""PJ Atacado"", ""PJ Varejo"", ""Private""]","[""Institucional"", ""Pessoa Física"", ""PJ Atacado"", ""PJ Varejo"", ""Private""]",http://www.caixa.gov.br/fundos-investimento/renda-fixa/caixa-fic-renda-fixa-ativa-lp,,https://www.caixa.gov.br/downloads/aplicacao-financeira-regulamentos/RG_6482.pdf,https://www.caixa.gov.br/Downloads/aplicacao-financeira-termos-adesao/TA_6482.pdf,,https://www.caixa.gov.br/Downloads/aplicacao-financeira-inf-com/FIC_6482.pdf,,,2026-08-11T00:00:00Z,FI657,CAIXA FIC FIF ATIVA RENDA FIXA LP - RESP LTDA,CAIXA ATIVA FUNDO DE INVESTIMENTO EM COTAS DE CLASSE DE FUNDO DE INVESTIMENTO FINANCEIRO RENDA FIXA LONGO PRAZO - RESPONSABILIDADE LIMITADA,CAIXA FIC FIF ATIVA RENDA FIXA LP - RESP LTDA 6482 35536542000168 35.536.542/0001-68,GERAL,16h00,Não,Não,100.0,AUTOMATICO,"PF, PJ PRIV","FX, GR, INST, PJ Atacado, PJ Varejo",,,,2020-04-22T00:00:00Z
RENDA FIXA,CAIXA FIC FIF SUPREMO RF LP RESP LTDA,CAIXA FIC FIF SUPREMO RF LP RESP LTDA,04/07/2006,"6,34324500","0,050","0,57","8,45","14,10","122,415",PF,PF,https://www.caixa.gov.br/fundos-investimento/renda-fixa/fic-supremo-rf-longo-prazo,Sim,nome_aproximado_0.75,03218183000104,0087,87,"PF, PJ","PF, PJ",Moderado,IPCA+6%,Renda Fixa,RF Índice de Preços,LONGO PRAZO,1.5,1.5,0.01,0.01,0.01,0.01,D+0 (du),D+3 (du),D+03 (du),17:00,Sim,Não,Não,Sim,"[""Pessoa Física""]","[""Pessoa Física""]",http://www.caixa.gov.br/fundos-investimento/renda-fixa/fic-capital-indice-de-precos-rf-longo-prazo,,https://www.caixa.gov.br/downloads/aplicacao-financeira-regulamentos/RG_0087.pdf,https://www.caixa.gov.br/Downloads/aplicacao-financeira-termos-adesao/TA_0087.pdf,,https://www.caixa.gov.br/Downloads/aplicacao-financeira-inf-com/FIC_0087.pdf,,Este Fundo não está adaptado às normas vigentes para RPPS (Regimes Próprios de Previdência Social).,2026-08-11T00:00:00Z,FI657,CAIXA FIC FIF CAPITAL INDICE DE PRECOS RF LP - RESP LTDA,CAIXA CAPITAL ÍNDICE DE PREÇOS FUNDO DE INVESTIMENTO EM COTAS DE CLASSE DE FUNDO DE INVESTIMENTO FINANCEIRO RENDA FIXA LONGO PRAZO - RESP LIMITADA,CAIXA FIC FIF CAPITAL INDICE DE PRECOS RF LP - RESP LTDA 0087 03218183000104 03.218.183/0001-04,GERAL,17h00,Não,Não,90.0,AUTOMATICO,"PF, PJ PRIV","GC, GV",,https://web.microsoftstream.com/video/32d65536-1de1-4f2f-a9b8-0fbb0d9347fc?channelId=772517ff-88ae-4298-88f2-3ed5a5893c3e,,2000-01-03T00:00:00Z
RENDA FIXA,CAIXA FIC FIF MAXI RENDA FIXA CRED PRIV LP - RESP LTDA,CAIXA FIC FIF MAXI RENDA FIXA CRED PRIV LP - RESP LTDA,04/03/2013,"3,66261100","0,050","0,60","8,90","14,89","16.471,140",PF,PF | PJ,https://www.caixa.gov.br/fundos-investimento/renda-fixa/fic-maxi-rf-credito-privado-longo-prazo/Paginas/default.aspx,Sim,nome_exato,17322725000107,5908,5908,"PF, PJ","PF, PJ",Moderado,CDI,Renda Fixa,RF Crédito Privado sem Risco Mercado,LONGO PRAZO,0.3,0.3,100000.0,100.0,10000.0,100.0,D+0 (du),D+0 (du),D+00 (du),17:00,Sim,Não,Não,Sim,"[""Pessoa Física"", ""PJ Atacado"", ""PJ Varejo"", ""Private""]","[""Pessoa Física"", ""PJ Atacado"", ""PJ Varejo"", ""Private""]",http://www.caixa.gov.br/fundos-investimento/renda-fixa/fic-maxi-renda-fixa-credito-privado-longo-prazo,,https://www.caixa.gov.br/downloads/aplicacao-financeira-regulamentos/RG_5908.pdf,https://www.caixa.gov.br/Downloads/aplicacao-financeira-termos-adesao/TA_5908.pdf,,https://www.caixa.gov.br/Downloads/aplicacao-financeira-inf-com/FIC_5908.pdf,,"*Este Fundo não está adaptado às normas vigentes para RPPS (Regimes Próprios de Previdência Social).




",2026-08-11T00:00:00Z,FI657,CAIXA FIC FIF MAXI RENDA FIXA CRED PRIV LP - RESP LTDA,CAIXA MAXI FUNDO DE INVESTIMENTO EM COTAS DE CLASSE DE FUNDO DE INVESTIMENTO FINANCEIRO RENDA FIXA CRÉDITO PRIVADO LONGO PRAZO - RESP LIMITADA,CAIXA FIC FIF MAXI RENDA FIXA CRED PRIV LP - RESP LTDA 5908 17322725000107 17.322.725/0001-07,GERAL,17h00,Não,Não,90.0,AUTOMATICO,"PF, PJ PRIV","FX, GC, GR, GV, PJ Atacado, PJ Varejo, RPPS",,https://web.microsoftstream.com/video/1689d147-ff5e-41df-9e77-e9270bae338b?channelId=772517ff-88ae-4298-88f2-3ed5a5893c3e,,2013-03-04T00:00:00Z
RENDA FIXA,CAIXA FIF FIDELIDADE II RF CRÉD PRIV LP,CAIXA FIF FIDELIDADE II RF CRED PRIV LP,03/06/2009,"5,44424500","0,053","0,61","8,97","15,03","1.500,464",PF,PF | PJ,https://www.caixa.gov.br/fundos-investimento/renda-fixa/fi-fidelidade-ii-rf-credito-privado-longo-prazo/Paginas/default.aspx,Sim,nome_exato,10322668000109,5410,5410,"PF, PJ","PF, PJ",Moderado,CDI,Renda Fixa,RF Crédito Privado permite Risco Mercado,LONGO PRAZO,0.05,0.05,1000000.0,1000.0,500000.0,1000.0,D+0 (du),D+0 (du),D+00 (du),17:00,Sim,Não,Não,Sim,"[""Private""]","[""Private""]",http://www.caixa.gov.br/fundos-investimento/renda-fixa/fi-fidelidade-2-rf-longo-prazo,,https://www.caixa.gov.br/downloads/aplicacao-financeira-regulamentos/RG_5410.pdf,https://www.caixa.gov.br/Downloads/aplicacao-financeira-termos-adesao/TA_5410.pdf,https://www.caixa.gov.br/Downloads/aplicacao-financeira-comunicado-aos-cotistas/FR_5410.pdf,https://www.caixa.gov.br/Downloads/aplicacao-financeira-inf-com/FIC_5410.pdf,,"Este Fundo não está adaptado às normas vigentes para RPPS (Regimes Próprios de Previdência Social). Há incidência de taxa de saída no Fundo, conforme exposto no Regulamento.

Aberto para novas aplicações a partir de 01/12/2025, inclusive.
",2026-08-11T00:00:00Z,FI657,CAIXA FIF FIDELIDADE II RF CRED PRIV LP RESP LTDA,CAIXA FIDELIDADE II FUNDO DE INVESTIMENTO FINANCEIRO RENDA FIXA CRÉDITO PRIVADO LONGO PRAZO - RESPONSABILIDADE LIMITADA,CAIXA FIF FIDELIDADE II RF CRED PRIV LP RESP LTDA 5410 10322668000109 10.322.668/0001-09,QUALIFICADO,17h00,Não,Não,90.0,AUTOMATICO,"PF, PJ PRIV",FX,,,,2009-06-03T00:00:00Z
RENDA FIXA REFERENCIADO,CAIXA FIC FIF BETA RF REF DI LP RESP LTDA,CAIXA FIC FIF BETA RF REF DI LP RESP LTDA,02/10/1995,"31,02622500","0,047","0,51","7,82","13,05","166,888",PF,PF | TODOS,https://www.caixa.gov.br/fundos-investimento/referenciados/fic-beta-ref-di-lp,Sim,nome_aproximado_0.83,11061230000187,5189,5189,PJ,PJ,Conservador,CDI,Renda Fixa,RF REF DI 100% TPF,LONGO PRAZO,0.1,0.1,1000000.0,100.0,100000.0,100.0,D+0 (du),D+0 (du),D+00 (du),17:00,Sim,Não,Não,Sim,"[""Institucional"", ""PJ Atacado""]","[""Institucional"", ""PJ Atacado""]",https://www.caixa.gov.br/fundos-investimento/renda-fixa/referenciados/fic-topazio-rf-ref-di-lp,,https://www.caixa.gov.br/downloads/aplicacao-financeira-regulamentos/RG_5189.pdf,https://www.caixa.gov.br/Downloads/aplicacao-financeira-termos-adesao/TA_5189.pdf,,https://www.caixa.gov.br/Downloads/aplicacao-financeira-inf-com/FIC_5189.pdf,,"Campanha ""Campanha Caixa Asset Lidera RPPS"" de 06/07/2026 a 31/08/2026
Redução de Tickets
Aplicação Inicial:
De: R$ 3.000.000,00 para R$ 1.000.000,00
Saldo Mínimo: 
De: R$ 300.000,00 para R$ 100.000,00

OBS: Após a Campanha, voltam os parâmetros originais. Saldo abaixo do mínimo pode impedir resgates parciais (somente total).",2026-08-11T00:00:00Z,FI657,CAIXA FIF TOPAZIO CORP RF REF DI LP - RESP LTDA,CAIXA TOPÁZIO CORPORATIVO FUNDO DE INVESTIMENTO FINANCEIRO RENDA FIXA REFERENCIADO DI LONGO PRAZO - RESPONSABILIDADE LIMITADA,CAIXA FIF TOPAZIO CORP RF REF DI LP - RESP LTDA 5189 11061230000187 11.061.230/0001-87,GERAL,17h00,Não,Não,95.0,AUTOMATICO,PJ PRIV,"GOV, INST, PJ Atacado, RPPS",https://www.caixa.gov.br/Downloads/aplicacao-financeira-qdd/QDD_5189.pdf,https://web.microsoftstream.com/video/6e74c0e2-b2c6-4bd6-9b53-5982d3f1b8e1?channelId=772517ff-88ae-4298-88f2-3ed5a5893c3e,,2010-06-22T00:00:00Z
RENDA FIXA REFERENCIADO,CAIXA SIGMA FUNCIONARIOS FIC FIF RF REF DI LP - RESP LTDA (2) (3),CAIXA SIGMA FUNCIONARIOS FIC FIF RF REF DI LP - RESP LTDA (2) (3),08/04/2026,-,-,-,-,-,-,PF,PF,,Sim,nome_exato,66034762000117,8500,8500,PF,PF,Conservador,CDI,Renda Fixa,RF Simples 100% TPF,LONGO PRAZO,0.2,0.2,0.01,0.01,0.01,0.01,D+0 (du),D+0 (du),D+00 (du),17:00,Sim,Não,Não,Sim,"[""Pessoa Física"", ""Private""]","[""Pessoa Física"", ""Private""]",,,https://www.caixa.gov.br/downloads/aplicacao-financeira-regulamentos/RG_8500.pdf,https://www.caixa.gov.br/Downloads/aplicacao-financeira-termos-adesao/TA_8500.pdf,,https://www.caixa.gov.br/Downloads/aplicacao-financeira-inf-com/FIC_8500.pdf,,,2026-08-11T00:00:00Z,FI657,CAIXA SIGMA FUNCIONARIOS FIC FIF RF REF DI LP - RESP LTDA,CAIXA SIGMA FUNCIONÁRIOS FIC DE CLASSE DE FUNDO DE INVESTIMENTO FINANCEIRO RENDA FIXA REFERENCIADO DI LONGO PRAZO - RESP LIMITADA,CAIXA SIGMA FUNCIONARIOS FIC FIF RF REF DI LP - RESP LTDA 8500 66034762000117 66.034.762/0001-17,GERAL,17h00,Sim,Não,95.0,AUTOMATICO,PF,"FX, GC, GR, GV",,,,2026-04-08T00:00:00Z
RENDA FIXA REFERENCIADO,CAIXA FIC FIF PLENO REF DI LP RESP LTDA,CAIXA FIC FIF PLENO REF DI LP RESP LTDA,14/06/2010,"3,69571600","0,049","0,57","8,50","14,20","2.287,418",PF,PF | PJ | TODOS,https://www.caixa.gov.br/fundos-investimento/referenciados/fic-pleno-ref-di-longo-prazo,Sim,nome_exato,10740508000180,5498,5498,"PF, PJ","PF, PJ",Conservador,CDI,Renda Fixa,RF DI até 49% Crédito Privado,LONGO PRAZO,0.7,0.7,100.0,100.0,10.0,100.0,D+0 (du),D+0 (du),D+00 (du),17:00,Sim,Não,Não,Sim,"[""Pessoa Física"", ""Private""]","[""Pessoa Física"", ""Private""]",http://www.caixa.gov.br/fundos-investimento/referenciados/fic-pleno-ref-di-longo-prazo,,https://www.caixa.gov.br/downloads/aplicacao-financeira-regulamentos/RG_5498.pdf,https://www.caixa.gov.br/Downloads/aplicacao-financeira-termos-adesao/TA_5498.pdf,,https://www.caixa.gov.br/Downloads/aplicacao-financeira-inf-com/FIC_5498.pdf,,"*Este Fundo não está adaptado às normas vigentes para RPPS (Regimes Próprios de Previdência Social)."" 

",2026-08-11T00:00:00Z,FI657,CAIXA FIC FIF PLENO REF DI LP - RESP LTDA,CAIXA PLENO FUNDO DE INVESTIMENTO EM COTAS DE CLASSE DE FUNDO DE INVESTIMENTO FINANCEIRO RENDA FIXA REFERENCIADO DI LONGO PRAZO - RESP LIMITADA,CAIXA FIC FIF PLENO REF DI LP - RESP LTDA 5498 10740508000180 10.740.508/0001-80,GERAL,17h00,Não,Não,95.0,AUTOMATICO,"PF, PJ PRIV","FX, GC, GR, GV",,https://web.microsoftstream.com/video/5f6afa60-a43f-403c-8879-e04a2d36c5fa?channelId=772517ff-88ae-4298-88f2-3ed5a5893c3e,,2010-06-14T00:00:00Z
RENDA FIXA REFERENCIADO,CAIXA FIC FIF GIRO IMEDIATO RF REF DI LP RESP LTDA,CAIXA FIC FIF GIRO IMEDIATO RF REF DI LP RESP LTDA,03/06/2013,"2,87229900","0,046","0,50","7,72","12,88","6.135,595",PF,PF | TODOS,https://www.caixa.gov.br/fundos-investimento/referenciados/fic-giro-imediato-ref-di-longo-prazo,Sim,nome_exato,17502869000137,5930,5930,PF,PF,Conservador,CDI,Renda Fixa,RF DI até 49% Crédito Privado,LONGO PRAZO,1.5,1.5,1000.0,100.0,0.02,0.01,D+0 (du),D+0 (du),D+00 (du),18:00,Sim,Não,Sim,Não,"[""Pessoa Física"", ""Private""]","[""Pessoa Física"", ""Private""]",http://www.caixa.gov.br/fundos-investimento/referenciados/fic-giro-imediato-ref-di-longo-prazo,,https://www.caixa.gov.br/downloads/aplicacao-financeira-regulamentos/RG_5930.pdf,https://www.caixa.gov.br/Downloads/aplicacao-financeira-termos-adesao/TA_5930.pdf,,https://www.caixa.gov.br/Downloads/aplicacao-financeira-inf-com/FIC_5930.pdf,,"Este Fundo não está adaptado às normas vigentes para RPPS (Regimes Próprios de Previdência Social).

Movimentações: O FUNDO oferece mecanismo resgate automático.

Para ativar a funcionalidade de Resgate Automático, acessar o SIART -> Movimentação Automática -> Marcar

As regras da funcionalidade de Movimentação Automática estão descritas no MN TE099.

**Esse fundo não possui adiantamento de resgate, os resgates efetuados ficarão disponíveis no processamento noturno.",2026-08-11T00:00:00Z,FI657,CAIXA GIRO IMEDIATO FIC FIF RF REF DI LP - RESP LTDA,CAIXA GIRO IMEDIATO FUNDO DE INVESTIMENTO EM COTAS DE CLASSE DE FUNDO DE INVESTIMENTO FINANCEIRO RENDA FIXA REFERENCIADO DI LP - RESP LIMITADA,CAIXA GIRO IMEDIATO FIC FIF RF REF DI LP - RESP LTDA 5930 17502869000137 17.502.869/0001-37,GERAL,18h00,Não,Não,,NÃO SE APLICA,PF,"FX, GC, GR, GV",,,,2013-06-03T00:00:00Z
RENDA FIXA REFERENCIADO,CAIXA FIC OMEGA REF DI RF LONGO PRAZO,CAIXA FIC OMEGA REF DI RF LONGO PRAZO,13/05/2024,"1,32358000","0,053","0,57","8,70","14,54","70,274",PF,PF,https://www.caixa.gov.br/fundos-investimento/referenciados/fic-omega-ref-di-longo-prazo/Paginas/default.aspx,Sim,nome_aproximado_0.86,10731794000117,5171,5171,"PF, PJ","PF, PJ",Conservador,CDI,Renda Fixa,RF REF DI 100% TPF,LONGO PRAZO,0.35,0.35,50000.0,100.0,5000.0,100.0,D+0 (du),D+0 (du),D+00 (du),17:00,Sim,Não,Não,Sim,"[""Institucional"", ""Pessoa Física"", ""PJ Atacado"", ""PJ Varejo"", ""Private""]","[""Institucional"", ""Pessoa Física"", ""PJ Atacado"", ""PJ Varejo"", ""Private""]",http://www.caixa.gov.br/fundos-investimento/referenciados/fic-sigma-ref-di-longo-prazo,,https://www.caixa.gov.br/downloads/aplicacao-financeira-regulamentos/RG_5171.pdf,https://www.caixa.gov.br/Downloads/aplicacao-financeira-termos-adesao/TA_5171.pdf,,https://www.caixa.gov.br/Downloads/aplicacao-financeira-inf-com/FIC_5171.pdf,,,2026-08-11T00:00:00Z,FI657,CAIXA FIC FIF SIGMA RF REF DI LONGO PRAZO - RESP LTDA,CAIXA SIGMA FUNDO DE INVESTIMENTO EM COTAS DE CLASSE DE FUNDO DE INVESTIMENTO FINANCEIRO RENDA FIXA REFERENCIADO DI LONGO PRAZO - RESP LIMITADA,CAIXA FIC FIF SIGMA RF REF DI LONGO PRAZO - RESP LTDA 5171 10731794000117 10.731.794/0001-17,GERAL,17h00,Não,Não,95.0,AUTOMATICO,"PF, PJ PRIV","FX, GC, GR, GV, INST, PJ Atacado, PJ Varejo",,https://web.microsoftstream.com/video/4be15710-4acb-4afd-a959-c6ed0d090cac?channelId=772517ff-88ae-4298-88f2-3ed5a5893c3e,,2009-12-01T00:00:00Z
RENDA FIXA REFERENCIADO,CAIXA FIC FIF TOP PRIVATE RF REF DI LP RESP LTDA,CAIXA FIC FIF TOP PRIVATE RF REF DI LP RESP LTDA,05/05/2014,"3,27028800","0,051","0,59","8,87","14,83","14.127,221",PF,PF | RPPS,https://www.caixa.gov.br/fundos-investimento/referenciados/fic-top-private-ref-di-longo-prazo/Paginas/default.aspx,Sim,nome_aproximado_0.86,19769018000180,5969,5969,PF,PF,Conservador,CDI,Renda Fixa,RF DI até 49% Crédito Privado,LONGO PRAZO,0.15,0.15,10000.0,100.0,1000.0,100.0,D+0 (du),D+0 (du),D+00 (du),17:00,Sim,Não,Não,Sim,"[""Private""]","[""Private""]",,,https://www.caixa.gov.br/downloads/aplicacao-financeira-regulamentos/RG_5969.pdf,https://www.caixa.gov.br/Downloads/aplicacao-financeira-termos-adesao/TA_5969.pdf,https://www.caixa.gov.br/Downloads/aplicacao-financeira-comunicado-aos-cotistas/FR_5969.pdf,https://www.caixa.gov.br/Downloads/aplicacao-financeira-inf-com/FIC_5969.pdf,,,2026-08-11T00:00:00Z,FI657,CAIXA TOP PRIVATE RF FIC FIF REF DI LONGO PRAZO - RESP LTDA,CAIXA TOP PRIVATE FUNDO DE INVESTIMENTO EM COTAS DE CLASSE DE FUNDO DE INVESTIMENTO FINANCEIRO RENDA FIXA REFERENCIADO DI LONGO PRAZO - RESP LIMITADA,CAIXA TOP PRIVATE RF FIC FIF REF DI LONGO PRAZO - RESP LTDA 5969 19769018000180 19.769.018/0001-80,GERAL,17h00,Não,Não,95.0,AUTOMATICO,PF,"FX, RPPS",https://www.caixa.gov.br/Downloads/aplicacao-financeira-qdd/QDD_5969.pdf,https://web.microsoftstream.com/video/5f0c9eff-f752-448b-8f0a-3e2fff710aa9?channelId=772517ff-88ae-4298-88f2-3ed5a5893c3e,,2014-05-05T00:00:00Z
RENDA FIXA REFERENCIADO,CAIXA FIC FIF PREFERENCIAL REF DI LP RESP LTDA,CAIXA FIC FIF PREFERENCIAL REF DI LP RESP LTDA,01/10/2003,"9,93061500","0,049","0,57","8,56","14,31","826,156",PF,PF | TODOS,https://www.caixa.gov.br/fundos-investimento/referenciados/fic-preferencial-ref-di-longo-prazo,Sim,nome_exato,03737211000108,5402,5402,"PF, PJ, GOV","PF, PJ, GOV",Conservador,CDI,Renda Fixa,RF DI até 49% Crédito Privado,LONGO PRAZO,0.6,0.6,30000.0,100.0,15000.0,100.0,D+0 (du),D+0 (du),D+00 (du),17:00,Não,Não,Não,Sim,"[""GOV"", ""Pessoa Física"", ""Private""]","[""GOV"", ""Pessoa Física"", ""Private""]",http://www.caixa.gov.br/fundos-investimento/referenciados/fic-preferencial-ref-di-longo-prazo,,https://www.caixa.gov.br/downloads/aplicacao-financeira-regulamentos/RG_5402.pdf,https://www.caixa.gov.br/Downloads/aplicacao-financeira-termos-adesao/TA_5402.pdf,https://www.caixa.gov.br/Downloads/aplicacao-financeira-comunicado-aos-cotistas/FR_5402.pdf,https://www.caixa.gov.br/Downloads/aplicacao-financeira-inf-com/FIC_5402.pdf,,"FUNDO FECHADO PARA APLICAÇÃO A PARTIR DE 08/04/2024, INCLUSIVE.

Este Fundo não está adaptado às normas vigentes para RPPS (Regimes Próprios de Previdência Social).",2026-08-11T00:00:00Z,FI657,CAIXA FIC FIF PREFERENCIAL REF DI LP - RESP LTDA,CAIXA PREFERENCIAL FUNDO DE INVESTIMENTO EM COTAS DE CLASSE DE FUNDO DE INVESTIMENTO FINANCEIRO RENDA FIXA REFERENCIADO DI LONGO PRAZO - RESP LIMITADA,CAIXA FIC FIF PREFERENCIAL REF DI LP - RESP LTDA 5402 03737211000108 03.737.211/0001-08,GERAL,17h00,Não,Não,95.0,AUTOMATICO,"PF, PJ PRIV, PJ PUB","FX, GR",,https://web.microsoftstream.com/video/ee622bf6-774a-41bd-afd8-1775b6b730b9?channelId=772517ff-88ae-4298-88f2-3ed5a5893c3e,,2003-10-01T00:00:00Z
RENDA FIXA REFERENCIADO,CAIXA FIC FIF SIGMA RF REF DI LP RESP LTDA,CAIXA FIC FIF SIGMA RF REF DI LP RESP LTDA,01/12/2009,"4,56911000","0,052","0,56","8,60","14,38","16.883,116",PF,PF | PJ | TODOS,https://www.caixa.gov.br/fundos-investimento/referenciados/fic-sigma-ref-di-longo-prazo,Sim,nome_aproximado_1.00,66034762000117,8500,8500,PF,PF,Conservador,CDI,Renda Fixa,RF Simples 100% TPF,LONGO PRAZO,0.2,0.2,0.01,0.01,0.01,0.01,D+0 (du),D+0 (du),D+00 (du),17:00,Sim,Não,Não,Sim,"[""Pessoa Física"", ""Private""]","[""Pessoa Física"", ""Private""]",,,https://www.caixa.gov.br/downloads/aplicacao-financeira-regulamentos/RG_8500.pdf,https://www.caixa.gov.br/Downloads/aplicacao-financeira-termos-adesao/TA_8500.pdf,,https://www.caixa.gov.br/Downloads/aplicacao-financeira-inf-com/FIC_8500.pdf,,,2026-08-11T00:00:00Z,FI657,CAIXA SIGMA FUNCIONARIOS FIC FIF RF REF DI LP - RESP LTDA,CAIXA SIGMA FUNCIONÁRIOS FIC DE CLASSE DE FUNDO DE INVESTIMENTO FINANCEIRO RENDA FIXA REFERENCIADO DI LONGO PRAZO - RESP LIMITADA,CAIXA SIGMA FUNCIONARIOS FIC FIF RF REF DI LP - RESP LTDA 8500 66034762000117 66.034.762/0001-17,GERAL,17h00,Sim,Não,95.0,AUTOMATICO,PF,"FX, GC, GR, GV",,,,2026-04-08T00:00:00Z
RENDA FIXA REFERENCIADO,CAIXA FIC FIF MEGA RF REFERENC DI LONGO PRAZO - RESP LTDA,CAIXA FIC FIF MEGA RF REFERENC DI LONGO PRAZO - RESP LTDA,03/02/2009,"5,23438300","0,051","0,58","8,79","14,70","22.857,013",PF,PF | PJ,https://www.caixa.gov.br/fundos-investimento/referenciados/fic-mega-ref-di-longo-prazo/Paginas/default.aspx,Sim,nome_aproximado_0.86,10322633000170,5411,5411,"PF, PJ","PF, PJ",Conservador,CDI,Renda Fixa,RF DI até 49% Crédito Privado,LONGO PRAZO,0.25,0.25,100000.0,100.0,10000.0,100.0,D+0 (du),D+0 (du),D+00 (du),17:00,Sim,Não,Não,Sim,"[""Institucional"", ""Pessoa Física"", ""PJ Atacado"", ""PJ Varejo"", ""Private""]","[""Institucional"", ""Pessoa Física"", ""PJ Atacado"", ""PJ Varejo"", ""Private""]",http://www.caixa.gov.br/fundos-investimento/referenciados/fic-mega-ref-di-longo-prazo,,https://www.caixa.gov.br/downloads/aplicacao-financeira-regulamentos/RG_5411.pdf,https://www.caixa.gov.br/Downloads/aplicacao-financeira-termos-adesao/TA_5411.pdf,,https://www.caixa.gov.br/Downloads/aplicacao-financeira-inf-com/FIC_5411.pdf,,,2026-08-11T00:00:00Z,FI657,CAIXA FIC FIF MEGA RF REF DI LONGO PRAZO - RESP LTDA,CAIXA MEGA FUNDO DE INVESTIMENTO FINANCEIRO RENDA FIXA REFERENCIADO DI LONGO PRAZO - RESPONSABILIDADE LIMITADA,CAIXA FIC FIF MEGA RF REF DI LONGO PRAZO - RESP LTDA 5411 10322633000170 10.322.633/0001-70,GERAL,17h00,Não,Não,95.0,AUTOMATICO,"PF, PJ PRIV","FX, GC, GR, GV, INST, PJ Atacado, PJ Varejo, RPPS",https://www.caixa.gov.br/Downloads/aplicacao-financeira-qdd/QDD_5411.pdf,https://web.microsoftstream.com/video/6fd51e32-7197-4736-ab0d-031b75c372fd?channelId=772517ff-88ae-4298-88f2-3ed5a5893c3e,,2009-02-03T00:00:00Z
RENDA FIXA REFERENCIADO,CAIXA FIC FIF RUBI RF REF DI LP RESP LTDA,CAIXA FIC FIF RUBI RF REF DI LP RESP LTDA,15/07/2009,"4,89830400","0,050","0,58","8,77","14,66","9.711,045",PF,PF | PJ | TODOS,https://www.caixa.gov.br/fundos-investimento/referenciados/fic-rubi-ref-di-longo-prazo/Paginas/default.aspx,Sim,nome_aproximado_0.83,10646885000154,5157,5157,PJ,PJ,Conservador,CDI,Renda Fixa,RF DI até 49% Crédito Privado,LONGO PRAZO,0.3,0.3,200000.0,100.0,20000.0,100.0,D+0 (du),D+0 (du),D+00 (du),17:00,Sim,Não,Não,Sim,"[""Institucional"", ""PJ Atacado"", ""PJ Varejo""]","[""Institucional"", ""PJ Atacado"", ""PJ Varejo""]",https://www.caixa.gov.br/fundos-investimento/referenciados/fic-rubi-ref-di-longo-prazo/Paginas/default.aspx,,https://www.caixa.gov.br/downloads/aplicacao-financeira-regulamentos/RG_5157.pdf,https://www.caixa.gov.br/Downloads/aplicacao-financeira-termos-adesao/TA_5157.pdf,,https://www.caixa.gov.br/Downloads/aplicacao-financeira-inf-com/FIC_5157.pdf,,"Este Fundo não está adaptado às normas vigentes para RPPS (Regimes Próprios de Previdência Social).
",2026-08-11T00:00:00Z,FI657,CAIXA FIC FIF RUBI REF DI LP - RESP LTDA,CAIXA RUBI FUNDO DE INVESTIMENTO EM COTAS DE CLASSE DE FUNDO DE INVESTIMENTO FINANCEIRO RENDA FIXA REFERENCIADO DI LONGO PRAZO - RESP LIMITADA,CAIXA FIC FIF RUBI REF DI LP - RESP LTDA 5157 10646885000154 10.646.885/0001-54,GERAL,17h00,Não,Não,95.0,AUTOMATICO,PJ PRIV,"INST, PJ Atacado, PJ Varejo",,https://web.microsoftstream.com/video/3cd97374-bb4b-4204-bdef-48cfa0e370c8?channelId=772517ff-88ae-4298-88f2-3ed5a5893c3e,,2009-07-15T00:00:00Z
RENDA FIXA CURTO PRAZO,CAIXA FIC FIF RENDA FIXA CURTO PRAZO RESP LTDA,CAIXA FIC FIF RENDA FIXA CURTO PRAZO RESP LTDA,14/12/2020,"1.772,69315100","0,049","0,54","8,39","14,05","273,595",PF,PF | PJ,https://www.caixa.gov.br/fundos-investimento/curto-prazo/fic-automatico-polis-rf-cp/Paginas/default.aspx,Sim,nome_exato,39594941000136,6520,6520,"PF, PJ","PF, PJ",Conservador,CDI,Renda Fixa,RF 100% TPF - Curto Prazo,CURTO PRAZO,0.5,,10000.0,100.0,1000.0,100.0,D+0 (du),D+0 (du),D+00 (du),17:00,Sim,Não,Não,Sim,"[""Institucional"", ""Pessoa Física"", ""PJ Atacado"", ""PJ Varejo"", ""Private""]","[""Institucional"", ""Pessoa Física"", ""PJ Atacado"", ""PJ Varejo"", ""Private""]",https://www.caixa.gov.br/fundos-investimento/voce/renda-fixa/caixa-fic-rf-curto-prazo,,https://www.caixa.gov.br/downloads/aplicacao-financeira-regulamentos/RG_6520.pdf,https://www.caixa.gov.br/Downloads/aplicacao-financeira-termos-adesao/TA_6520.pdf,,https://www.caixa.gov.br/Downloads/aplicacao-financeira-inf-com/FIC_6520.pdf,,"
*Este Fundo não está adaptado às normas vigentes para RPPS (Regimes Próprios de Previdência Social).",2026-08-11T00:00:00Z,FI657,CAIXA FIC FIF RENDA FIXA CURTO PRAZO - RESP LTDA,CAIXA FUNDO DE INVESTIMENTO EM COTAS DE CLASSE DE FUNDO DE INVESTIMENTO FINANCEIRO RENDA FIXA CURTO PRAZO - RESPONSABILIDADE LIMITADA,CAIXA FIC FIF RENDA FIXA CURTO PRAZO - RESP LTDA 6520 39594941000136 39.594.941/0001-36,GERAL,17h00,Não,Não,100.0,AUTOMATICO,"PF, PJ PRIV","FX, GR, INST, PJ Atacado, PJ Varejo",,,,2020-12-14T00:00:00Z
RENDA FIXA SIMPLES,CAIXA AZULZINHA FIC FIF RF SIMPLES - RESP LTDA,CAIXA AZULZINHA FIC FIF RF SIMPLES - RESP LTDA,13/06/2025,"1,15181500","0,045","0,50","7,65","12,82","66,670",PJ,PJ,http://site.extra.caixa.gov.br/fundos-investimento/fundo-simples/fic-azulzinha-rf-simples/Paginas/default.aspx,Sim,nome_exato,61160298000191,7972,7972,PJ,PJ,Conservador,SELIC,Renda Fixa,RF Simples até 49% Crédito Privado,CURTO PRAZO,1.3,1.3,0.01,0.01,0.01,0.01,D+0 (du),D+0 (du),D+00 (du),17:00,Sim,Não,Sim,Não,"[""Institucional"", ""PJ Atacado"", ""PJ Varejo""]","[""Institucional"", ""PJ Atacado"", ""PJ Varejo""]",,,http://www.caixa.gov.br/downloads/aplicacao-financeira-regulamentos/RG_7972.pdf,http://www.caixa.gov.br/Downloads/aplicacao-financeira-termos-adesao/TA_7972.pdf,,http://www.caixa.gov.br/Downloads/aplicacao-financeira-inf-com/FIC_7972.pdf,,"ADMINISTRADORA, ativos e com crédito de recebíveis em conta CAIXA nos últimos 90 dias.

Para clientes que atende aos requisitos e não possui o fundo habilitado solicitar a marcação através do link: https://azulzinha.caixa/azulzinha/nova_marcacao.php

Movimentações: O FUNDO oferece mecanismo de aplicação e resgate automáticos, exigindo a manutenção de um saldo em caixa adequado para suportar movimentações ocorridas após o fechamento do mercado.

Para ativar a funcionalidade de Resgate Automático, acessar o SIART -> Movimentação Automática -> Marcar

As regras da funcionalidade de Movimentação Automática estão descritas no MN TE099.

**Esse fundo não possui adiantamento de resgate, os resgates efetuados ficarão disponíveis no processamento noturno.",2026-08-11T00:00:00Z,FI657,CAIXA AZULZINHA FIC FIF RF SIMPLES - RESP LTDA,CAIXA AZULZINHA FUNDO DE INVESTIMENTO EM COTAS DE CLASSE DE FUNDO DE INVESTIMENTO FINANCEIRO RENDA FIXA SIMPLES - RESPONSABILIDADE LIMITADA,CAIXA AZULZINHA FIC FIF RF SIMPLES - RESP LTDA 7972 61160298000191 61.160.298/0001-91,GERAL,17h00,Não,Não,,NÃO SE APLICA,PJ PRIV,"INST, PJ Atacado, PJ Varejo",,,,2025-06-13T00:00:00Z
RENDA FIXA SIMPLES,CAIXA FIC FIF AMETISTA CORP RF SIMPLES RESP LTDA,CAIXA FIC FIF AMETISTA CORP RF SIMPLES RESP LTDA,12/07/2023,"1,39016600","0,045","0,50","7,71","12,90","182,143",PJ,PJ,https://www.caixa.gov.br/fundos-investimento/fundo-simples/fic-ametista-corporativo-rf-simples/Paginas/default.aspx,Sim,nome_aproximado_0.80,51255391000126,7861,7861,PJ,PJ,Conservador,NÃO SE APLICA,Renda Fixa,RF Simples até 49% Crédito Privado,CURTO PRAZO,1.3,1.3,1000.0,100.0,0.01,0.01,D+0 (du),D+0 (du),D+00 (du),17:00,Sim,Não,Sim,Não,"[""PJ Atacado""]","[""PJ Atacado""]",https://www.caixa.gov.br/fundos-investimento/fundo-simples/fic-ametista-corporativo-rf-simples,,https://www.caixa.gov.br/downloads/aplicacao-financeira-regulamentos/RG_7861.pdf,https://www.caixa.gov.br/Downloads/aplicacao-financeira-termos-adesao/TA_7861.pdf,,https://www.caixa.gov.br/Downloads/aplicacao-financeira-inf-com/FIC_7861.pdf,,"Esse fundo exige o cadastramento prévio do cotista, seguir orientações do MN FI657 Anexo IV.

Os segmentos elegíveis são:
EC - Corporativo;
LC - Corporativo Ultra; 
PG - Estatal Corporativo;
PP - Estatal Corporativo Ultra

Movimentações: O FUNDO oferece mecanismo de aplicação e resgate automáticos, exigindo a manutenção de um saldo em caixa adequado para suportar movimentações ocorridas após o fechamento do mercado.

Para ativar a funcionalidade de Resgate Automático, acessar o SIART -> Movimentação Automática -> Marcar

As regras da funcionalidade de Movimentação Automática estão descritas no MN TE099.

**Esse fundo não possui adiantamento de resgate, os resgates efetuados ficarão disponíveis no processamento noturno.
",2026-08-11T00:00:00Z,FI657,CAIXA AUTOMATICO AMETISTA CORPORATIVO FIC FIF RF SIMPLES - RESP LTDA,CAIXA AUTOMÁTICO AMETISTA PJ FUNDO DE INVESTIMENTO EM COTAS DE CLASSE DE FUNDO DE INVESTIMENTO FINANCEIRO RENDA FIXA SIMPLES - RESP LIMITADA,CAIXA AUTOMATICO AMETISTA CORPORATIVO FIC FIF RF SIMPLES - RESP LTDA 7861 51255391000126 51.255.391/0001-26,GERAL,17h00,Não,Não,,NÃO SE APLICA,PJ PRIV,PJ Atacado,,,,2023-07-12T00:00:00Z
RENDA FIXA,CAIXA FIC FIF EQUILIBRIO MPE RF LP RESP LTDA,CAIXA FIC FIF EQUILIBRIO MPE RF LP RESP LTDA,05/07/2006,"6,04110900","0,049","0,56","8,30","13,84","42,297",PJ,PJ,https://www.caixa.gov.br/fundos-investimento/renda-fixa/caixa-equilibrio-mpe-rf-lp/,Sim,nome_exato,07986172000125,5405,5405,PJ,PJ,Moderado,CDI,Renda Fixa,RF até 49% Crédito Privado,LONGO PRAZO,1.0,1.0,1000.0,100.0,100.0,100.0,D+0 (du),D+0 (du),D+00 (du),17:00,Sim,Não,Não,Sim,"[""PJ Varejo""]","[""PJ Varejo""]",http://www.caixa.gov.br/fundos-investimento/renda-fixa/fic-fortalecer-rf-longo-prazo/,,https://www.caixa.gov.br/downloads/aplicacao-financeira-regulamentos/RG_5405.pdf,https://www.caixa.gov.br/Downloads/aplicacao-financeira-termos-adesao/TA_5405.pdf,https://www.caixa.gov.br/Downloads/aplicacao-financeira-comunicado-aos-cotistas/FR_5405.pdf,https://www.caixa.gov.br/Downloads/aplicacao-financeira-inf-com/FIC_5405.pdf,,"*Nome alterado de CAIXA FIC FORTALECER RF LONGO PRAZO para CAIXA FIC EQUILIBRIO MPE RF LONGO PRAZO, em 15 JAN 2024, conforme aprovado em Assembleia Geral de Cotistas.

Este Fundo não está adaptado às normas vigentes para RPPS (Regimes Próprios de Previdência Social).",2026-08-11T00:00:00Z,FI657,CAIXA FIC FIF EQUILIBRIO MPE RF LP - RESP LTDA,CAIXA EQUILIBRIO MPE FUNDO DE INVESTIMENTO EM COTAS DE CLASSE DE FUNDO DE INVESTIMENTO FINANCEIRO RENDA FIXA LONGO PRAZO - RESPONSABILIDADE LIMITADA,CAIXA FIC FIF EQUILIBRIO MPE RF LP - RESP LTDA 5405 07986172000125 07.986.172/0001-25,GERAL,17h00,Não,Não,90.0,AUTOMATICO,PJ PRIV,PJ Varejo,,,,2006-07-05T00:00:00Z
RENDA FIXA,CAIXA FIF SAUDE SUPLEMENTAR ANS RF LP - RESP LTDA,CAIXA FIF SAUDE SUPLEMENTAR ANS RF LP - RESP LTDA,15/07/2008,"5,26150700","0,053","0,56","8,61","14,37","811,027",PJ,PJ,https://www.caixa.gov.br/fundos-investimento/renda-fixa/fi-saude-suplementar-anf-rf,Sim,nome_exato,09181268000141,5080,5080,PJ,PJ,Conservador,CDI,Renda Fixa,RF 100% TPF - Longo Prazo,LONGO PRAZO,0.35,0.35,1000.0,0.01,100.0,0.01,D+0 (du),D+0 (du),D+00 (du),17:00,Sim,Não,Não,Sim,,,http://www.caixa.gov.br/fundos-investimento/renda-fixa/fi-saude-suplementar-anf-rf,,https://www.caixa.gov.br/downloads/aplicacao-financeira-regulamentos/RG_5080.pdf,https://www.caixa.gov.br/Downloads/aplicacao-financeira-termos-adesao/TA_5080.pdf,,https://www.caixa.gov.br/Downloads/aplicacao-financeira-inf-com/FIC_5080.pdf,,"¹Condições excepcionais de estorno e movimentação retroativa estão descritas no TE099.
1.	Para providenciar o resgate, a unidade de relacionamento deverá acessar o endereço:  
https://www2.ans.gov.br/SAGA-externo/pages/validaAutorizacao.xhtml
2.	Validar o resgate com o código recebido pela Operadora. 
3.	Desbloquear as cotas no SIART, conforme preceitos do TE099. 
4.	Efetuar o comando de resgate no SIART em D+1 do dia do desbloqueio das cotas, conforme TE099.",2026-08-11T00:00:00Z,FI657,CAIXA FIf SAUDE SUPLEMENTAR - ANS RF LP - RESP LTDA,CAIXA SAÚDE SUPLEMENTAR - ANS FUNDO DE INVESTIMENTO FINANCEIRO RENDA FIXA LONGO PRAZO - RESPONSABILIDADE LIMITADA,CAIXA FIf SAUDE SUPLEMENTAR - ANS RF LP - RESP LTDA 5080 09181268000141 09.181.268/0001-41,GERAL,17h00,Não,Não,90.0,AUTOMATICO,PJ PRIV,,,,,2008-07-15T00:00:00Z
RENDA FIXA,CAIXA FIC FIF TITULO PUBLICO MPE RF LP RESP LTDA,CAIXA FIC FIF TITULO PUBLICO MPE RF LP RESP LTDA,05/10/2012,"3,30330400","0,051","0,55","8,39","13,82","23,212",PJ,PJ,https://www.caixa.gov.br/fundos-investimento/renda-fixa/caixa-fic-tp-mpe-rf-lp/,Sim,nome_exato,15154429000100,5833,5833,PJ,PJ,Conservador,CDI,Renda Fixa,RF 100% TPF - Longo Prazo,LONGO PRAZO,0.5,0.5,1000.0,100.0,100.0,100.0,D+0 (du),D+0 (du),D+00 (du),17:00,Sim,Não,Não,Sim,"[""PJ Varejo""]","[""PJ Varejo""]",http://www.caixa.gov.br/fundos-investimento/e-fundos/fic-expandir-renda-fixa-longo-prazo/,,https://www.caixa.gov.br/downloads/aplicacao-financeira-regulamentos/RG_5833.pdf,https://www.caixa.gov.br/Downloads/aplicacao-financeira-termos-adesao/TA_5833.pdf,https://www.caixa.gov.br/Downloads/aplicacao-financeira-comunicado-aos-cotistas/FR_5833.pdf,https://www.caixa.gov.br/Downloads/aplicacao-financeira-inf-com/FIC_5833.pdf,,"Fundo reaberto para novas aplicações a partir de 15/01/2024 (inclusive).

Este Fundo não está adaptado às normas vigentes para RPPS (Regimes Próprios de Previdência Social).

Nome alterado de CAIXA FIC EXPANDIR RF LP para CAIXA FIC TITULO PUBLICO MPE RF LP, em 15 JAN 2024, conforme aprovado em Assembleia Geral de Cotistas.",2026-08-11T00:00:00Z,FI657,CAIXA FIC FIF TITULO PUBLICO MPE RF LP - RESP LTDA,CAIXA TÍTULO PÚBLICO MPE FUNDO DE INVESTIMENTO EM COTAS DE CLASSE DE FUNDO DE INVESTIMENTO FINANCEIRO RENDA FIXA LONGO PRAZO - RESP LIMITADA,CAIXA FIC FIF TITULO PUBLICO MPE RF LP - RESP LTDA 5833 15154429000100 15.154.429/0001-00,GERAL,17h00,Não,Não,90.0,AUTOMATICO,PJ PRIV,PJ Varejo,,,,2012-10-05T00:00:00Z
RENDA FIXA,CAIXA FIC FIF PATRIMONIO IND.DE PRECOS RF LP RESP LTDA,CAIXA FIC FIF PATRIMONIO IND.DE PRECOS RF LP RESP LTDA,03/01/2000,"24,26363200","0,118","0,74","8,37","12,52","95,394",PJ,PJ,https://www.caixa.gov.br/fundos-investimento/renda-fixa/fic-patrimonio-indice-precos-rf-longo-prazo,Sim,nome_exato,03191874000161,0046,46,PJ,PJ,Moderado,IPCA+6%,Renda Fixa,RF Índice de Preços,LONGO PRAZO,0.3,0.3,100000.0,100.0,10000.0,100.0,D+0 (du),D+3 (du),D+03 (du),17:00,Sim,Não,Não,Sim,"[""Institucional"", ""PJ Atacado""]","[""Institucional"", ""PJ Atacado""]",http://www.caixa.gov.br/fundos-investimento/renda-fixa/fic-patrimonio-indice-precos-rf-longo-prazo,,https://www.caixa.gov.br/downloads/aplicacao-financeira-regulamentos/RG_0046.pdf,https://www.caixa.gov.br/Downloads/aplicacao-financeira-termos-adesao/TA_0046.pdf,,https://www.caixa.gov.br/Downloads/aplicacao-financeira-inf-com/FIC_0046.pdf,,Este Fundo não está adaptado às normas vigentes para RPPS (Regimes Próprios de Previdência Social).,2026-08-11T00:00:00Z,FI657,CAIXA FIC FIF PATRIMONIO IND.DE PRECOS RF LP RESP LTDA,CAIXA PATRIMÔNIO ÍNDICE DE PREÇOS FUNDO DE INVESTIMENTO EM COTAS DE CLASSE DE FUNDO DE INVESTIMENTO FINANCEIRO RENDA FIXA LONGO PRAZO - RESP LIMITADA,CAIXA FIC FIF PATRIMONIO IND.DE PRECOS RF LP RESP LTDA 0046 03191874000161 03.191.874/0001-61,GERAL,17h00,Não,Não,90.0,AUTOMATICO,PJ PRIV,"INST, PJ Atacado",,https://web.microsoftstream.com/video/140b7682-00df-491d-b451-73ae70a040fa?channelId=772517ff-88ae-4298-88f2-3ed5a5893c3e,,2000-01-03T00:00:00Z
RENDA FIXA,CAIXA GIRO EMPRESAS FIC FIF RF REF DI LP RESP LTDA,CAIXA GIRO EMPRESAS FIC FIF RF REF DI LP RESP LTDA,27/03/2013,"3,35980700","0,051","0,55","8,45","14,12","8.198,144",PJ,PJ,https://www.caixa.gov.br/fundos-investimento/referenciados/fic-giro-empresas-ref-di-longo-prazo/Paginas/default.aspx,Sim,nome_exato,16916063000122,5901,5901,PJ,PJ,Conservador,CDI,Renda Fixa,RF DI até 49% Crédito Privado,LONGO PRAZO,0.4,0.4,500000.0,100.0,0.02,0.01,D+0 (du),D+0 (du),D+00 (du),18:00,Sim,Não,Sim,Não,"[""Institucional"", ""PJ Atacado"", ""PJ Varejo""]","[""Institucional"", ""PJ Atacado"", ""PJ Varejo""]",http://www.caixa.gov.br/fundos-investimento/referenciados/fic-giro-empresas-ref-di-longo-prazo,,https://www.caixa.gov.br/downloads/aplicacao-financeira-regulamentos/RG_5901.pdf,https://www.caixa.gov.br/Downloads/aplicacao-financeira-termos-adesao/TA_5901.pdf,,https://www.caixa.gov.br/Downloads/aplicacao-financeira-inf-com/FIC_5901.pdf,,"Este Fundo não está adaptado às normas vigentes para RPPS (Regimes Próprios de Previdência Social).

OBS: Fundo com movimentação exclusiva na plataforma.caixa

Movimentações: O FUNDO oferece mecanismo resgate automático.

Para ativar a funcionalidade de Resgate Automático, acessar o SIART -> Movimentação Automática -> Marcar

As regras da funcionalidade de Movimentação Automática estão descritas no MN TE099.

**Esse fundo não possui adiantamento de resgate, os resgates efetuados ficarão disponíveis no processamento noturno.",2026-08-11T00:00:00Z,FI657,CAIXA GIRO EMPRESAS FIC FIF RF REF DI LP - RESP LTDA,CAIXA GIRO EMPRESAS FUNDO DE INVESTIMENTO EM COTAS DE CLASSE DE FUNDO DE INVESTIMENTO FINANCEIRO RENDA FIXA REFERENCIADO DI LP - RESP LIMITADA,CAIXA GIRO EMPRESAS FIC FIF RF REF DI LP - RESP LTDA 5901 16916063000122 16.916.063/0001-22,GERAL,18h00,Não,Não,,NÃO SE APLICA,PJ PRIV,"INST, PJ Atacado, PJ Varejo",,,,2013-03-27T00:00:00Z
RENDA FIXA,CAIXA FIF SAFIRA CORPORATIVO RF LP - RESP LTDA,CAIXA FIF SAFIRA CORPORATIVO RF LP - RESP LTDA,11/05/2009,"5,01193700","0,055","0,57","8,70","14,55","2.953,220",PJ,PJ,https://www.caixa.gov.br/fundos-investimento/renda-fixa/referenciados/fi-safira-corporativo-rf-lp,Sim,nome_exato,10384413000170,5148,5148,PJ,PJ,Conservador,CDI,Renda Fixa,RF 100% TPF - Longo Prazo,LONGO PRAZO,0.1,0.1,3000000.0,100.0,300000.0,100.0,D+0 (du),D+0 (du),D+00 (du),17:00,Sim,Não,Não,Sim,"[""Institucional"", ""PJ Atacado"", ""PJ Varejo""]","[""Institucional"", ""PJ Atacado"", ""PJ Varejo""]",https://www.caixa.gov.br/fundos-investimento/renda-fixa/referenciados/fi-safira-corporativo-rf-lp,,https://www.caixa.gov.br/downloads/aplicacao-financeira-regulamentos/RG_5148.pdf,https://www.caixa.gov.br/Downloads/aplicacao-financeira-termos-adesao/TA_5148.pdf,,https://www.caixa.gov.br/Downloads/aplicacao-financeira-inf-com/FIC_5148.pdf,,"

",2026-08-11T00:00:00Z,FI657,CAIXA FIF SAFIRA CORPORATIVO RF LP - RESP LTDA,CAIXA SAFIRA CORPORATIVO FUNDO DE INVESTIMENTO FINANCEIRO RENDA FIXA LONGO PRAZO - RESPONSABILIDADE LIMITADA,CAIXA FIF SAFIRA CORPORATIVO RF LP - RESP LTDA 5148 10384413000170 10.384.413/0001-70,GERAL,17h00,Não,Não,90.0,AUTOMATICO,PJ PRIV,"INST, PJ Atacado, PJ Varejo",,https://web.microsoftstream.com/video/edcf6e85-7c1c-4dd4-9cc1-599dd69841dc?channelId=772517ff-88ae-4298-88f2-3ed5a5893c3e,,2009-05-11T00:00:00Z
RENDA FIXA,CAIXA FIF DIAMANTE CORP RF CRED PRIV LP - RESP LTDA,CAIXA FIF DIAMANTE CORP RF CRED PRIV LP - RESP LTDA,06/11/2019,"1.940,40875200","0,052","0,61","9,00","15,03","16.881,692",PJ,PJ,https://www.caixa.gov.br/fundos-investimento/empresa/renda-fixa/credito-privado/caixa-fi-diamante-corporativo-rf-cred-priv-lp,Sim,nome_aproximado_0.86,29157520000194,6445,6445,PJ,PJ,Conservador,CDI,Renda Fixa,RF Crédito Privado permite Risco Mercado,LONGO PRAZO,0.12,,3000000.0,100.0,300000.0,100.0,D+0 (du),D+0 (du),D+00 (du),17:00,Sim,Não,Não,Sim,"[""Institucional"", ""PJ Atacado""]","[""Institucional"", ""PJ Atacado""]",http://www.caixa.gov.br/fundos-investimento/empresa/renda-fixa/credito-privado/caixa-fi-diamante-corporativo-rf-cred-priv-lp,,https://www.caixa.gov.br/downloads/aplicacao-financeira-regulamentos/RG_6445.pdf,https://www.caixa.gov.br/Downloads/aplicacao-financeira-termos-adesao/TA_6445.pdf,,https://www.caixa.gov.br/Downloads/aplicacao-financeira-inf-com/FIC_6445.pdf,,,2026-08-11T00:00:00Z,FI657,CAIXA FIF DIAMANTE RF CRED PRIV LP - RESP LTDA,CAIXA DIAMANTE CORPORATIVO FUNDO DE INVESTIMENTO FINANCEIRO RENDA FIXA CRÉDITO PRIVADO LONGO PRAZO - RESPONSABILIDADE LIMITADA,CAIXA FIF DIAMANTE RF CRED PRIV LP - RESP LTDA 6445 29157520000194 29.157.520/0001-94,PROFISSIONAL,17h00,Não,Não,95.0,AUTOMATICO,PJ PRIV,"GOV, INST, PJ Atacado",,https://web.microsoftstream.com/video/513ae285-b3cb-42e6-a51a-984face9af08?channelId=772517ff-88ae-4298-88f2-3ed5a5893c3e,,2019-11-06T00:00:00Z
RENDA FIXA,CAIXA FIC INST SOBERANO PLUS RF,CAIXA FIC INST SOBERANO PLUS RF,21/10/2022,"1,59167800","0,052","0,57","8,73","14,59","369,866",PJ,PJ,https://www.caixa.gov.br/fundos-investimento/renda-fixa/fic-institucional-soberano-plus-rf-lp/Paginas/default.aspx,Sim,nome_aproximado_0.80,42196029000130,6606,6606,"PF, PJ²","PF, PJ²",Moderado,CDI,Renda Fixa,RF 100% TPF,LONGO PRAZO,0.1,0.1,5000000.0,100.0,500000.0,100.0,D+0 (du),D+0 (du),D+00 (du),16:00,Sim,Não,Não,Não,,,https://www.caixa.gov.br/fundos-investimento/renda-fixa/fic-institucional-soberano-plus-rf-lp,,https://www.caixa.gov.br/downloads/aplicacao-financeira-regulamentos/RG_6606.pdf,https://www.caixa.gov.br/Downloads/aplicacao-financeira-termos-adesao/TA_6606.pdf,,https://www.caixa.gov.br/Downloads/aplicacao-financeira-inf-com/FIC_6606.pdf,,,2026-08-11T00:00:00Z,FI657,CAIXA FIC FIF INSTITUCIONAL SOBERANO PLUS RF - RESP LTDA,CAIXA INSTITUCIONAL SOBERANO PLUS FUNDO DE INVESTIMENTO EM COTAS DE CLASSE DE FUNDO DE INVESTIMENTO FINANCEIRO RENDA FIXA - RESPONSABILIDADE LIMITADA,CAIXA FIC FIF INSTITUCIONAL SOBERANO PLUS RF - RESP LTDA 6606 42196029000130 42.196.029/0001-30,GERAL,16h00,Não,Não,,NÃO SE APLICA,"PF, PJ PRIV",,,,,2022-10-21T00:00:00Z
RENDA FIXA,CAIXA FIF SAUDE SUPLEMENTAR ANS II RF LP - RESP LTDA,CAIXA FIF SAUDE SUPLEMENTAR ANS II RF LP - RESP LTDA,04/12/2008,"5,26604900","0,053","0,58","8,77","14,66","303,979",PJ,PJ,https://www.caixa.gov.br/fundos-investimento/renda-fixa/fi-saude-suplementar-ans-ii-rf-longo-prazo,Sim,nome_exato,09548725000193,5132,5132,PJ,PJ,Conservador,CDI,Renda Fixa,RF 100% TPF - Longo Prazo,LONGO PRAZO,0.07,0.2,10000000.0,0.01,0.01,0.01,D+0 (du),D+0 (du),D+00 (du),17:00,Sim,Não,Não,Sim,,,https://www.caixa.gov.br/fundos-investimento/renda-fixa/fi-saude-suplementar-ans-ii-rf-longo-prazo,,https://www.caixa.gov.br/downloads/aplicacao-financeira-regulamentos/RG_5132.pdf,https://www.caixa.gov.br/Downloads/aplicacao-financeira-termos-adesao/TA_5132.pdf,,https://www.caixa.gov.br/Downloads/aplicacao-financeira-inf-com/FIC_5132.pdf,,"¹Condições excepcionais de estorno e movimentação retroativa estão descritas no TE099.
1.	Para providenciar o resgate, a unidade de relacionamento deverá acessar o endereço:  
https://www2.ans.gov.br/SAGA-externo/pages/validaAutorizacao.xhtml
2.	Validar o resgate com o código recebido pela Operadora. 
3.	Desbloquear as cotas no SIART, conforme preceitos do TE099. 
4.	Efetuar o comando de resgate no SIART em D+1 do dia do desbloqueio das cotas, conforme TE099.",2026-08-11T00:00:00Z,FI657,CAIXA FIF SAUDE SUPLEMENTAR ANS II RF LP - RESP LTDA,CAIXA SAUDE SUPLEMENTAR - ANS II FUNDO DE INVESTIMENTO FINANCEIRO RENDA FIXA LONGO PRAZO - RESPONSABILIDADE LIMITADA,CAIXA FIF SAUDE SUPLEMENTAR ANS II RF LP - RESP LTDA 5132 09548725000193 09.548.725/0001-93,QUALIFICADO,17h00,Não,Não,90.0,AUTOMATICO,PJ PRIV,,,,,2008-12-04T00:00:00Z
RENDA FIXA,CAIXA FIF SEBRAE RF LP RESP LTDA,CAIXA FIF SEBRAE RF LP RESP LTDA,22/12/2000,"18,40639600","0,054","0,57","8,72","14,60","4.856,776",PJ,PJ,https://www.caixa.gov.br/fundos-investimento/empresa/renda-fixa/fi-sebrae-rf-longo-prazo/Paginas/default.aspx,Sim,nome_exato,03737227000102,5053,5053,PJ,PJ,Moderado,CDI,Renda Fixa,RF até 49% Crédito Privado,LONGO PRAZO,,,0.01,0.01,0.01,0.01,D+0 (du),D+0 (du),D+01 (du),17:00,Sim,Não,Não,Sim,,,,,https://www.caixa.gov.br/downloads/aplicacao-financeira-regulamentos/RG_5053.pdf,https://www.caixa.gov.br/Downloads/aplicacao-financeira-termos-adesao/TA_5053.pdf,,https://www.caixa.gov.br/Downloads/aplicacao-financeira-inf-com/FIC_5053.pdf,,,2026-08-11T00:00:00Z,FI657,CAIXA FIF SEBRAE RF LP - RESP LTDA,SEBRAE CLASSE DE FUNDO DE INVESTIMENTO FINANCEIRO RENDA FIXA LONGO PRAZO - RESPONSABILIDADE LIMITADA,CAIXA FIF SEBRAE RF LP - RESP LTDA 5053 03737227000102 03.737.227/0001-02,QUALIFICADO,17h00,Não,Não,90.0,AUTOMATICO,PJ PRIV,,,,,2000-12-22T00:00:00Z
RENDA FIXA,CAIXA FIF CNI RF LP - RESP LTDA,CAIXA FIF CNI RF LP - RESP LTDA,26/01/2005,"8,94807400","0,054","0,57","8,65","14,51","3.897,834",PJ,PJ,https://www.caixa.gov.br/fundos-investimento/empresa/renda-fixa/fi-cni-rf-longo-prazo/Paginas/default.aspx,Sim,nome_aproximado_0.75,03218183000104,0087,87,"PF, PJ","PF, PJ",Moderado,IPCA+6%,Renda Fixa,RF Índice de Preços,LONGO PRAZO,1.5,1.5,0.01,0.01,0.01,0.01,D+0 (du),D+3 (du),D+03 (du),17:00,Sim,Não,Não,Sim,"[""Pessoa Física""]","[""Pessoa Física""]",http://www.caixa.gov.br/fundos-investimento/renda-fixa/fic-capital-indice-de-precos-rf-longo-prazo,,https://www.caixa.gov.br/downloads/aplicacao-financeira-regulamentos/RG_0087.pdf,https://www.caixa.gov.br/Downloads/aplicacao-financeira-termos-adesao/TA_0087.pdf,,https://www.caixa.gov.br/Downloads/aplicacao-financeira-inf-com/FIC_0087.pdf,,Este Fundo não está adaptado às normas vigentes para RPPS (Regimes Próprios de Previdência Social).,2026-08-11T00:00:00Z,FI657,CAIXA FIC FIF CAPITAL INDICE DE PRECOS RF LP - RESP LTDA,CAIXA CAPITAL ÍNDICE DE PREÇOS FUNDO DE INVESTIMENTO EM COTAS DE CLASSE DE FUNDO DE INVESTIMENTO FINANCEIRO RENDA FIXA LONGO PRAZO - RESP LIMITADA,CAIXA FIC FIF CAPITAL INDICE DE PRECOS RF LP - RESP LTDA 0087 03218183000104 03.218.183/0001-04,GERAL,17h00,Não,Não,90.0,AUTOMATICO,"PF, PJ PRIV","GC, GV",,https://web.microsoftstream.com/video/32d65536-1de1-4f2f-a9b8-0fbb0d9347fc?channelId=772517ff-88ae-4298-88f2-3ed5a5893c3e,,2000-01-03T00:00:00Z
RENDA FIXA REFERENCIADO,CAIXA BRASIL ESMERALDA FIC FIF RF REF DI CRED PRIV LONGO PRAZO RESP LTDA (2) (3),CAIXA BRASIL ESMERALDA FIC FIF RF REF DI CRED PRIV LONGO PRAZO RESP LTDA (2) (3),10/08/2026,-,-,-,-,-,-,PJ,PJ | RPPS,,Sim,nome_aproximado_0.80,68375792000112,8517,8517,GOV,GOV,Conservador,CDI,Renda Fixa,RF Crédito Privado sem Risco Mercado,LONGO PRAZO,0.2,,0.01,0.01,0.01,0.01,D+0 (du),D+0 (du),D+00 (du),17:00,Sim,Não,Não,Sim,"[""GOV"", ""RPPS""]","[""GOV"", ""RPPS""]",,,https://www.caixa.gov.br/downloads/aplicacao-financeira-regulamentos/RG_8517.pdf,https://www.caixa.gov.br/Downloads/aplicacao-financeira-termos-adesao/TA_8517.pdf,,https://www.caixa.gov.br/Downloads/aplicacao-financeira-inf-com/FIC_8517.pdf,,,2026-08-11T00:00:00Z,FI657,CAIXA BRASIL ESMERALDA FIC FIF RF REF DI CRED PRIV LP - RL,CAIXA BRASIL ESMERALDA FIC DE CLASSE DE FUNDO DE INVESTIMENTO FINANCEIRO RENDA FIXA REFERENCIADO DI CRÉDITO PRIVADO LONGO PRAZO - RESP LIMITADA,CAIXA BRASIL ESMERALDA FIC FIF RF REF DI CRED PRIV LP - RL 8517 68375792000112 68.375.792/0001-12,GERAL,17h00,Sim,Não,95.0,AUTOMATICO,PJ PUB,"GOV, RPPS",,,,2026-08-10T00:00:00Z
RENDA FIXA REFERENCIADO,CAIXA FIC FIF GIRO MPE REF DI LP RESP LTDA,CAIXA FIC FIF GIRO MPE REF DI LP RESP LTDA,09/09/2013,"2,89484500","0,047","0,51","7,85","13,11","14.500,912",PJ,PJ,https://www.caixa.gov.br/fundos-investimento/referenciados/fic-giro-mpe-ref-di-longo-prazo/Paginas/default.aspx,Sim,nome_aproximado_1.00,10551370000170,5948,5948,PJ,PJ,Conservador,CDI,Renda Fixa,RF DI até 49% Crédito Privado,LONGO PRAZO,1.3,1.3,1000.0,100.0,0.02,0.01,D+0 (du),D+0 (du),D+00 (du),18:00,Sim,Não,Sim,Não,"[""PJ Atacado"", ""PJ Varejo""]","[""PJ Atacado"", ""PJ Varejo""]",http://www.caixa.gov.br/fundos-investimento/referenciados/fic-giro-mpe-ref-di-longo-prazo,,https://www.caixa.gov.br/downloads/aplicacao-financeira-regulamentos/RG_5948.pdf,https://www.caixa.gov.br/Downloads/aplicacao-financeira-termos-adesao/TA_5948.pdf,,https://www.caixa.gov.br/Downloads/aplicacao-financeira-inf-com/FIC_5948.pdf,,"Este Fundo não está adaptado às normas vigentes para RPPS (Regimes Próprios de Previdência Social).

OBS: Fundo com movimentação exclusiva na plataforma.caixa

Movimentações: O FUNDO oferece mecanismo resgate automático.

Para ativar a funcionalidade de Resgate Automático, acessar o SIART -> Movimentação Automática -> Marcar

As regras da funcionalidade de Movimentação Automática estão descritas no MN TE099.

**Esse fundo não possui adiantamento de resgate, os resgates efetuados ficarão disponíveis no processamento noturno.",2026-08-11T00:00:00Z,FI657,CAIXA GIRO MPE FIC FIF RF REF DI LP - RESP LTDA,CAIXA GIRO MPE FUNDO DE INVESTIMENTO EM COTAS DE CLASSE DE FUNDO DE INVESTIMENTO FINANCEIRO RENDA FIXA REFERENCIADO DI LONGO PRAZO - RESP LIMITADA,CAIXA GIRO MPE FIC FIF RF REF DI LP - RESP LTDA 5948 10551370000170 10.551.370/0001-70,GERAL,18h00,Não,Não,,NÃO SE APLICA,PJ PRIV,"PJ Atacado, PJ Varejo",,,,2013-09-09T00:00:00Z
RENDA FIXA REFERENCIADO,CAIXA FIC ESMERALDA CORP RF REF DI CRED PRIV LP - RESP LTDA,CAIXA FIC ESMERALDA CORP RF REF DI CRED PRIV LP - RESP LTDA,03/11/2023,"1,41292900","0,052","0,59","8,91","14,93","3.511,273",PJ,PJ,https://www.caixa.gov.br/fundos-investimento/referenciados/fic-esmeralda-corp-ref-di/Paginas/default.aspx,Sim,nome_exato,52699555000177,6996,6996,PJ,PJ,Conservador,OUTROS,Renda Fixa,RF Crédito Privado sem Risco Mercado,LONGO PRAZO,0.12,0.12,3000000.0,100.0,300000.0,100.0,D+0 (du),D+0 (du),D+00 (du),17:00,Sim,Não,Não,Não,"[""Institucional"", ""PJ Atacado"", ""PJ Varejo""]","[""Institucional"", ""PJ Atacado"", ""PJ Varejo""]",https://www.caixa.gov.br/fundos-investimento/referenciados/fic-esmeralda-corp-ref-di/Paginas/default.aspx,,https://www.caixa.gov.br/downloads/aplicacao-financeira-regulamentos/RG_6996.pdf,https://www.caixa.gov.br/Downloads/aplicacao-financeira-termos-adesao/TA_6996.pdf,,https://www.caixa.gov.br/Downloads/aplicacao-financeira-inf-com/FIC_6996.pdf,,,2026-08-11T00:00:00Z,FI657,CAIXA ESMERALDA CORP FIC FIF RF REF DI CRED PRIV LP - RL,CAIXA ESMERALDA CORPORATIVO FIC DE CLASSE DE FUNDO DE INVESTIMENTO FINANCEIRO RENDA FIXA REFERENCIADO DI CRÉDITO PRIVADO LONGO PRAZO - RESP LIMITADA,CAIXA ESMERALDA CORP FIC FIF RF REF DI CRED PRIV LP - RL 6996 52699555000177 52.699.555/0001-77,GERAL,17h00,Não,Não,95.0,AUTOMATICO,PJ PRIV,"INST, PJ Atacado, PJ Varejo",,,,2023-11-03T00:00:00Z
RENDA FIXA REFERENCIADO,CAIXA FIF TOPAZIO CORP RF REFERENC DI - RESP LTDA,CAIXA FIF TOPAZIO CORP RF REFERENC DI - RESP LTDA,22/06/2010,"4,55098300","0,053","0,57","8,79","14,68","14.556,732",PJ,PJ | RPPS,https://www.caixa.gov.br/fundos-investimento/renda-fixa/referenciados/fic-topazio-rf-ref-di-lp/Paginas/default.aspx,Sim,nome_aproximado_0.83,11061230000187,5189,5189,PJ,PJ,Conservador,CDI,Renda Fixa,RF REF DI 100% TPF,LONGO PRAZO,0.1,0.1,1000000.0,100.0,100000.0,100.0,D+0 (du),D+0 (du),D+00 (du),17:00,Sim,Não,Não,Sim,"[""Institucional"", ""PJ Atacado""]","[""Institucional"", ""PJ Atacado""]",https://www.caixa.gov.br/fundos-investimento/renda-fixa/referenciados/fic-topazio-rf-ref-di-lp,,https://www.caixa.gov.br/downloads/aplicacao-financeira-regulamentos/RG_5189.pdf,https://www.caixa.gov.br/Downloads/aplicacao-financeira-termos-adesao/TA_5189.pdf,,https://www.caixa.gov.br/Downloads/aplicacao-financeira-inf-com/FIC_5189.pdf,,"Campanha ""Campanha Caixa Asset Lidera RPPS"" de 06/07/2026 a 31/08/2026
Redução de Tickets
Aplicação Inicial:
De: R$ 3.000.000,00 para R$ 1.000.000,00
Saldo Mínimo: 
De: R$ 300.000,00 para R$ 100.000,00

OBS: Após a Campanha, voltam os parâmetros originais. Saldo abaixo do mínimo pode impedir resgates parciais (somente total).",2026-08-11T00:00:00Z,FI657,CAIXA FIF TOPAZIO CORP RF REF DI LP - RESP LTDA,CAIXA TOPÁZIO CORPORATIVO FUNDO DE INVESTIMENTO FINANCEIRO RENDA FIXA REFERENCIADO DI LONGO PRAZO - RESPONSABILIDADE LIMITADA,CAIXA FIF TOPAZIO CORP RF REF DI LP - RESP LTDA 5189 11061230000187 11.061.230/0001-87,GERAL,17h00,Não,Não,95.0,AUTOMATICO,PJ PRIV,"GOV, INST, PJ Atacado, RPPS",https://www.caixa.gov.br/Downloads/aplicacao-financeira-qdd/QDD_5189.pdf,https://web.microsoftstream.com/video/6e74c0e2-b2c6-4bd6-9b53-5982d3f1b8e1?channelId=772517ff-88ae-4298-88f2-3ed5a5893c3e,,2010-06-22T00:00:00Z
RENDA FIXA CURTO PRAZO,CAIXA FIC FIF TURQUESA CORPORATIVO RF CP RESP LTDA,CAIXA FIC FIF TURQUESA CORPORATIVO RF CP RESP LTDA,01/10/2020,"1.820,93390600","0,051","0,56","8,66","14,50","1.664,129",PJ,PJ | TODOS,https://www.caixa.gov.br/fundos-investimento/voce/renda-fixa/fic-turquesa-corporativo-curto-prazo,Sim,nome_aproximado_0.80,30068141000107,5946,5946,PJ,PJ,Conservador,CDI,Renda Fixa,RF 100% TPF - Curto Prazo,CURTO PRAZO,0.1,,3000000.0,100.0,300000.0,100.0,D+0 (du),D+0 (du),D+00 (du),17:00,Sim,Não,Não,Sim,"[""Institucional"", ""PJ Atacado""]","[""Institucional"", ""PJ Atacado""]",https://www.caixa.gov.br/fundos-investimento/voce/renda-fixa/fic-turquesa-corporativo-curto-prazo,,https://www.caixa.gov.br/downloads/aplicacao-financeira-regulamentos/RG_5946.pdf,https://www.caixa.gov.br/Downloads/aplicacao-financeira-termos-adesao/TA_5946.pdf,,https://www.caixa.gov.br/Downloads/aplicacao-financeira-inf-com/FIC_5946.pdf,,,2026-08-11T00:00:00Z,FI657,CAIXA FIC FIF TURQUESA CORPORATIVO RF CURTO PRAZO - RESP LTDA,CAIXA TURQUESA CORPORATIVO FUNDO DE INVESTIMENTO EM COTAS DE CLASSE DE FUNDO DE INVESTIMENTO FINANCEIRO RENDA FIXA CURTO PRAZO - RESP LIMITADA,CAIXA FIC FIF TURQUESA CORPORATIVO RF CURTO PRAZO - RESP LTDA 5946 30068141000107 30.068.141/0001-07,GERAL,17h00,Não,Não,100.0,AUTOMATICO,PJ PRIV,"INST, PJ Atacado",,https://web.microsoftstream.com/video/b2ec8a38-dced-4be0-9b7d-e8ceaec2a86e?channelId=772517ff-88ae-4298-88f2-3ed5a5893c3e,,2020-10-01T00:00:00Z
MULTIMERCADO,CAIXA FIC LONG BIAS MM,CAIXA FIC LONG BIAS MM,01/04/2024,"1,08388700","-0,238","-3,75","-6,51","12,10","3,308",PJ,PJ,https://www.caixa.gov.br/fundos-investimento/multimercado/caixa-fic-fof-smart-long-bias-mm/Paginas/default.aspx,Sim,nome_exato,54439846000151,6950,6950,"PF, PJ","PF, PJ",Moderado,OUTROS,Multimercado,Multimercado,LONGO PRAZO,2.0,2.0,0.01,0.01,0.01,0.01,D+1 (du),D+13 (du),D+15 (du),17:00,Sim,Não,Não,Sim,"[""Pessoa Física"", ""PJ Atacado"", ""PJ Varejo"", ""Private""]","[""Pessoa Física"", ""PJ Atacado"", ""PJ Varejo"", ""Private""]",https://www.caixa.gov.br/fundos-investimento/multimercado/caixa-fic-long-bias-mm,,http://www.caixa.gov.br/downloads/aplicacao-financeira-regulamentos/RG_6950.pdf,http://www.caixa.gov.br/Downloads/aplicacao-financeira-termos-adesao/TA_6950.pdf,http://www.caixa.gov.br/Downloads/aplicacao-financeira-comunicado-aos-cotistas/FR_6950.pdf,http://www.caixa.gov.br/Downloads/aplicacao-financeira-inf-com/FIC_6950.pdf,,,2026-08-11T00:00:00Z,FI657,CAIXA FIC FIF LONG BIAS MM - RL,CAIXA LONG BIAS FUNDO DE INVESTIMENTO EM COTAS DE CLASSE DE FUNDO DE INVESTIMENTO FINANCEIRO MULTIMERCADO - RESPONSABILIDADE LIMITADA,CAIXA FIC FIF LONG BIAS MM - RL 6950 54439846000151 54.439.846/0001-51,GERAL,17h00,Não,Não,100.0,AUTOMATICO,"PF, PJ PRIV","FX, GC, GR, GV, PJ Atacado, PJ Varejo",http://www.caixa.gov.br/Downloads/aplicacao-financeira-qdd/QDD_6950.pdf,,https://www.caixa.gov.br/Downloads/aplicacao-financeira-laminas-comerciais/LAC_6950.pdf,2024-04-01T00:00:00Z
MULTIMERCADO,CAIXA FIC FIF FOF SMART LONG SHORT LP RESP LTDA (1),CAIXA FIC FIF FOF SMART LONG SHORT LP RESP LTDA (1),18/07/2023,-,-,-,-,-,-,PJ,PJ,https://www.caixa.gov.br/fundos-investimento/multimercado/caixa-fic-fof-smart-long-short-mm/Paginas/default.aspx,Sim,nome_exato,51408738000123,7877,7877,"PF, PJ","PF, PJ",Moderado,CDI,Multimercado,Multimercado,LONGO PRAZO,1.0,1.0,0.01,0.01,0.01,0.01,D+1 (du),D+24 (du),D+26 (du),17:00,Sim,Não,Não,Sim,"[""Pessoa Física"", ""PJ Atacado"", ""Private""]","[""Pessoa Física"", ""PJ Atacado"", ""Private""]",https://www.caixa.gov.br/fundos-investimento/multimercado/caixa-fic-fof-smart-long-short-mm,,http://www.caixa.gov.br/downloads/aplicacao-financeira-regulamentos/RG_7877.pdf,http://www.caixa.gov.br/Downloads/aplicacao-financeira-termos-adesao/TA_7877.pdf,,http://www.caixa.gov.br/Downloads/aplicacao-financeira-inf-com/FIC_7877.pdf,,,2026-08-11T00:00:00Z,FI657,CAIXA FIC FIF FOF SMART LONG SHORT LP RESP LTDA,CAIXA FOF SMART LONG & SHORT FUNDO DE INVESTIMENTO EM COTAS DE CLASSE DE FUNDO DE INVESTIMENTO FINANCEIRO MULTIMERCADO LONGO PRAZO - RESPONSABILIDADE,CAIXA FIC FIF FOF SMART LONG SHORT LP RESP LTDA 7877 51408738000123 51.408.738/0001-23,QUALIFICADO,17h00,Não,Não,100.0,AUTOMATICO,"PF, PJ PRIV","FX, GR, PJ Atacado",,,,2023-07-18T00:00:00Z
MULTIMERCADO,CAIXA FIC FIF FOF SMART CRED PRIV MM LP RESP LTDA (1),CAIXA FIC FIF FOF SMART CRED PRIV MM LP RESP LTDA (1),30/08/2023,-,-,-,-,-,-,PJ,PJ,https://www.caixa.gov.br/fundos-investimento/multimercado/fic-fof-smart-credito-privado-multimercado-longo-prazo/Paginas/default.aspx,Sim,nome_exato,51943346000164,7880,7880,"PF, PJ","PF, PJ",Moderado,CDI,Multimercado,Multimercado,LONGO PRAZO,0.4,,0.01,0.01,0.01,0.01,D+1 (du),D+46 (du),D+48 (du),17:00,Sim,Não,Não,Não,"[""Pessoa Física"", ""PJ Atacado"", ""Private""]","[""Pessoa Física"", ""PJ Atacado"", ""Private""]",https://www.caixa.gov.br/fundos-investimento/multimercado/caixa-fic-fof-smart-cred-priv-mm,,http://www.caixa.gov.br/downloads/aplicacao-financeira-regulamentos/RG_7880.pdf,http://www.caixa.gov.br/Downloads/aplicacao-financeira-termos-adesao/TA_7880.pdf,,http://www.caixa.gov.br/Downloads/aplicacao-financeira-inf-com/FIC_7880.pdf,,,2026-08-11T00:00:00Z,FI657,CAIXA FIC FIF FOF SMART CRED PRIV MM LP RESP LTDA,CAIXA FOF SMART FUNDO DE INVESTIMENTO EM COTAS DE CLASSE DE FUNDO DE INVESTIMENTO FINANCEIRO CRÉDITO PRIVADO MULTIMERCADO LONGO PRAZO - RESPONSABILIDA,CAIXA FIC FIF FOF SMART CRED PRIV MM LP RESP LTDA 7880 51943346000164 51.943.346/0001-64,QUALIFICADO,17h00,Não,Não,,NÃO SE APLICA,"PF, PJ PRIV","FX, GR, PJ Atacado",,,,2023-08-30T00:00:00Z
MULTIMERCADO,CAIXA FIC FIF FOF SMART MULTIESTRATEGIA MM RESP LTDA (1),CAIXA FIC FIF FOF SMART MULTIESTRATEGIA MM RESP LTDA (1),09/06/2014,-,-,-,-,-,-,PJ,PJ,https://www.caixa.gov.br/fundos-investimento/multimercado/fic-multigestor,Sim,nome_exato,18007710000109,5954,5954,"PF, PJ","PF, PJ",Moderado,CDI,Multimercado,Multimercado,LONGO PRAZO,1.5,1.5,0.01,0.01,0.01,0.01,D+1 (du),D+24 (du),D+26 (du),17:00,Sim,Não,Não,Sim,"[""Pessoa Física"", ""PJ Atacado"", ""PJ Varejo"", ""Private""]","[""Pessoa Física"", ""PJ Atacado"", ""PJ Varejo"", ""Private""]",http://www.caixa.gov.br/fundos-investimento/multimercado/fic-multigestor,,https://www.caixa.gov.br/downloads/aplicacao-financeira-regulamentos/RG_5954.pdf,https://www.caixa.gov.br/Downloads/aplicacao-financeira-termos-adesao/TA_5954.pdf,https://www.caixa.gov.br/Downloads/aplicacao-financeira-comunicado-aos-cotistas/FR_5954.pdf,https://www.caixa.gov.br/Downloads/aplicacao-financeira-inf-com/FIC_5954.pdf,,,2026-08-11T00:00:00Z,FI657,CAIXA FIC FOF SMART MULTIESTRATEGIA MM RESP LTDA,CAIXA FOF SMART MULTIESTRATÉGIA FUNDO DE INVESTIMENTO EM COTAS DE CLASSE DE FUNDO DE INVESTIMENTO FINANCEIRO MULTIMERCADO - RESPONSABILIDADE LIMITADA,CAIXA FIC FOF SMART MULTIESTRATEGIA MM RESP LTDA 5954 18007710000109 18.007.710/0001-09,QUALIFICADO,17h00,Não,Não,100.0,AUTOMATICO,"PF, PJ PRIV","FX, GR, PJ Atacado, PJ Varejo",,,,2014-06-09T00:00:00Z
MULTIMERCADO,CAIXA FIC FIF ESTRATÉGICO MULTIMERCADO LP RESP LTDA (1),CAIXA FIC FIF ESTRATEGICO MULTIMERCADO LP RESP LTDA (1),10/04/2006,-,-,-,-,-,-,PJ,PJ,https://www.caixa.gov.br/fundos-investimento/multimercado/fic-estrategico-multimercado-longo-prazo,Sim,nome_exato,03737200000110,5490,5490,"PF, PJ","PF, PJ",Moderado,CDI,Multimercado,Multimercado,LONGO PRAZO,1.2,1.2,0.01,0.01,0.01,0.01,D+0 (du),D+0 (du),D+01 (du),13:00,Sim,Não,Não,Sim,"[""Pessoa Física"", ""PJ Atacado"", ""PJ Varejo"", ""Private""]","[""Pessoa Física"", ""PJ Atacado"", ""PJ Varejo"", ""Private""]",http://www.caixa.gov.br/fundos-investimento/multimercado/fic-estrategico-multimercado-longo-prazo,,https://www.caixa.gov.br/downloads/aplicacao-financeira-regulamentos/RG_5490.pdf,https://www.caixa.gov.br/Downloads/aplicacao-financeira-termos-adesao/TA_5490.pdf,https://www.caixa.gov.br/Downloads/aplicacao-financeira-comunicado-aos-cotistas/FR_5490.pdf,https://www.caixa.gov.br/Downloads/aplicacao-financeira-inf-com/FIC_5490.pdf,,"A contagem para conversão de cotas e pagamento do resgate é feita em dias úteis, conforme estabelecido no Regulamento do Fundo.			",2026-08-11T00:00:00Z,FI657,CAIXA FIC FIF ESTRATEGICO MULTIMERCADO LP RESP LTDA,CAIXA ESTRATÉGICO FUNDO DE INVESTIMENTO EM COTAS DE CLASSE DE FUNDO DE INVESTIMENTO FINANCEIRO MULTIMERCADO LONGO PRAZO - RESPONSABILIDADE LIMITADA,CAIXA FIC FIF ESTRATEGICO MULTIMERCADO LP RESP LTDA 5490 03737200000110 03.737.200/0001-10,GERAL,13h00,Não,Não,100.0,AUTOMATICO,"PF, PJ PRIV","FX, GC, GR, PJ Atacado, PJ Varejo",,,,2006-04-10T00:00:00Z
MULTIMERCADO,CAIXA FIC MULTIGESTOR GLOBAL EQUITIES IE (1),CAIXA FIC MULTIGESTOR GLOBAL EQUITIES IE (1),11/11/2020,-,-,-,-,-,-,PJ,PJ | RPPS,https://www.caixa.gov.br/fundos-investimento/multimercado/caixa-multigestor-global-equities-invest-ext/Paginas/default.aspx,Sim,nome_aproximado_1.00,39528038000177,6518,6518,"PF, PJ, GOV","PF, PJ, GOV",Arrojado,CDI,Multimercado,Multimercado,CURTO PRAZO,1.0,,0.01,0.01,0.01,0.01,D+1 (du),D+7 (du),D+12 (du),13:00,Sim,Não,Não,Sim,"[""GOV"", ""Institucional"", ""Pessoa Física"", ""PJ Atacado"", ""PJ Varejo"", ""Private"", ""RPPS""]","[""GOV"", ""Institucional"", ""Pessoa Física"", ""PJ Atacado"", ""PJ Varejo"", ""Private"", ""RPPS""]",https://www.caixa.gov.br/fundos-investimento/multimercado/caixa-multigestor-global-equities-invest-ext/Paginas/default.aspx,,https://www.caixa.gov.br/downloads/aplicacao-financeira-regulamentos/RG_6518.pdf,https://www.caixa.gov.br/Downloads/aplicacao-financeira-termos-adesao/TA_6518.pdf,https://www.caixa.gov.br/Downloads/aplicacao-financeira-comunicado-aos-cotistas/FR_6518.pdf,https://www.caixa.gov.br/Downloads/aplicacao-financeira-inf-com/FIC_6518.pdf,,"Este Fundo está adaptado às normas vigentes para RPPS (Regimes Próprios de Previdência Social) e EFPC (Entidades Fechadas de Previdência Complementar).

Fundo destinado a Investidores Qualificados.

O ingresso do Cotista RPPS no FUNDO está condicionado à comprovação de Investidor Qualificado RPPS.

Conforme PORTARIA MTP Nº 1.467, de 02 de Junho de 2022, será considerado Investidor Qualificado, para os fins da categorização estabelecida pela CVM, o RPPS que atenda cumulativamente aos seguintes requisitos:

I - possua recursos aplicados, informados no DAIR do mês imediatamente anterior à data de realização de cada aplicação exclusiva para tal categoria de investidor, em montante igual ou superior a R$ 10.000.000,00 (dez milhões de reais); e
II - tenha aderido ao Pró-Gestão RPPS, e obtido certificação institucional em um dos níveis de aderência nele estabelecidos. 

OBS: As solicitações de aplicação e/ou os pedidos de resgate deverão ser efetuados pelo Cotista em dias úteis de expediente bancário nacional e dentro do horário estabelecido pela ADMINISTRADORA.",2026-08-11T00:00:00Z,FI657,CAIXA FIC FIF MULTIGESTOR GLOBAL EQUITIES IE MM RESP LTDA,CAIXA MULTIGESTOR GLOBAL EQUITIES INVESTIMENTO NO EXTERIOR FIC DE CLASSE DE FUNDO DE INVESTIMENTO FINANCEIRO MULTIMERCADO - RESPONSABILIDADE LIMITADA,CAIXA FIC FIF MULTIGESTOR GLOBAL EQUITIES IE MM RESP LTDA 6518 39528038000177 39.528.038/0001-77,QUALIFICADO,13h00,Não,Não,100.0,AUTOMATICO,"PF, PJ PRIV, PJ PUB","FX, GC, GOV, GR, GV, INST, PJ Atacado, PJ Varejo, RPPS",https://www.caixa.gov.br/Downloads/aplicacao-financeira-qdd/QDD_6518.pdf,https://web.microsoftstream.com/video/ca76c442-41bd-4e49-bf93-7c88dfc75f01?channelId=772517ff-88ae-4298-88f2-3ed5a5893c3e,,2020-11-12T00:00:00Z
MULTIMERCADO,CAIXA FIF INDEXA EURO MM LONGO PRAZO RESP LTDA,CAIXA FIF INDEXA EURO MM LONGO PRAZO RESP LTDA,01/04/2024,"1,13952800","-0,431","2,79","-5,48","-3,17","3,139",PJ,PJ | RPPS,https://www.caixa.gov.br/fundos-investimento/multimercado/fi-euro-multimercado-longo-prazo/Paginas/default.aspx,Sim,nome_aproximado_0.67,03737188000143,0082,82,"PF, PJ, GOV","PF, PJ, GOV",Moderado,70% CDI + 30% IBOV,Multimercado,Multimercado,LONGO PRAZO,1.0,1.0,0.01,0.01,0.01,0.01,D+0 (du),D+1 (du),D+03 (du),16:00,Sim,Não,Não,Sim,"[""GOV"", ""Institucional"", ""Pessoa Física"", ""PJ Atacado"", ""PJ Varejo"", ""Private"", ""RPPS""]","[""GOV"", ""Institucional"", ""Pessoa Física"", ""PJ Atacado"", ""PJ Varejo"", ""Private"", ""RPPS""]",http://www.caixa.gov.br/fundos-investimento/multimercado/fi-multimercado-rv30-longo-prazo,,http://www.caixa.gov.br/downloads/aplicacao-financeira-regulamentos/RG_0082.pdf,https://www.caixa.gov.br/Downloads/aplicacao-financeira-termos-adesao/TA_0082.pdf,https://www.caixa.gov.br/Downloads/aplicacao-financeira-comunicado-aos-cotistas/FR_0082.pdf,https://www.caixa.gov.br/Downloads/aplicacao-financeira-inf-com/FIC_0082.pdf,,"A contagem para conversão de cotas e pagamento do resgate é feita em dias úteis, conforme estabelecido no Regulamento do Fundo. Este Fundo está adaptado às normas vigentes para RPPS (Regimes Próprios de Previdência Social).",2026-08-11T00:00:00Z,FI657,CAIXA FIF RV 30 MM LONGO PRAZO RESP LTDA,CAIXA RV 30 FUNDO DE INVESTIMENTO FINANCEIRO MULTIMERCADO LONGO PRAZO - RESPONSABILIDADE LIMITADA,CAIXA FIF RV 30 MM LONGO PRAZO RESP LTDA 0082 03737188000143 03.737.188/0001-43,GERAL,16h00,Não,Não,100.0,AUTOMATICO,"PF, PJ PRIV, PJ PUB","FX, GC, GR, GV, INST, PJ Atacado, PJ Varejo, RPPS",https://www.caixa.gov.br/Downloads/aplicacao-financeira-qdd/QDD_0082.pdf,https://web.microsoftstream.com/video/86aa0100-d5af-4db2-9f67-441255924e4e?channelId=772517ff-88ae-4298-88f2-3ed5a5893c3e,,2000-06-20T00:00:00Z
MULTIMERCADO,CAIXA FIC FIF HEDGE MULTIMERCADO LONGO PRAZO RESP LTDA,CAIXA FIC FIF HEDGE MULTIMERCADO LONGO PRAZO RESP LTDA,26/10/2020,"1.735,56668500","0,315","1,26","10,16","14,53","30,932",PJ,PJ | RPPS,https://www.caixa.gov.br/fundos-investimento/multimercado/caixa-fic-hedge-multimercado-lp/Paginas/default.aspx,Sim,nome_exato,30068135000150,6399,6399,"PF, PJ, GOV","PF, PJ, GOV",Moderado,CDI,Multimercado,Multimercado,LONGO PRAZO,1.0,,0.01,0.01,0.01,0.01,D+0 (du),D+1 (du),D+01 (du),17:00,Sim,Não,Não,Sim,"[""GOV"", ""Institucional"", ""Pessoa Física"", ""PJ Atacado"", ""PJ Varejo"", ""Private"", ""RPPS""]","[""GOV"", ""Institucional"", ""Pessoa Física"", ""PJ Atacado"", ""PJ Varejo"", ""Private"", ""RPPS""]",https://www.caixa.gov.br/fundos-investimento/multimercado/caixa-fic-hedge-multimercado-lp/Paginas/default.aspx,,https://www.caixa.gov.br/downloads/aplicacao-financeira-regulamentos/RG_6399.pdf,https://www.caixa.gov.br/Downloads/aplicacao-financeira-termos-adesao/TA_6399.pdf,,https://www.caixa.gov.br/Downloads/aplicacao-financeira-inf-com/FIC_6399.pdf,,Este Fundo está adaptado às normas vigentes para RPPS (Regimes Próprios de Previdência Social).,2026-08-11T00:00:00Z,FI657,CAIXA FIC FIF HEDGE MULTIMERCADO LONGO PRAZO - RESP LTDA,CAIXA HEDGE FUNDO DE INVESTIMENTO EM COTAS DE CLASSE DE FUNDO DE INVESTIMENTO FINANCEIRO MULTIMERCADO LONGO PRAZO - RESPONSABILIDADE LIMITADA,CAIXA FIC FIF HEDGE MULTIMERCADO LONGO PRAZO - RESP LTDA 6399 30068135000150 30.068.135/0001-50,GERAL,17h00,Não,Não,85.0,AUTOMATICO,"PF, PJ PRIV, PJ PUB","FX, GC, GOV, GR, GV, INST, PJ Atacado, PJ Varejo, RPPS",https://www.caixa.gov.br/Downloads/aplicacao-financeira-qdd/QDD_6399.pdf,,,2020-10-26T00:00:00Z
MULTIMERCADO,CAIXA FIC FIF JUROS E MOEDAS MM PLUS LP RESP LTDA,CAIXA FIC FIF JUROS E MOEDAS MM PLUS LP RESP LTDA,05/03/2018,"1,94788100","0,060","0,47","7,15","12,24","20,565",PJ,PJ,https://www.caixa.gov.br/fundos-investimento/multimercado/caixa-fic-juros-e-moedas-multimercado-plus-lp/,Sim,nome_aproximado_0.86,29157485000103,6353,6353,"PF, PJ, GOV","PF, PJ, GOV",Moderado,CDI,Multimercado,Multimercado,LONGO PRAZO,1.0,1.0,0.01,0.01,0.01,0.01,D+0 (du),D+0 (du),D+00 (du),17:00,Sim,Não,Não,Sim,"[""GOV"", ""Institucional"", ""Pessoa Física"", ""PJ Atacado"", ""PJ Varejo"", ""Private"", ""RPPS""]","[""GOV"", ""Institucional"", ""Pessoa Física"", ""PJ Atacado"", ""PJ Varejo"", ""Private"", ""RPPS""]",http://www.caixa.gov.br/fundos-investimento/multimercado/caixa-fic-juros-e-moedas-multimercado-plus-lp/,,https://www.caixa.gov.br/downloads/aplicacao-financeira-regulamentos/RG_6353.pdf,https://www.caixa.gov.br/Downloads/aplicacao-financeira-termos-adesao/TA_6353.pdf,,https://www.caixa.gov.br/Downloads/aplicacao-financeira-inf-com/FIC_6353.pdf,,Este Fundo não está adaptado às normas vigentes para RPPS (Regimes Próprios de Previdência Social).,2026-08-11T00:00:00Z,FI657,CAIXA FIC FIF JUROS E MOEDAS MUL PLUS LP - RESP LTDA,CAIXA JUROS E MOEDAS PLUS FUNDO DE INVESTIMENTO EM COTAS DE CLASSE DE FUNDO DE INVESTIMENTO FINANCEIRO MULTIMERCADO LONGO PRAZO - RESP LIMITADA,CAIXA FIC FIF JUROS E MOEDAS MUL PLUS LP - RESP LTDA 6353 29157485000103 29.157.485/0001-03,GERAL,17h00,Não,Não,85.0,AUTOMATICO,"PF, PJ PRIV, PJ PUB","FX, GC, GOV, GR, GV, INST, PJ Atacado, PJ Varejo, RPPS",,,,2018-03-05T00:00:00Z
MULTIMERCADO,CAIXA FIF MULTIMERCADO RV 30 LP RESP LTDA,CAIXA FIF MULTIMERCADO RV 30 LP RESP LTDA,20/06/2000,"12,69460200","0,068","-1,34","6,94","15,97","322,150",PJ,PJ | RPPS,https://www.caixa.gov.br/fundos-investimento/multimercado/fi-multimercado-rv30-longo-prazo,Não,sem_match,,,,,,,,,,,,,,,,,,,,,,,,,,,,,,,,,,,,,,,,,,,,,,,,,,,
MULTIMERCADO,CAIXA FIC FIF ESTRATÉGIA LIVRE MULTIMERCADO LP RESP LTDA (1),CAIXA FIC FIF ESTRATEGIA LIVRE MULTIMERCADO LP RESP LTDA (1),21/10/2019,-,-,-,-,-,-,PJ,PJ,https://www.caixa.gov.br/fundos-investimento/multimercado/estrategia-livre-mm-lp,Sim,nome_aproximado_0.80,34660333000169,6440,6440,"PF, PJ","PF, PJ",Moderado,CDI,Multimercado,Multimercado,LONGO PRAZO,1.5,,0.01,0.01,0.01,0.01,D+1 (du),D+13 (du),D+15 (du),14:30,Sim,Não,Não,Sim,"[""Pessoa Física"", ""Private""]","[""Pessoa Física"", ""Private""]",http://www.caixa.gov.br/fundos-investimento/multimercado/estrategia-livre-mm-lp/Paginas/default.aspx,,https://www.caixa.gov.br/downloads/aplicacao-financeira-regulamentos/RG_6440.pdf,https://www.caixa.gov.br/Downloads/aplicacao-financeira-termos-adesao/TA_6440.pdf,,https://www.caixa.gov.br/Downloads/aplicacao-financeira-inf-com/FIC_6440.pdf,,,2026-08-11T00:00:00Z,FI657,CAIXA FIC FIF ESTRAT. LIVRE MULTIMERCADO LP - RESP LTDA,CAIXA ESTRATÉGIA LIVRE FUNDO DE INVESTIMENTO EM COTAS DE CLASSE DE FUNDO DE INVESTIMENTO FINANCEIRO MULTIMERCADO LONGO PRAZO - RESPONSABILIDADE LIMITA,CAIXA FIC FIF ESTRAT. LIVRE MULTIMERCADO LP - RESP LTDA 6440 34660333000169 34.660.333/0001-69,GERAL,14h30,Não,Não,100.0,AUTOMATICO,"PF, PJ PRIV","FX, GR",,,,2019-10-21T00:00:00Z
MULTIMERCADO,CAIXA FIF INDEXA SHORT DOLAR MM LP RESP LTDA,CAIXA FIF INDEXA SHORT DOLAR MM LP RESP LTDA,26/10/2020,"2.453,67928100","0,582","-1,52","19,45","26,88","14,685",PJ,PJ | RPPS,https://www.caixa.gov.br/fundos-investimento/multimercado/caixa-fi-indexa-short-dolar-mult-lp/Paginas/default.aspx,Sim,nome_exato,29157511000101,6446,6446,"PF, PJ, GOV","PF, PJ, GOV",Moderado,PTAX,Multimercado,Multimercado,LONGO PRAZO,0.8,,0.01,0.01,0.01,0.01,D+0 (du),D+1 (du),D+01 (du),14:30,Sim,Não,Não,Não,"[""GOV"", ""Institucional"", ""Pessoa Física"", ""PJ Atacado"", ""PJ Varejo"", ""Private"", ""RPPS""]","[""GOV"", ""Institucional"", ""Pessoa Física"", ""PJ Atacado"", ""PJ Varejo"", ""Private"", ""RPPS""]",https://www.caixa.gov.br/fundos-investimento/multimercado/caixa-fi-indexa-short-dolar-mult-lp/Paginas/default.aspx,,https://www.caixa.gov.br/downloads/aplicacao-financeira-regulamentos/RG_6446.pdf,https://www.caixa.gov.br/Downloads/aplicacao-financeira-termos-adesao/TA_6446.pdf,,https://www.caixa.gov.br/Downloads/aplicacao-financeira-inf-com/FIC_6446.pdf,,Este Fundo está adaptado às normas vigentes para RPPS (Regimes Próprios de Previdência Social).,2026-08-11T00:00:00Z,FI657,CAIXA FIF INDEXA SHORT DOLAR MM LP - RESP LTDA,CAIXA INDEXA SHORT DOLAR FUNDO DE INVESTIMENTO FINANCEIRO MULTIMERCADO LONGO PRAZO - RESPONSABILIDADE LIMITADA,CAIXA FIF INDEXA SHORT DOLAR MM LP - RESP LTDA 6446 29157511000101 29.157.511/0001-01,GERAL,14h30,Não,Não,,NÃO SE APLICA,"PF, PJ PRIV, PJ PUB","FX, GC, GOV, GR, GV, INST, PJ Atacado, PJ Varejo, RPPS",https://www.caixa.gov.br/Downloads/aplicacao-financeira-qdd/QDD_6446.pdf,,,2020-10-26T00:00:00Z
MULTIMERCADO,CAIXA CARTEIRA QUANT UNO FIC FIF MM LP RESP LTDA (1) (2) (3),CAIXA CARTEIRA QUANT UNO FIC FIF MM LP RESP LTDA (1) (2) (3),07/04/2026,-,-,-,-,-,-,PJ,PJ,,Sim,nome_aproximado_0.83,65794476000197,7992,7992,"PF, PJ","PF, PJ",Moderado,NÃO SE APLICA,Multimercado,Multimercado,LONGO PRAZO,0.8,0.8,0.01,0.01,0.01,0.01,D+1 (du),D+1 (du),D+03 (du),17:00,Sim,Não,Não,Sim,"[""Pessoa Física"", ""PJ Varejo"", ""Private""]","[""Pessoa Física"", ""PJ Varejo"", ""Private""]",,,https://www.caixa.gov.br/downloads/aplicacao-financeira-regulamentos/RG_7992.pdf,https://www.caixa.gov.br/Downloads/aplicacao-financeira-termos-adesao/TA_7992.pdf,,https://www.caixa.gov.br/Downloads/aplicacao-financeira-inf-com/FIC_7992.pdf,,,2026-08-11T00:00:00Z,FI657,CAIXA CARTEIRA QUANTITATIVA UNO FIC FIF MM LP - RESP LTDA,CAIXA CARTEIRA QUANTITATIVA UNO FUNDO DE INVESTIMENTO EM COTAS DE CLASSE DE FUNDO DE INVESTIMENTO FINANCEIRO MULTIMERCADO LP - RESP LIMITADA,CAIXA CARTEIRA QUANTITATIVA UNO FIC FIF MM LP - RESP LTDA 7992 65794476000197 65.794.476/0001-97,GERAL,17h00,Sim,Não,95.0,AUTOMATICO,"PF, PJ PRIV","FX, GR, PJ Varejo",,,,2026-04-07T00:00:00Z
MULTIMERCADO,CAIXA CARTEIRA QUANT QUALI FIC FIF MM LP RESP LTDA (1) (2) (3),CAIXA CARTEIRA QUANT QUALI FIC FIF MM LP RESP LTDA (1) (2) (3),07/04/2026,-,-,-,-,-,-,PJ,PJ,,Sim,nome_aproximado_0.83,65795384000121,7991,7991,"PF, PJ","PF, PJ",Agressivo,NÃO SE APLICA,Multimercado,Multimercado,LONGO PRAZO,0.8,0.8,0.01,0.01,0.01,0.01,D+0 (du),D+14 (du),D+16 (du),17:00,Sim,Não,Não,Sim,"[""Pessoa Física"", ""PJ Varejo"", ""Private""]","[""Pessoa Física"", ""PJ Varejo"", ""Private""]",,,https://www.caixa.gov.br/downloads/aplicacao-financeira-regulamentos/RG_7991.pdf,https://www.caixa.gov.br/Downloads/aplicacao-financeira-termos-adesao/TA_7991.pdf,,https://www.caixa.gov.br/Downloads/aplicacao-financeira-inf-com/FIC_7991.pdf,,,2026-08-11T00:00:00Z,FI657,CAIXA CARTEIRA QUANTITATIVA QUALI FIC FIF MM LP - RESP LTDA,CAIXA CARTEIRA QUANTITATIVA QUALI FUNDO DE INVESTIMENTO EM COTAS DE CLASSE DE FUNDO DE INVESTIMENTO FINANCEIRO MULTIMERCADO LP - RESP LIMITADA,CAIXA CARTEIRA QUANTITATIVA QUALI FIC FIF MM LP - RESP LTDA 7991 65795384000121 65.795.384/0001-21,QUALIFICADO,17h00,Sim,Não,95.0,AUTOMATICO,"PF, PJ PRIV","FX, GR, PJ Varejo",,,,2026-04-07T00:00:00Z
MULTIMERCADO,CAIXA FIF INDEXA BOLSA AMERICANA MM LP RESP LTDA,CAIXA FIF INDEXA BOLSA AMERICANA MM LP RESP LTDA,16/10/2018,"3,98293600","-0,371","3,82","18,40","30,88","2.474,469",PJ,PJ | RPPS,https://www.caixa.gov.br/fundos-investimento/multimercado/fi-bolsa-americana-multimercado-lp,Sim,nome_aproximado_0.83,30036235000102,6999,6999,"PF, PJ, GOV","PF, PJ, GOV",Moderado,CDI,Multimercado,Multimercado,LONGO PRAZO,0.8,,0.01,0.01,0.01,0.01,D+0 (du),D+0 (du),D+01 (du),16:00,Sim,Não,Não,Sim,"[""GOV"", ""Institucional"", ""Pessoa Física"", ""PJ Atacado"", ""PJ Varejo"", ""Private"", ""RPPS""]","[""GOV"", ""Institucional"", ""Pessoa Física"", ""PJ Atacado"", ""PJ Varejo"", ""Private"", ""RPPS""]",http://www.caixa.gov.br/fundos-investimento/multimercado/fi-bolsa-americana-multimercado-lp/Paginas/default.aspx,,https://www.caixa.gov.br/downloads/aplicacao-financeira-regulamentos/RG_6999.pdf,https://www.caixa.gov.br/Downloads/aplicacao-financeira-termos-adesao/TA_6999.pdf,,https://www.caixa.gov.br/Downloads/aplicacao-financeira-inf-com/FIC_6999.pdf,,,2026-08-11T00:00:00Z,FI657,CAIXA FIF INDEXA BOLSA AMERICANA MULTIMERCADO LP RESP LTDA,CAIXA INDEXA BOLSA AMERICANA FUNDO DE INVESTIMENTO FINANCEIRO MULTIMERCADO LONGO PRAZO - RESPONSABILIDADE LIMITADA,CAIXA FIF INDEXA BOLSA AMERICANA MULTIMERCADO LP RESP LTDA 6999 30036235000102 30.036.235/0001-02,GERAL,16h00,Não,Não,100.0,AUTOMATICO,"PF, PJ PRIV, PJ PUB","FX, GC, GOV, GR, GV, INST, PJ Atacado, PJ Varejo, RPPS",https://www.caixa.gov.br/Downloads/aplicacao-financeira-qdd/QDD_6999.pdf,https://web.microsoftstream.com/video/7ad96d1d-faee-497b-9eb5-c3093ebf417d?channelId=772517ff-88ae-4298-88f2-3ed5a5893c3e,,2018-10-16T00:00:00Z
MULTIMERCADO,CAIXA CARTEIRA QUANT DUO FIC FIF MM LP RESP LTDA (1) (2) (3),CAIXA CARTEIRA QUANT DUO FIC FIF MM LP RESP LTDA (1) (2) (3),07/04/2026,-,-,-,-,-,-,PJ,PJ,,Sim,nome_aproximado_0.83,65795043000156,7990,7990,"PF, PJ","PF, PJ",Arrojado,NÃO SE APLICA,Multimercado,Multimercado,LONGO PRAZO,0.8,0.8,0.01,0.01,0.01,0.01,D+0 (du),D+8 (du),D+10 (du),17:00,Sim,Não,Não,Sim,"[""Pessoa Física"", ""PJ Varejo"", ""Private""]","[""Pessoa Física"", ""PJ Varejo"", ""Private""]",,,https://www.caixa.gov.br/downloads/aplicacao-financeira-regulamentos/RG_7990.pdf,https://www.caixa.gov.br/Downloads/aplicacao-financeira-termos-adesao/TA_7990.pdf,,https://www.caixa.gov.br/Downloads/aplicacao-financeira-inf-com/FIC_7990.pdf,,,2026-08-11T00:00:00Z,FI657,CAIXA CARTEIRA QUANTITATIVA DUO FIC FIF MM LP - RESP LTDA,CAIXA CARTEIRA QUANTITATIVA DUO FUNDO DE INVESTIMENTO EM COTAS DE CLASSE DE FUNDO DE INVESTIMENTO FINANCEIRO MULTIMERCADO LONGO PRAZO - RESP LIMITADA,CAIXA CARTEIRA QUANTITATIVA DUO FIC FIF MM LP - RESP LTDA 7990 65795043000156 65.795.043/0001-56,GERAL,17h00,Sim,Não,95.0,AUTOMATICO,"PF, PJ PRIV","FX, GR, PJ Varejo",,,,2026-04-07T00:00:00Z
MULTIMERCADO,CAIXA FIC FIF FOF SMART LONG BIAS MM RESP LTDA (1),CAIXA FIC FIF FOF SMART LONG BIAS MM RESP LTDA (1),18/07/2023,-,-,-,-,-,-,PJ,PJ,https://www.caixa.gov.br/fundos-investimento/multimercado/caixa-fic-fof-smart-long-bias-mm/Paginas/default.aspx,Sim,nome_exato,51408950000190,7876,7876,"PF, PJ","PF, PJ",Moderado,IPCA,Multimercado,Multimercado,AÇÕES,1.0,1.0,0.01,0.01,0.01,0.01,D+1 (du),D+24 (du),D+26 (du),17:00,Sim,Não,Não,Sim,"[""Pessoa Física"", ""PJ Atacado"", ""Private""]","[""Pessoa Física"", ""PJ Atacado"", ""Private""]",https://www.caixa.gov.br/fundos-investimento/multimercado/caixa-fic-fof-smart-long-bias-mm,,http://www.caixa.gov.br/downloads/aplicacao-financeira-regulamentos/RG_7876.pdf,http://www.caixa.gov.br/Downloads/aplicacao-financeira-termos-adesao/TA_7876.pdf,,http://www.caixa.gov.br/Downloads/aplicacao-financeira-inf-com/FIC_7876.pdf,,,2026-08-11T00:00:00Z,FI657,CAIXA FIC FOF SMART LONG BIAS MM RESP LTDA,CAIXA FOF SMART LONG BIAS FUNDO DE INVESTIMENTO EM COTAS DE CLASSE DE FUNDO DE INVESTIMENTO FINANCEIRO MULTIMERCADO - RESPONSABILIDADE LIMITADA,CAIXA FIC FOF SMART LONG BIAS MM RESP LTDA 7876 51408950000190 51.408.950/0001-90,QUALIFICADO,17h00,Não,Não,100.0,AUTOMATICO,"PF, PJ PRIV","FX, GR, PJ Atacado",,,,2023-07-18T00:00:00Z
MULTIMERCADO,CAIXA FIC FIF ALOCAÇÃO MACRO MM LONGO PRAZO RESP LTDA,CAIXA FIC FIF ALOCACAO MACRO MM LONGO PRAZO RESP LTDA,01/02/2007,"5,74838000","0,054","0,23","7,88","13,83","901,003",PJ,PJ | RPPS,https://www.caixa.gov.br/fundos-investimento/multimercado/fic-alocacao-macro-multimercado-longo-prazo/,Sim,nome_aproximado_0.67,03737188000143,0082,82,"PF, PJ, GOV","PF, PJ, GOV",Moderado,70% CDI + 30% IBOV,Multimercado,Multimercado,LONGO PRAZO,1.0,1.0,0.01,0.01,0.01,0.01,D+0 (du),D+1 (du),D+03 (du),16:00,Sim,Não,Não,Sim,"[""GOV"", ""Institucional"", ""Pessoa Física"", ""PJ Atacado"", ""PJ Varejo"", ""Private"", ""RPPS""]","[""GOV"", ""Institucional"", ""Pessoa Física"", ""PJ Atacado"", ""PJ Varejo"", ""Private"", ""RPPS""]",http://www.caixa.gov.br/fundos-investimento/multimercado/fi-multimercado-rv30-longo-prazo,,http://www.caixa.gov.br/downloads/aplicacao-financeira-regulamentos/RG_0082.pdf,https://www.caixa.gov.br/Downloads/aplicacao-financeira-termos-adesao/TA_0082.pdf,https://www.caixa.gov.br/Downloads/aplicacao-financeira-comunicado-aos-cotistas/FR_0082.pdf,https://www.caixa.gov.br/Downloads/aplicacao-financeira-inf-com/FIC_0082.pdf,,"A contagem para conversão de cotas e pagamento do resgate é feita em dias úteis, conforme estabelecido no Regulamento do Fundo. Este Fundo está adaptado às normas vigentes para RPPS (Regimes Próprios de Previdência Social).",2026-08-11T00:00:00Z,FI657,CAIXA FIF RV 30 MM LONGO PRAZO RESP LTDA,CAIXA RV 30 FUNDO DE INVESTIMENTO FINANCEIRO MULTIMERCADO LONGO PRAZO - RESPONSABILIDADE LIMITADA,CAIXA FIF RV 30 MM LONGO PRAZO RESP LTDA 0082 03737188000143 03.737.188/0001-43,GERAL,16h00,Não,Não,100.0,AUTOMATICO,"PF, PJ PRIV, PJ PUB","FX, GC, GR, GV, INST, PJ Atacado, PJ Varejo, RPPS",https://www.caixa.gov.br/Downloads/aplicacao-financeira-qdd/QDD_0082.pdf,https://web.microsoftstream.com/video/86aa0100-d5af-4db2-9f67-441255924e4e?channelId=772517ff-88ae-4298-88f2-3ed5a5893c3e,,2000-06-20T00:00:00Z
MULTIMERCADO,CAIXA FIC FIF JUROS E MOEDAS MM LP RESP LTDA,CAIXA FIC FIF JUROS E MOEDAS MM LP RESP LTDA,28/06/2012,"3,73554500","0,062","0,48","7,40","12,66","720,201",PJ,PJ | RPPS,https://www.caixa.gov.br/fundos-investimento/multimercado/fi-juros-moedas-multimercado-longo-prazo,Sim,nome_exato,14120520000142,5582,5582,"PF, PJ, GOV","PF, PJ, GOV",Moderado,CDI,Multimercado,Multimercado,LONGO PRAZO,0.7,0.7,1000.0,100.0,100.0,100.0,D+0 (du),D+0 (du),D+00 (du),17:00,Sim,Não,Não,Sim,"[""GOV"", ""Institucional"", ""Pessoa Física"", ""PJ Atacado"", ""PJ Varejo"", ""Private"", ""RPPS""]","[""GOV"", ""Institucional"", ""Pessoa Física"", ""PJ Atacado"", ""PJ Varejo"", ""Private"", ""RPPS""]",http://www.caixa.gov.br/fundos-investimento/multimercado/fi-juros-moedas-multimercado-longo-prazo,,https://www.caixa.gov.br/downloads/aplicacao-financeira-regulamentos/RG_5582.pdf,https://www.caixa.gov.br/Downloads/aplicacao-financeira-termos-adesao/TA_5582.pdf,,https://www.caixa.gov.br/Downloads/aplicacao-financeira-inf-com/FIC_5582.pdf,,,2026-08-11T00:00:00Z,FI657,CAIXA FIC FIF JUROS E MOEDAS MM LP - RESP LTDA,CAIXA JUROS E MOEDAS FUNDO DE INVESTIMENTO EM COTAS DE CLASSE DE FUNDO DE INVESTIMENTO FINANCEIRO MULTIMERCADO LONGO PRAZO - RESPONSABILIDADE LIMITADA,CAIXA FIC FIF JUROS E MOEDAS MM LP - RESP LTDA 5582 14120520000142 14.120.520/0001-42,GERAL,17h00,Não,Não,85.0,AUTOMATICO,"PF, PJ PRIV, PJ PUB","FX, GC, GOV, GR, GV, INST, PJ Atacado, PJ Varejo, RPPS",https://www.caixa.gov.br/Downloads/aplicacao-financeira-qdd/QDD_5582.pdf,,,2012-06-28T00:00:00Z
MULTIMERCADO,CAIXA HASHDEX NASDAQ CRYPTO INDEX FIC FIF MM RESP LTDA (1) (2),CAIXA HASHDEX NASDAQ CRYPTO INDEX FIC FIF MM RESP LTDA (1) (2),07/10/2025,-,-,-,-,-,-,PJ,PJ,https://www.caixa.gov.br/fundos-investimento/multimercado/caixa-hashdex-nasdaq-crypto-fic-fif-mm,Sim,nome_aproximado_1.00,62769135000173,7980,7980,"PF, PJ","PF, PJ",Agressivo,OUTROS,Multimercado,Multimercado,AÇÕES,0.7,0.7,100.0,100.0,10.0,100.0,D+1 (du),D+3 (du),D+08 (du),13:00,Sim,Não,Não,Sim,"[""Pessoa Física"", ""PJ Varejo"", ""Private""]","[""Pessoa Física"", ""PJ Varejo"", ""Private""]",https://www.caixa.gov.br/fundos-investimento/multimercado/caixa-hashdex-nasdaq-crypto-fic-fif-mm,,https://www.caixa.gov.br/downloads/aplicacao-financeira-regulamentos/RG_7980.pdf,https://www.caixa.gov.br/Downloads/aplicacao-financeira-termos-adesao/TA_7980.pdf,https://www.caixa.gov.br/Downloads/aplicacao-financeira-comunicado-aos-cotistas/FR_7980.pdf,https://www.caixa.gov.br/Downloads/aplicacao-financeira-inf-com/FIC_7980.pdf,,"Campanha de Lançamento
A partir de 07/10/2025 inclusive
Redução de Tickets
Aplicação Inicial:
De: R$ 1.000,00 para R$ 100,00
Saldo Mínimo: 
De: R$ 1.000,00 para R$ 10,00

Fundo fechado de 23/12 a 31/12, seguindo o calendário de feriados dos EUA",2026-08-11T00:00:00Z,FI657,CAIXA EXPERT HASHDEX NASDAQ CRYPTO INDEX FIC FIF MM - RESP LTDA,CAIXA EXPERT HASHDEX NASDAQ CRYPTO INDEX FUNDO DE INVESTIMENTO EM COTAS DE CLASSE DE FUNDO DE INVESTIMENTO FINANCEIRO MULTIMERCADO - RESP LIMITADA,CAIXA EXPERT HASHDEX NASDAQ CRYPTO INDEX FIC FIF MM - RESP LTDA 7980 62769135000173 62.769.135/0001-73,GERAL,13h00,Não,Não,95.0,AUTOMATICO,"PF, PJ PRIV","FX, GC, GR, GV, PJ Varejo",,,,2025-10-07T00:00:00Z
MULTIMERCADO,CAIXA CAPITAL PROTEGIDO CÍCLICO III FIC FIF MM LP - RESP LTDA (1),CAIXA CAPITAL PROTEGIDO CICLICO III FIC FIF MM LP - RESP LTDA (1),10/01/2022,-,-,-,-,-,-,PJ,PJ | RPPS,https://www.caixa.gov.br/fundos-investimento/multimercado/fic-capital-protegido-ciclico-iii-multimercado-lp/Paginas/default.aspx,Sim,nome_aproximado_0.86,44683343000173,6608,6608,"PF, PJ, GOV","PF, PJ, GOV",Conservador,NÃO SE APLICA,Multimercado,Capital Protegido,LONGO PRAZO,0.9,0.9,5000.0,500.0,4000.0,500.0,D+0 (du),D+0 (du),D+02 (du),16:00,Não,Não,Não,Sim,"[""GOV"", ""Institucional"", ""Pessoa Física"", ""PJ Atacado"", ""PJ Varejo"", ""Private"", ""RPPS""]","[""GOV"", ""Institucional"", ""Pessoa Física"", ""PJ Atacado"", ""PJ Varejo"", ""Private"", ""RPPS""]",https://www.caixa.gov.br/fundos-investimento/multimercado/FIC-Capital-Protegido-Bolsa-de-Valores-IV-Multimercado,,http://www.caixa.gov.br/downloads/aplicacao-financeira-regulamentos/RG_6608.pdf,http://www.caixa.gov.br/Downloads/aplicacao-financeira-termos-adesao/TA_6608.pdf,http://www.caixa.gov.br/Downloads/aplicacao-financeira-comunicado-aos-cotistas/FR_6608.pdf,http://www.caixa.gov.br/Downloads/aplicacao-financeira-inf-com/FIC_6608.pdf,,"Fundo com prazo de carência para aplicação e resgate, conforme Regulamento. Durante a carência, não é permitida a realização de aplicações ou resgates.                                                                  Período de Captação 02/03/2026 à 24/04/2026
Início da Operação Estruturada: 27/04/2026
Fim da Operação Estruturada: 03/07/2028",2026-08-11T00:00:00Z,FI657,CAIXA CAPITAL PROTEGIDO CICLICO III FIC FIF MM - RESP LTDA,CAIXA CAPITAL PROTEGIDO CÍCLICO III FIC DE CLASSE DE FUNDO DE INVESTIMENTO FINANCEIRO MULTIMERCADO LONGO PRAZO - RESP LIMITADA,CAIXA CAPITAL PROTEGIDO CICLICO III FIC FIF MM - RESP LTDA 6608 44683343000173 44.683.343/0001-73,GERAL,16h00,Não,Sim,100.0,AUTOMATICO,"PF, PJ PRIV, PJ PUB","FX, GC, GOV, GR, GV, INST, PJ Atacado, PJ Varejo, RPPS",http://www.caixa.gov.br/Downloads/aplicacao-financeira-qdd/QDD_6608.pdf,,,2022-01-10T00:00:00Z
MULTIMERCADO,CAIXA FIC FIM CAPITAL PROTEGIDO CICLICO II LP - RL (1),CAIXA FIC FIM CAPITAL PROTEGIDO CICLICO II LP - RL (1),18/07/2022,-,-,-,-,-,-,PJ,PJ | RPPS,https://www.caixa.gov.br/fundos-investimento/multimercado/caixa-fic-fim-cap-protegido-ciclico-ii,Sim,nome_exato,45443651000194,6623,6623,"PF, PJ, GOV","PF, PJ, GOV",Conservador,NÃO SE APLICA,Multimercado,Capital Protegido,LONGO PRAZO,0.9,0.9,5000.0,500.0,4000.0,500.0,D+0 (du),D+0 (du),D+02 (du),16:00,Não,Não,Não,Sim,"[""GOV"", ""Institucional"", ""Pessoa Física"", ""PJ Atacado"", ""PJ Varejo"", ""Private"", ""RPPS""]","[""GOV"", ""Institucional"", ""Pessoa Física"", ""PJ Atacado"", ""PJ Varejo"", ""Private"", ""RPPS""]",https://www.caixa.gov.br/fundos-investimento/multimercado/caixa-fic-fim-cap-protegido-ciclico-ii,,http://www.caixa.gov.br/downloads/aplicacao-financeira-regulamentos/RG_6623.pdf,http://www.caixa.gov.br/Downloads/aplicacao-financeira-termos-adesao/TA_6623.pdf,http://www.caixa.gov.br/Downloads/aplicacao-financeira-comunicado-aos-cotistas/FR_6623.pdf,http://www.caixa.gov.br/Downloads/aplicacao-financeira-inf-com/FIC_6623.pdf,,"Fundo com prazo de carência para aplicação e resgate, conforme Regulamento. Durante a carência, não é permitida a realização de aplicações ou resgates.

Fechado para Aplicações e Resgates a partir de 26/08/2024 
-------
Início da Operação Estruturada - 27/08/2024

Fim da Operação Estruturada - 01/07/2026",2026-08-11T00:00:00Z,FI657,CAIXA FIF FIC FIM CAPITAL PROTEGIDO CICLICO II LP - RESP LTDA,CAIXA CAPITAL PROTEGIDO CICLICO II FIC DE CLASSE DE FUNDO DE INVESTIMENTO FINANCEIRO MULTIMERCADO LONGO PRAZO - RESPONSABILIDADE LIMITADA,CAIXA FIF FIC FIM CAPITAL PROTEGIDO CICLICO II LP - RESP LTDA 6623 45443651000194 45.443.651/0001-94,GERAL,16h00,Não,Não,100.0,AUTOMATICO,"PF, PJ PRIV, PJ PUB","FX, GC, GOV, GR, GV, INST, PJ Atacado, PJ Varejo, RPPS",http://www.caixa.gov.br/Downloads/aplicacao-financeira-qdd/QDD_6623.pdf,,,2022-07-18T00:00:00Z
MULTIMERCADO,CAIXA FIC FIF CAPITAL PROTEGIDO CESTA AGRO MM (1),CAIXA FIC FIF CAPITAL PROTEGIDO CESTA AGRO MM (1),04/07/2022,-,-,-,-,-,-,PJ,PJ | RPPS,https://www.caixa.gov.br/fundos-investimento/multimercado/caixa_fic_fim_cap_protegido_cesta_agro/Paginas/default.aspx,Sim,nome_aproximado_1.00,42229068000197,6621,6621,"PF, PJ, GOV","PF, PJ, GOV",Conservador,OUTROS,Multimercado,Capital Protegido,LONGO PRAZO,0.9,0.9,5000.0,500.0,4000.0,500.0,D+0 (du),D+0 (du),D+02 (du),16:00,Não,Não,Não,Sim,"[""GOV"", ""Institucional"", ""Pessoa Física"", ""PJ Atacado"", ""PJ Varejo"", ""Private"", ""RPPS""]","[""GOV"", ""Institucional"", ""Pessoa Física"", ""PJ Atacado"", ""PJ Varejo"", ""Private"", ""RPPS""]",https://www.caixa.gov.br/fundos-investimento/multimercado/caixa_fic_fim_cap_protegido_cesta_agro,,http://www.caixa.gov.br/downloads/aplicacao-financeira-regulamentos/RG_6621.pdf,http://www.caixa.gov.br/Downloads/aplicacao-financeira-termos-adesao/TA_6621.pdf,http://www.caixa.gov.br/Downloads/aplicacao-financeira-comunicado-aos-cotistas/FR_6621.pdf,http://www.caixa.gov.br/Downloads/aplicacao-financeira-inf-com/FIC_6621.pdf,,"Fundo com prazo de carência para aplicação e resgate, conforme Regulamento. Durante a carência, não é permitida a realização de aplicações ou resgates.

Nova Operação Estruturada:

Dia 07/10/2024 -> Reabertura para Resgates e Aplicações do fundo;

Dia 25/10/2024 -> Fechamento para Aplicações e Resgates

Dia 29/10/2024 -> Início da nova operação estruturada de Cesta Agro.",2026-08-11T00:00:00Z,FI657,CAIXA FIC FIF CAPITAL PROTEGIDO CESTA AGRO MM LP - RESP LTDA,CAIXA CAPITAL PROTEGIDO CESTA AGRO FUNDO DE INVESTIMENTO EM COTAS DE CLASSE DE FUNDO DE INVESTIMENTO FINANCEIRO MULTIMERCADO LONGO PRAZO - RESPONSABIL,CAIXA FIC FIF CAPITAL PROTEGIDO CESTA AGRO MM LP - RESP LTDA 6621 42229068000197 42.229.068/0001-97,GERAL,16h00,Não,Sim,100.0,AUTOMATICO,"PF, PJ PRIV, PJ PUB","FX, GC, GOV, GR, GV, INST, PJ Atacado, PJ Varejo, RPPS",http://www.caixa.gov.br/Downloads/aplicacao-financeira-qdd/QDD_6621.pdf,,,2022-07-04T00:00:00Z
MULTIMERCADO,CAIXA EXPERT GIANT ZARATHUSTRA FIC MULTIMERCADO - RESP LTDA (1),CAIXA EXPERT GIANT ZARATHUSTRA FIC MULTIMERCADO - RESP LTDA (1),12/02/2021,-,-,-,-,-,-,PJ,PJ,https://www.caixa.gov.br/fundos-investimento/multimercado/expert-giant-zarathustra-fic-multimercado,Sim,nome_aproximado_0.80,40209061000188,6535,6535,"PF, PJ","PF, PJ",Moderado,NÃO SE APLICA,Multimercado,Multimercado,LONGO PRAZO,0.4,0.6,10000.0,100.0,1000.0,100.0,D+0 (du),D+22 (du),D+25 (du),13:00,Sim,Não,Não,Sim,"[""Institucional"", ""Pessoa Física"", ""PJ Atacado"", ""PJ Varejo"", ""Private""]","[""Institucional"", ""Pessoa Física"", ""PJ Atacado"", ""PJ Varejo"", ""Private""]",http://www.caixa.gov.br/fundos-investimento/multimercado/expert-giant-zarathustra-fic-multimercado/Paginas/default.aspx,,https://www.caixa.gov.br/downloads/aplicacao-financeira-regulamentos/RG_6535.pdf,https://www.caixa.gov.br/Downloads/aplicacao-financeira-termos-adesao/TA_6535.pdf,,https://www.caixa.gov.br/Downloads/aplicacao-financeira-inf-com/FIC_6535.pdf,,"Aplicações via IBC a partir de  22/02/2021

",2026-08-11T00:00:00Z,FI657,CAIXA EXPERT GIANT ZARATHUSTRA FIC FIF MM - RESP LTDA,CAIXA EXPERT GIANT ZARATHUSTRA FUNDO DE INVESTIMENTO EM COTAS DE CLASSE DE FUNDO DE INVESTIMENTO FINANCEIRO MULTIMERCADO - RESP LIMITADA,CAIXA EXPERT GIANT ZARATHUSTRA FIC FIF MM - RESP LTDA 6535 40209061000188 40.209.061/0001-88,GERAL,13h00,Não,Não,100.0,AUTOMATICO,"PF, PJ PRIV","FX, GC, GR, GV, INST, PJ Atacado, PJ Varejo",,,,2021-02-12T00:00:00Z
MULTIMERCADO,CAIXA FIC FIF EXPERT SPX NIMITZ MULTIMERCADO RESP LTDA (1),CAIXA FIC FIF EXPERT SPX NIMITZ MULTIMERCADO RESP LTDA (1),04/05/2020,-,-,-,-,-,-,PJ,PJ,https://www.caixa.gov.br/fundos-investimento/multimercado/fic-caixa-expert-spxmm/Paginas/default.aspx,Sim,nome_aproximado_0.80,34660453000166,6475,6475,PF,PF,Moderado,CDI,Multimercado,Multimercado,LONGO PRAZO,2.0,2.0,10000.0,100.0,1000.0,100.0,D+1 (du),D+22 (du),D+24 (du),13:00,Sim,Não,Não,Não,"[""Pessoa Física"", ""Private""]","[""Pessoa Física"", ""Private""]",https://www.caixa.gov.br/fundos-investimento/multimercado/fic-caixa-expert-spxmm/Paginas/default.aspx,,https://www.caixa.gov.br/downloads/aplicacao-financeira-regulamentos/RG_6475.pdf,https://www.caixa.gov.br/Downloads/aplicacao-financeira-termos-adesao/TA_6475.pdf,,https://www.caixa.gov.br/Downloads/aplicacao-financeira-inf-com/FIC_6475.pdf,,"A contagem para conversão de cotas e pagamento do resgate é feita em dias úteis, conforme estabelecido no Regulamento do Fundo. O FUNDO destina-se a receber investimentos de pessoas físicas residentes, a critério da ADMINISTRADORA e considerados investidores qualificados nos termos da legislação vigente. Este Fundo não está adaptado às normas vigentes para RPPS (Regimes Próprios de Previdência Social).

",2026-08-11T00:00:00Z,FI657,CAIXA EXPERT SPX NIMITZ FIC FIF MM - RESP LTDA,CAIXA EXPERT SPX NIMITZ FUNDO DE INVESTIMENTO EM COTAS DE CLASSE DE FUNDO DE INVESTIMENTO FINANCEIRO MULTIMERCADO - RESPONSABILIDADE LIMITADA,CAIXA EXPERT SPX NIMITZ FIC FIF MM - RESP LTDA 6475 34660453000166 34.660.453/0001-66,QUALIFICADO,13h00,Não,Não,,NÃO SE APLICA,PF,"FX, GC, GR, GV, INST, PJ Atacado, PJ Varejo",,,,2020-05-04T00:00:00Z
MULTIMERCADO,FIC FIF CAIXA EXPERT BTG PACTUAL X10 MM LP RESP LTDA (1),FIC FIF CAIXA EXPERT BTG PACTUAL X10 MM LP RESP LTDA (1),21/03/2013,-,-,-,-,-,-,PJ,PJ,https://www.caixa.gov.br/fundos-investimento/multimercado/btg-pactual-x10-multimercado-longo-prazo/,Sim,nome_aproximado_0.86,17433039000103,5911,5911,"PF, PJ","PF, PJ",Moderado,CDI,Multimercado,Multimercado,LONGO PRAZO,1.0,2.0,10000.0,100.0,1000.0,100.0,D+0 (du),D+8 (du),D+10 (du),13:00,Sim,Não,Não,Não,"[""Institucional"", ""Pessoa Física"", ""PJ Atacado"", ""PJ Varejo"", ""Private""]","[""Institucional"", ""Pessoa Física"", ""PJ Atacado"", ""PJ Varejo"", ""Private""]",http://www.caixa.gov.br/fundos-investimento/multimercado/btg-pactual-x10-multimercado-longo-prazo/,,https://www.caixa.gov.br/downloads/aplicacao-financeira-regulamentos/RG_5911.pdf,https://www.caixa.gov.br/Downloads/aplicacao-financeira-termos-adesao/TA_5911.pdf,https://www.caixa.gov.br/Downloads/aplicacao-financeira-comunicado-aos-cotistas/FR_5911.pdf,https://www.caixa.gov.br/Downloads/aplicacao-financeira-inf-com/FIC_5911.pdf,,"PESSOAS FÍSICAS E PESSOAS JURÍDICAS, E FUNDOS DE INVESTIMENTO, INVESTIDORES QUALIFICADOS NA FORMA DEFINIDA PELA LEGISLAÇÃO PERTINENTE. A CONTAGEM PARA CONVERSÃO DE COTAS E PAGAMENTO DO RESGATE É FEITA EM DIAS ÚTEIS, CONFORME ESTABELECIDO NO REGULAMENTO DO FUNDO.

",2026-08-11T00:00:00Z,FI657,CAIXA EXPERT BTG PACTUAL X 10 FIC FF MM LP - RESP LTDA,CAIXA EXPERT BTG PACTUAL X 10 FUNDO DE INVESTIMENTO EM COTAS DE CLASSE DE FUNDO DE INVESTIMENTO FINANCEIRO MULTIMERCADO LONGO PRAZO - RESP LIMITADA,CAIXA EXPERT BTG PACTUAL X 10 FIC FF MM LP - RESP LTDA 5911 17433039000103 17.433.039/0001-03,QUALIFICADO,13h00,Não,Não,,NÃO SE APLICA,"PF, PJ PRIV","FX, GC, GR, GV, INST, PJ Atacado, PJ Varejo",,,,2013-03-21T00:00:00Z
MULTIMERCADO,CAIXA FIC FIF EXPERT PIMCO INCOME IE MM LP RESP LTDA (1),CAIXA FIC FIF EXPERT PIMCO INCOME IE MM LP RESP LTDA (1),21/08/2023,-,-,-,-,-,-,PJ,PJ | RPPS,https://www.caixa.gov.br/fundos-investimento/multimercado/caixa-expert-pimco-income-ie-fic-multimercado/Paginas/default.aspx,Sim,nome_exato,51659921000100,7875,7875,"PF, PJ, GOV","PF, PJ, GOV",Arrojado,NÃO SE APLICA,Multimercado,Multimercado,LONGO PRAZO,0.93,1.56,10000.0,100.0,1000.0,0.01,D+1 (du),D+3 (du),D+08 (du),13:00,Sim,Não,Não,Não,"[""GOV"", ""Institucional"", ""Pessoa Física"", ""PJ Atacado"", ""Private"", ""RPPS""]","[""GOV"", ""Institucional"", ""Pessoa Física"", ""PJ Atacado"", ""Private"", ""RPPS""]",https://www.caixa.gov.br/fundos-investimento/multimercado/caixa-fic-expert-pimco-ie-mm,,http://www.caixa.gov.br/downloads/aplicacao-financeira-regulamentos/RG_7875.pdf,http://www.caixa.gov.br/Downloads/aplicacao-financeira-termos-adesao/TA_7875.pdf,,http://www.caixa.gov.br/Downloads/aplicacao-financeira-inf-com/FIC_7875.pdf,,"Campanha ""Mês da Mulher"" de 06/03/2026 a 31/03/2026
Redução de Tickets
Aplicação Inicial:
De: R$ 10.000,00 para R$ 1.000,00
Saldo Mínimo: 
De: R$ 1.000,00 para R$ 100,00",2026-08-11T00:00:00Z,FI657,CAIXA EXPERT PIMCO INCOME IE FIC FIF MM LP - RESP LTDA,CAIXA EXPERT PIMCO INCOME INVESTIMENTO NO EXTERIOR FIC DE CLASSE DE FUNDO DE INVESTIMENTO FINANCEIRO MULTIMERCADO LONGO PRAZO - RESP LIMITADA,CAIXA EXPERT PIMCO INCOME IE FIC FIF MM LP - RESP LTDA 7875 51659921000100 51.659.921/0001-00,GERAL,13h00,Não,Não,,NÃO SE APLICA,"PF, PJ PRIV, PJ PUB","FX, GR, INST, PJ Atacado, RPPS",https://www.caixa.gov.br/Downloads/aplicacao-financeira-qdd/QDD_7875.pdf,,,2023-08-21T00:00:00Z
CAMBIAL,CAIXA FIC FIF INDEXA DOLAR CAMBIAL RESP LTDA,CAIXA FIC FIF INDEXA DOLAR CAMBIAL RESP LTDA,27/06/2005,"3,90751500","-0,485","2,60","-2,79","0,54","97,645",PJ,PJ,https://www.caixa.gov.br/fundos-investimento/cambiais/fic-cambial-dolar/Paginas/default.aspx,Sim,nome_exato,05114733000170,5403,5403,"PF, PJ, GOV","PF, PJ, GOV",Moderado,PTAX,Cambial,Multimercado,CURTO PRAZO,0.8,0.8,0.01,0.01,0.01,0.01,D+0 (du),D+1 (du),D+01 (du),14:30,Sim,Não,Não,Sim,"[""GOV"", ""Institucional"", ""Pessoa Física"", ""PJ Atacado"", ""PJ Varejo"", ""Private""]","[""GOV"", ""Institucional"", ""Pessoa Física"", ""PJ Atacado"", ""PJ Varejo"", ""Private""]",http://www.caixa.gov.br/fundos-investimento/cambiais/fic-cambial-dolar/Paginas/default.aspx,,https://www.caixa.gov.br/downloads/aplicacao-financeira-regulamentos/RG_5403.pdf,https://www.caixa.gov.br/Downloads/aplicacao-financeira-termos-adesao/TA_5403.pdf,,https://www.caixa.gov.br/Downloads/aplicacao-financeira-inf-com/FIC_5403.pdf,,Este Fundo não está adaptado às normas vigentes para RPPS (Regimes Próprios de Previdência Social).,2026-08-11T00:00:00Z,FI657,CAIXA FIC FIF INDEXA DOLAR CAMBIAL - RESP LTDA,CAIXA INDEXA DOLAR FUNDO DE INVESTIMENTO EM COTAS DE CLASSE DE FUNDO DE INVESTIMENTO FINANCEIRO CAMBIAL - RESPONSABILIDADE LIMITADA,CAIXA FIC FIF INDEXA DOLAR CAMBIAL - RESP LTDA 5403 05114733000170 05.114.733/0001-70,GERAL,14h30,Não,Não,85.0,AUTOMATICO,"PF, PJ PRIV, PJ PUB","FX, GOV, GR, INST, PJ Atacado, PJ Varejo",,,,2005-06-27T00:00:00Z
ACOES,CAIXA FIF AÇÕES DIVIDENDOS RESP LTDA,CAIXA FIF ACOES DIVIDENDOS RESP LTDA,03/10/2003,"6,42541600","-0,136","-7,06","1,30","16,84","310,029",PJ,PJ,https://www.caixa.gov.br/fundos-investimento/fundos-de-acoes/fi-acoes-dividendos,Sim,nome_exato,05900798000141,5390,5390,"PF, PJ, GOV","PF, PJ, GOV",Arrojado,IDIV11,Ações,RV - Ações,AÇÕES,1.5,1.5,0.01,0.01,0.01,0.01,D+1 (du),D+1 (du),D+03 (du),17:00,Sim,Não,Não,Sim,"[""GOV"", ""Institucional"", ""Pessoa Física"", ""PJ Atacado"", ""PJ Varejo"", ""Private"", ""RPPS""]","[""GOV"", ""Institucional"", ""Pessoa Física"", ""PJ Atacado"", ""PJ Varejo"", ""Private"", ""RPPS""]",http://www.caixa.gov.br/fundos-investimento/fundos-de-acoes/fi-acoes-dividendos,,https://www.caixa.gov.br/downloads/aplicacao-financeira-regulamentos/RG_5390.pdf,https://www.caixa.gov.br/Downloads/aplicacao-financeira-termos-adesao/TA_5390.pdf,,https://www.caixa.gov.br/Downloads/aplicacao-financeira-inf-com/FIC_5390.pdf,,"A contagem para conversão de cotas e pagamento do resgate é feita em dias úteis, conforme estabelecido no Regulamento do Fundo.",2026-08-11T00:00:00Z,FI657,CAIXA FIF ACOES DIVIDENDOS RESP LTDA,CAIXA DIVIDENDOS FUNDO DE INVESTIMENTO FINANCEIRO EM AÇÕES - RESPONSABILIDADE LIMITADA,CAIXA FIF ACOES DIVIDENDOS RESP LTDA 5390 05900798000141 05.900.798/0001-41,GERAL,17h00,Não,Não,100.0,AUTOMATICO,"PF, PJ PRIV, PJ PUB","FX, GC, GOV, GR, GV, INST, PJ Atacado, PJ Varejo, RPPS",https://www.caixa.gov.br/Downloads/aplicacao-financeira-qdd/QDD_5390.pdf,,,2003-10-03T00:00:00Z
ACOES,CAIXA FIF AÇÕES CONSUMO RESP LTDA,CAIXA FIF ACOES CONSUMO RESP LTDA,26/04/2012,"0,98838200","-0,446","-7,08","-15,08","-6,90","49,008",PJ,PJ,https://www.caixa.gov.br/fundos-investimento/fundos-de-acoes/fi-acoes-consumo,Sim,nome_exato,10577512000179,5567,5567,"PF, PJ, GOV","PF, PJ, GOV",Arrojado,ICON11,Ações,RV - Ações,AÇÕES,1.6,1.6,0.01,0.01,0.01,0.01,D+1 (du),D+1 (du),D+03 (du),17:00,Sim,Não,Não,Sim,"[""GOV"", ""Institucional"", ""Pessoa Física"", ""PJ Atacado"", ""PJ Varejo"", ""Private"", ""RPPS""]","[""GOV"", ""Institucional"", ""Pessoa Física"", ""PJ Atacado"", ""PJ Varejo"", ""Private"", ""RPPS""]",http://www.caixa.gov.br/fundos-investimento/fundos-de-acoes/fi-acoes-consumo,,https://www.caixa.gov.br/downloads/aplicacao-financeira-regulamentos/RG_5567.pdf,https://www.caixa.gov.br/Downloads/aplicacao-financeira-termos-adesao/TA_5567.pdf,,https://www.caixa.gov.br/Downloads/aplicacao-financeira-inf-com/FIC_5567.pdf,,"A contagem para conversão de cotas e pagamento do resgate é feita em dias úteis, conforme estabelecido no Regulamento do Fundo.",2026-08-11T00:00:00Z,FI657,CAIXA FIF ACOES CONSUMO RESP LTDA,CAIXA CONSUMO FUNDO DE INVESTIMENTO FINANCEIRO EM AÇÕES - RESPONSABILIDADE LIMITADA,CAIXA FIF ACOES CONSUMO RESP LTDA 5567 10577512000179 10.577.512/0001-79,GERAL,17h00,Não,Não,100.0,AUTOMATICO,"PF, PJ PRIV, PJ PUB","FX, GC, GOV, GR, GV, INST, PJ Atacado, PJ Varejo, RPPS",https://www.caixa.gov.br/Downloads/aplicacao-financeira-qdd/QDD_5567.pdf,,,2012-04-26T00:00:00Z
ACOES,CAIXA FIC FIF ACOES COMPROMISSO BDR NIVEL I RESP LTDA,CAIXA FIC FIF ACOES COMPROMISSO BDR NIVEL I RESP LTDA,05/11/2021,"1,25626900","-0,288","-0,21","3,81","19,47","3,854",PJ,PJ | RPPS,http://www.caixa.gov.br/fundos-investimento/fundos-de-acoes/FIA-Institucional-BDR-nivel-I/Paginas/default.aspx,Sim,nome_exato,43760251000187,6593,6593,"PF, PJ, GOV","PF, PJ, GOV",Arrojado,BDRX,Ações,RV - Ações,AÇÕES,1.0,1.0,0.01,0.01,0.01,0.01,D+1 (du),D+1 (du),D+03 (du),17:00,Sim,Não,Não,Sim,"[""GOV"", ""Institucional"", ""Pessoa Física"", ""PJ Atacado"", ""PJ Varejo"", ""Private"", ""RPPS""]","[""GOV"", ""Institucional"", ""Pessoa Física"", ""PJ Atacado"", ""PJ Varejo"", ""Private"", ""RPPS""]",https://www.caixa.gov.br/fundos-investimento/fundos-de-acoes/fic-fia-compromisso-bdr-nivel-i,,https://www.caixa.gov.br/downloads/aplicacao-financeira-regulamentos/RG_6593.pdf,https://www.caixa.gov.br/Downloads/aplicacao-financeira-termos-adesao/TA_6593.pdf,,https://www.caixa.gov.br/Downloads/aplicacao-financeira-inf-com/FIC_6593.pdf,,,2026-08-11T00:00:00Z,FI657,CAIXA FIC FIF ACOES COMPROMISSO BDR NIVEL I RESP LTDA,CAIXA COMPROMISSO BDR NÍVEL I FUNDO DE INVESTIMENTO EM COTAS DE CLASSE DE FUNDO DE INVESTIMENTO FINANCEIRO EM AÇÕES - RESPONSABILIDADE LIMITADA,CAIXA FIC FIF ACOES COMPROMISSO BDR NIVEL I RESP LTDA 6593 43760251000187 43.760.251/0001-87,GERAL,17h00,Não,Não,100.0,AUTOMATICO,"PF, PJ PRIV, PJ PUB","FX, GC, GOV, GR, GV, INST, PJ Atacado, PJ Varejo, RPPS",https://www.caixa.gov.br/Downloads/aplicacao-financeira-qdd/QDD_6593.pdf,,,2021-11-05T00:00:00Z
ACOES,CAIXA FIF AÇÕES SMALL CAPS ATIVO RESP LTDA,CAIXA FIF ACOES SMALL CAPS ATIVO RESP LTDA,01/11/2012,"1,30919500","0,218","-6,64","-14,12","-6,33","392,046",PJ,PJ,https://www.caixa.gov.br/fundos-investimento/fundos-de-acoes/fi-acoes-small-caps-ativo,Sim,nome_exato,15154220000147,5841,5841,"PF, PJ, GOV","PF, PJ, GOV",Arrojado,SMLL,Ações,RV - Ações,AÇÕES,1.5,1.5,0.01,0.01,0.01,0.01,D+1 (du),D+1 (du),D+03 (du),17:00,Sim,Não,Não,Sim,"[""GOV"", ""Institucional"", ""Pessoa Física"", ""PJ Atacado"", ""PJ Varejo"", ""Private"", ""RPPS""]","[""GOV"", ""Institucional"", ""Pessoa Física"", ""PJ Atacado"", ""PJ Varejo"", ""Private"", ""RPPS""]",http://www.caixa.gov.br/fundos-investimento/fundos-de-acoes/fi-acoes-small-caps-ativo,,https://www.caixa.gov.br/downloads/aplicacao-financeira-regulamentos/RG_5841.pdf,https://www.caixa.gov.br/Downloads/aplicacao-financeira-termos-adesao/TA_5841.pdf,https://www.caixa.gov.br/Downloads/aplicacao-financeira-comunicado-aos-cotistas/FR_5841.pdf,https://www.caixa.gov.br/Downloads/aplicacao-financeira-inf-com/FIC_5841.pdf,,"A contagem para conversão de cotas e pagamento do resgate é feita em dias úteis, conforme estabelecido no Regulamento do Fundo.",2026-08-11T00:00:00Z,FI657,CAIXA FIF ACOES SMALL CAPS ATIVO RESP LTDA,CAIXA SMALL CAPS ATIVO FUNDO DE INVESTIMENTO FINANCEIRO EM AÇÕES - RESPONSABILIDADE LIMITADA,CAIXA FIF ACOES SMALL CAPS ATIVO RESP LTDA 5841 15154220000147 15.154.220/0001-47,GERAL,17h00,Não,Não,100.0,AUTOMATICO,"PF, PJ PRIV, PJ PUB","FX, GC, GR, GV, INST, PJ Atacado, PJ Varejo, RPPS",https://www.caixa.gov.br/Downloads/aplicacao-financeira-qdd/QDD_5841.pdf,,,2012-11-01T00:00:00Z
ACOES,CAIXA FIC FIF AÇÕES E-FUNDOS IBOVESPA RESP LTDA,CAIXA FIC FIF ACOES E-FUNDOS IBOVESPA RESP LTDA,05/10/2012,"2,48178000","-0,088","-6,14","3,14","21,35","12,604",PJ,PJ,https://www.caixa.gov.br/fundos-investimento/fundos-de-acoes/fi-acoes-brasil-etf-bovespa/Paginas/default.aspx,Sim,nome_aproximado_0.75,01525057000177,0053,53,"PF, PJ, GOV","PF, PJ, GOV",Arrojado,IBOV,Ações,RV - Ações,AÇÕES,2.0,2.0,0.01,0.01,0.01,0.01,D+1 (du),D+1 (du),D+03 (du),17:00,Sim,Não,Não,Sim,"[""GOV"", ""Institucional"", ""Pessoa Física"", ""PJ Atacado"", ""PJ Varejo"", ""Private"", ""RPPS""]","[""GOV"", ""Institucional"", ""Pessoa Física"", ""PJ Atacado"", ""PJ Varejo"", ""Private"", ""RPPS""]",http://www.caixa.gov.br/fundos-investimento/fundos-de-acoes/fi-acoes-ibovespa,,https://www.caixa.gov.br/downloads/aplicacao-financeira-regulamentos/RG_0053.pdf,https://www.caixa.gov.br/Downloads/aplicacao-financeira-termos-adesao/TA_0053.pdf,https://www.caixa.gov.br/Downloads/aplicacao-financeira-comunicado-aos-cotistas/FR_0053.pdf,https://www.caixa.gov.br/Downloads/aplicacao-financeira-inf-com/FIC_0053.pdf,,"A contagem para conversão de cotas e pagamento do resgate é feita em dias úteis, conforme estabelecido no Regulamento do Fundo.",2026-08-11T00:00:00Z,FI657,CAIXA FIC FIF ACOES IBOVESPA - RESP LTDA,CAIXA IBOVESPA FUNDO DE INVESTIMENTO EM COTAS DE CLASSE DE FUNDO DE INVESTIMENTO FINANCEIRO EM AÇÕES - RESPONSABILIDADE LIMITADA,CAIXA FIC FIF ACOES IBOVESPA - RESP LTDA 0053 01525057000177 01.525.057/0001-77,GERAL,17h00,Não,Não,100.0,AUTOMATICO,"PF, PJ PRIV, PJ PUB","FX, GC, GOV, GR, GV, INST, PJ Atacado, PJ Varejo, RPPS",,,,1997-01-15T00:00:00Z
ACOES,CAIXA FIF ACOES SUSTENTABILIDADE EMPRESARIAL ISE - IS RESP LTDA,CAIXA FIF ACOES SUSTENTABILIDADE EMPRESARIAL ISE - IS RESP LTDA,05/11/2007,"1,59613400","-0,315","-7,91","-6,36","4,75","1,930",PJ,PJ,https://www.caixa.gov.br/fundos-investimento/fundos-de-acoes/fi-acoes-ise,Sim,nome_aproximado_0.67,08070838000163,5395,5395,"PF, PJ, GOV","PF, PJ, GOV",Arrojado,ISE,Ações,RV - Ações,AÇÕES,0.8,0.8,0.01,0.01,0.01,0.01,D+1 (du),D+1 (du),D+03 (du),17:00,Sim,Sim,Não,Sim,"[""GOV"", ""Institucional"", ""Pessoa Física"", ""PJ Atacado"", ""PJ Varejo"", ""Private"", ""RPPS""]","[""GOV"", ""Institucional"", ""Pessoa Física"", ""PJ Atacado"", ""PJ Varejo"", ""Private"", ""RPPS""]",https://www.caixa.gov.br/fundos-investimento/fundos-de-acoes/fi-acoes-ise,,https://www.caixa.gov.br/downloads/aplicacao-financeira-regulamentos/RG_5395.pdf,https://www.caixa.gov.br/Downloads/aplicacao-financeira-termos-adesao/TA_5395.pdf,https://www.caixa.gov.br/Downloads/aplicacao-financeira-comunicado-aos-cotistas/FR_5395.pdf,https://www.caixa.gov.br/Downloads/aplicacao-financeira-inf-com/FIC_5395.pdf,,"					
Nome alterado de CAIXA FI ACOES INDEXA - ISE para CAIXA FIA SUSTENTABILIDADE EMPRESARIAL ISE - IS em 02/02/2024, conforme aprovado em Assembleia Geral de Cotistas.
",2026-08-11T00:00:00Z,FI657,CAIXA FIF ACOES SUSTENTABILIDADE EMPRESARIAL ISE-IS RESP LTDA,CAIXA SUSTENTABILIDADE EMPRESARIAL ISE - IS FUNDO DE INVESTIMENTO FINANCEIRO EM AÇÕES - RESPONSABILIDADE LIMITADA,CAIXA FIF ACOES SUSTENTABILIDADE EMPRESARIAL ISE-IS RESP LTDA 5395 08070838000163 08.070.838/0001-63,GERAL,17h00,Não,Não,100.0,AUTOMATICO,"PF, PJ PRIV, PJ PUB","FX, GOV, GR, INST, PJ Atacado, PJ Varejo, RPPS",https://www.caixa.gov.br/Downloads/aplicacao-financeira-qdd/QDD_5395.pdf,,,2007-11-05T00:00:00Z
ACOES,CAIXA FIF ACOES PETROBRAS PLUS RESP LTDA,CAIXA FIF ACOES PETROBRAS PLUS RESP LTDA,28/06/2019,"4,63753200","1,315","-3,22","47,26","53,36","76,107",PJ,PJ,https://www.caixa.gov.br/fundos-investimento/fundos-de-acoes/fia-caixa-petrobras-plus/Paginas/default.aspx,Sim,nome_exato,30068205000170,6420,6420,"PF, PJ","PF, PJ",Arrojado,PETR3,Ações,RV - Ações,AÇÕES,1.5,,0.01,0.01,0.01,0.01,D+1 (du),D+1 (du),D+03 (du),17:00,Não,Não,Não,Sim,"[""Institucional"", ""Pessoa Física"", ""PJ Atacado"", ""PJ Varejo"", ""Private""]","[""Institucional"", ""Pessoa Física"", ""PJ Atacado"", ""PJ Varejo"", ""Private""]",http://www.caixa.gov.br/fundos-investimento/fundos-de-acoes/fia-caixa-petrobras-plus/Paginas/default.aspx,,https://www.caixa.gov.br/downloads/aplicacao-financeira-regulamentos/RG_6420.pdf,https://www.caixa.gov.br/Downloads/aplicacao-financeira-termos-adesao/TA_6420.pdf,https://www.caixa.gov.br/Downloads/aplicacao-financeira-comunicado-aos-cotistas/FR_6420.pdf,https://www.caixa.gov.br/Downloads/aplicacao-financeira-inf-com/FIC_6420.pdf,,Fundo fechaco para novas aplicações a partir de 28/02/2023.,2026-08-11T00:00:00Z,FI657,CAIXA FIF ACOES PETROBRAS PLUS RESP LTDA,CAIXA PETROBRAS PLUS FUNDO DE INVESTIMENTO FINANCEIRO EM AÇÕES - RESPONSABILIDADE LIMITADA,CAIXA FIF ACOES PETROBRAS PLUS RESP LTDA 6420 30068205000170 30.068.205/0001-70,GERAL,17h00,Não,Não,100.0,AUTOMATICO,"PF, PJ PRIV","FX, GC, GR, GV, INST, PJ Atacado, PJ Varejo",,,,2019-06-28T00:00:00Z
ACOES,CAIXA FIC FIF AÇÕES MULTIGESTOR RESP LTDA (1),CAIXA FIC FIF ACOES MULTIGESTOR RESP LTDA (1),25/06/2019,-,-,-,-,-,-,PJ,PJ | RPPS,https://www.caixa.gov.br/fundos-investimento/fundos-de-acoes/fic-fia-multigestor/Paginas/default.aspx,Sim,nome_aproximado_1.00,30068224000104,6421,6421,"PF, PJ, GOV","PF, PJ, GOV",Arrojado,IBOV,Ações,RV - Ações,AÇÕES,1.5,,0.01,0.01,0.01,0.01,D+1 (du),D+23 (du),D+25 (du),13:00,Sim,Não,Não,Sim,"[""GOV"", ""Institucional"", ""Pessoa Física"", ""PJ Atacado"", ""PJ Varejo"", ""Private"", ""RPPS""]","[""GOV"", ""Institucional"", ""Pessoa Física"", ""PJ Atacado"", ""PJ Varejo"", ""Private"", ""RPPS""]",http://www.caixa.gov.br/fundos-investimento/fundos-de-acoes/fic-fia-multigestor/Paginas/default.aspx,,https://www.caixa.gov.br/downloads/aplicacao-financeira-regulamentos/RG_6421.pdf,https://www.caixa.gov.br/Downloads/aplicacao-financeira-termos-adesao/TA_6421.pdf,,https://www.caixa.gov.br/Downloads/aplicacao-financeira-inf-com/FIC_6421.pdf,,"A contagem para conversão de cotas e pagamento do resgate é feita em dias úteis, conforme estabelecido no Regulamento do Fundo. Este Fundo está adaptado às normas vigentes para RPPS (Regimes Próprios de Previdência Social).",2026-08-11T00:00:00Z,FI657,CAIXA FIC FIF ACOES ACOES MULTIGESTOR RESP LTDA,CAIXA AÇÕES MULTIGESTOR FUNDO DE INVESTIMENTO EM COTAS DE CLASSE DE FUNDO DE INVESTIMENTO FINANCEIRO EM AÇÕES - RESPONSABILIDADE LIMITADA,CAIXA FIC FIF ACOES ACOES MULTIGESTOR RESP LTDA 6421 30068224000104 30.068.224/0001-04,GERAL,13h00,Não,Não,100.0,AUTOMATICO,"PF, PJ PRIV, PJ PUB","FX, GC, GOV, GR, GV, INST, PJ Atacado, PJ Varejo, RPPS",https://www.caixa.gov.br/Downloads/aplicacao-financeira-qdd/QDD_6421.pdf,,,2019-06-25T00:00:00Z
ACOES,CAIXA FIC FIF AÇÕES IBOVESPA RESP LTDA,CAIXA FIC FIF ACOES IBOVESPA RESP LTDA,15/01/1997,"8,29559300","-0,094","-6,20","2,45","20,06","82,626",PJ,PJ,https://www.caixa.gov.br/fundos-investimento/fundos-de-acoes/fi-acoes-ibovespa,Sim,nome_exato,01525057000177,0053,53,"PF, PJ, GOV","PF, PJ, GOV",Arrojado,IBOV,Ações,RV - Ações,AÇÕES,2.0,2.0,0.01,0.01,0.01,0.01,D+1 (du),D+1 (du),D+03 (du),17:00,Sim,Não,Não,Sim,"[""GOV"", ""Institucional"", ""Pessoa Física"", ""PJ Atacado"", ""PJ Varejo"", ""Private"", ""RPPS""]","[""GOV"", ""Institucional"", ""Pessoa Física"", ""PJ Atacado"", ""PJ Varejo"", ""Private"", ""RPPS""]",http://www.caixa.gov.br/fundos-investimento/fundos-de-acoes/fi-acoes-ibovespa,,https://www.caixa.gov.br/downloads/aplicacao-financeira-regulamentos/RG_0053.pdf,https://www.caixa.gov.br/Downloads/aplicacao-financeira-termos-adesao/TA_0053.pdf,https://www.caixa.gov.br/Downloads/aplicacao-financeira-comunicado-aos-cotistas/FR_0053.pdf,https://www.caixa.gov.br/Downloads/aplicacao-financeira-inf-com/FIC_0053.pdf,,"A contagem para conversão de cotas e pagamento do resgate é feita em dias úteis, conforme estabelecido no Regulamento do Fundo.",2026-08-11T00:00:00Z,FI657,CAIXA FIC FIF ACOES IBOVESPA - RESP LTDA,CAIXA IBOVESPA FUNDO DE INVESTIMENTO EM COTAS DE CLASSE DE FUNDO DE INVESTIMENTO FINANCEIRO EM AÇÕES - RESPONSABILIDADE LIMITADA,CAIXA FIC FIF ACOES IBOVESPA - RESP LTDA 0053 01525057000177 01.525.057/0001-77,GERAL,17h00,Não,Não,100.0,AUTOMATICO,"PF, PJ PRIV, PJ PUB","FX, GC, GOV, GR, GV, INST, PJ Atacado, PJ Varejo, RPPS",,,,1997-01-15T00:00:00Z
ACOES,CAIXA FIF AÇÕES CONSTRUÇÃO CIVIL RESP LTDA,CAIXA FIF ACOES CONSTRUCAO CIVIL RESP LTDA,22/06/2009,"1,66587600","0,582","-2,41","-12,38","4,12","99,627",PJ,PJ,https://www.caixa.gov.br/fundos-investimento/fundos-de-acoes/fi-acoes-construcao-civil,Sim,nome_exato,10551375000101,5397,5397,"PF, PJ, GOV","PF, PJ, GOV",Arrojado,IMOB-IMOBILIÁRIO,Ações,RV - Ações,AÇÕES,2.0,2.0,0.01,0.01,0.01,0.01,D+1 (du),D+1 (du),D+03 (du),17:00,Sim,Não,Não,Sim,"[""GOV"", ""Institucional"", ""Pessoa Física"", ""PJ Atacado"", ""PJ Varejo"", ""Private"", ""RPPS""]","[""GOV"", ""Institucional"", ""Pessoa Física"", ""PJ Atacado"", ""PJ Varejo"", ""Private"", ""RPPS""]",http://www.caixa.gov.br/fundos-investimento/fundos-de-acoes/fi-acoes-construcao-civil,,https://www.caixa.gov.br/downloads/aplicacao-financeira-regulamentos/RG_5397.pdf,https://www.caixa.gov.br/Downloads/aplicacao-financeira-termos-adesao/TA_5397.pdf,,https://www.caixa.gov.br/Downloads/aplicacao-financeira-inf-com/FIC_5397.pdf,,"A contagem para conversão de cotas e pagamento do resgate é feita em dias úteis, conforme estabelecido no Regulamento do Fundo.",2026-08-11T00:00:00Z,FI657,CAIXA FIF ACOES CONSTRUCAO CIVIL RESP LTDA,CAIXA CONSTRUÇÃO CIVIL FUNDO DE INVESTIMENTO FINANCEIRO EM AÇÕES – RESPONSABILIDADE LIMITADA,CAIXA FIF ACOES CONSTRUCAO CIVIL RESP LTDA 5397 10551375000101 10.551.375/0001-01,GERAL,17h00,Não,Não,100.0,AUTOMATICO,"PF, PJ PRIV, PJ PUB","FX, GC, GOV, GR, GV, INST, PJ Atacado, PJ Varejo, RPPS",https://www.caixa.gov.br/Downloads/aplicacao-financeira-qdd/QDD_5397.pdf,,,2009-06-22T00:00:00Z
ACOES,CAIXA FIF AÇÕES INFRAESTRUTURA RESP LTDA,CAIXA FIF ACOES INFRAESTRUTURA RESP LTDA,19/04/2010,"2,68090700","0,477","-6,64","-1,63","10,77","111,822",PJ,PJ,https://www.caixa.gov.br/fundos-investimento/fundos-de-acoes/fi-acoes-infraestrutura,Sim,nome_exato,10551382000103,5398,5398,"PF, PJ, GOV","PF, PJ, GOV",Arrojado,IBOV,Ações,RV - Ações,AÇÕES,2.0,2.0,0.01,0.01,0.01,0.01,D+1 (du),D+1 (du),D+03 (du),17:00,Sim,Não,Não,Sim,"[""GOV"", ""Institucional"", ""Pessoa Física"", ""PJ Atacado"", ""PJ Varejo"", ""Private"", ""RPPS""]","[""GOV"", ""Institucional"", ""Pessoa Física"", ""PJ Atacado"", ""PJ Varejo"", ""Private"", ""RPPS""]",http://www.caixa.gov.br/fundos-investimento/fundos-de-acoes/fi-acoes-infraestrutura,,https://www.caixa.gov.br/downloads/aplicacao-financeira-regulamentos/RG_5398.pdf,https://www.caixa.gov.br/Downloads/aplicacao-financeira-termos-adesao/TA_5398.pdf,https://www.caixa.gov.br/Downloads/aplicacao-financeira-comunicado-aos-cotistas/FR_5398.pdf,https://www.caixa.gov.br/Downloads/aplicacao-financeira-inf-com/FIC_5398.pdf,,"A contagem para conversão de cotas e pagamento do resgate é feita em dias úteis, conforme estabelecido no Regulamento do Fundo.",2026-08-11T00:00:00Z,FI657,CAIXA FIF ACOES INFRAESTRUTURA RESP LTDA,CAIXA INFRAESTRUTURA FUNDO DE INVESTIMENTO FINANCEIRO EM AÇÕES - RESPONSABILIDADE LIMITADA,CAIXA FIF ACOES INFRAESTRUTURA RESP LTDA 5398 10551382000103 10.551.382/0001-03,GERAL,17h00,Não,Não,100.0,AUTOMATICO,"PF, PJ PRIV, PJ PUB","FX, GC, GOV, GR, GV, INST, PJ Atacado, PJ Varejo, RPPS",https://www.caixa.gov.br/Downloads/aplicacao-financeira-qdd/QDD_5398.pdf,,,2010-04-19T00:00:00Z
ACOES,CAIXA FIF AÇÕES PETROBRAS PRÉ-SAL RESP LTDA,CAIXA FIF ACOES PETROBRAS PRE-SAL RESP LTDA,28/09/2010,"6,59592800","0,883","-2,16","40,62","50,70","118,335",PJ,PJ,https://www.caixa.gov.br/fundos-investimento/fundos-de-acoes/fi-acoes-petrobras-pre-sal,Sim,nome_exato,11060594000142,5420,5420,"PF, PJ, GOV","PF, PJ, GOV",Arrojado,PETR4,Ações,RV - Ações,AÇÕES,0.5,0.5,0.01,0.01,0.01,0.01,D+1 (du),D+1 (du),D+03 (du),17:00,Sim,Não,Não,Sim,"[""GOV"", ""Institucional"", ""Pessoa Física"", ""PJ Atacado"", ""PJ Varejo"", ""Private"", ""RPPS""]","[""GOV"", ""Institucional"", ""Pessoa Física"", ""PJ Atacado"", ""PJ Varejo"", ""Private"", ""RPPS""]",http://www.caixa.gov.br/fundos-investimento/fundos-de-acoes/fi-acoes-petrobras-pre-sal,,https://www.caixa.gov.br/downloads/aplicacao-financeira-regulamentos/RG_5420.pdf,https://www.caixa.gov.br/Downloads/aplicacao-financeira-termos-adesao/TA_5420.pdf,https://www.caixa.gov.br/Downloads/aplicacao-financeira-comunicado-aos-cotistas/FR_5420.pdf,https://www.caixa.gov.br/Downloads/aplicacao-financeira-inf-com/FIC_5420.pdf,,"A contagem para conversão de cotas e pagamento do resgate é feita em dias úteis, conforme estabelecido no Regulamento do Fundo.",2026-08-11T00:00:00Z,FI657,CAIXA FIF ACOES PETROBRAS PRE-SAL RESP LTDA,CAIXA PETROBRAS PRÉ-SAL FUNDO DE INVESTIMENTO FINANCEIRO EM AÇÕES - RESPONSABILIDADE LIMITADA,CAIXA FIF ACOES PETROBRAS PRE-SAL RESP LTDA 5420 11060594000142 11.060.594/0001-42,GERAL,17h00,Não,Não,100.0,AUTOMATICO,"PF, PJ PRIV, PJ PUB","FX, GC, GOV, GR, GV, INST, PJ Atacado, PJ Varejo, RPPS",https://www.caixa.gov.br/Downloads/aplicacao-financeira-qdd/QDD_5420.pdf,,,2010-09-28T00:00:00Z
ACOES,CAIXA ATENA FIC FIF AÇÕES LIVRE QUANT RESP LTDA,CAIXA ATENA FIC FIF ACOES LIVRE QUANT RESP LTDA,31/07/2019,"1,70107100","-0,274","-6,81","-12,20","4,26","44,526",PJ,PJ,http://www.caixa.gov.br/fundos-investimento/fundos-de-acoes/FIC-FIA-acoes-livres/Paginas/default.aspx,Sim,nome_exato,22791154000181,5978,5978,"PF, PJ","PF, PJ",Arrojado,IBOV,Ações,RV - Ações,AÇÕES,2.0,2.0,0.01,0.01,0.01,0.01,D+1 (du),D+13 (du),D+15 (du),17:00,Sim,Não,Não,Sim,"[""Institucional"", ""Pessoa Física"", ""PJ Atacado"", ""PJ Varejo"", ""Private""]","[""Institucional"", ""Pessoa Física"", ""PJ Atacado"", ""PJ Varejo"", ""Private""]",http://www.caixa.gov.br/fundos-investimento/fundos-de-acoes/FIC-FIA-acoes-livres/Paginas/default.aspx,,https://www.caixa.gov.br/downloads/aplicacao-financeira-regulamentos/RG_5978.pdf,https://www.caixa.gov.br/Downloads/aplicacao-financeira-termos-adesao/TA_5978.pdf,https://www.caixa.gov.br/Downloads/aplicacao-financeira-comunicado-aos-cotistas/FR_5978.pdf,https://www.caixa.gov.br/Downloads/aplicacao-financeira-inf-com/FIC_5978.pdf,,Fundo aberto para aplicações a partir de 20/05/2025 inclusive,2026-08-11T00:00:00Z,FI657,CAIXA ATENA FIC FIF ACOES LIVRE QUANT RESP LTDA,CAIXA ATENA AÇÕES LIVRE QUANT FUNDO DE INVESTIMENTO EM COTAS DE CLASSE DE FUNDO DE INVESTIMENTO FINANCEIRO EM AÇÕES - RESPONSABILIDADE LIMITADA,CAIXA ATENA FIC FIF ACOES LIVRE QUANT RESP LTDA 5978 22791154000181 22.791.154/0001-81,GERAL,17h00,Não,Não,100.0,AUTOMATICO,"PF, PJ PRIV","FX, GC, GOV, GR, GV, INST, PJ Atacado, PJ Varejo",,https://web.microsoftstream.com/video/c97500d6-f87e-4c24-a7f6-50fa0a703f14?channelId=772517ff-88ae-4298-88f2-3ed5a5893c3e,,2019-07-31T00:00:00Z
ACOES,CAIXA FIF ACOES BANCO DO BRASIL PLUS RESP LTDA,CAIXA FIF ACOES BANCO DO BRASIL PLUS RESP LTDA,23/10/2019,"1.130,91716600","-2,332","-15,92","-17,27","-12,20","36,662",PJ,PJ | RPPS,https://www.caixa.gov.br/fundos-investimento/fundos-de-acoes/Caixa-FI-Acoes-Banco-do-Brasil-Plus/Paginas/default.aspx,Sim,nome_exato,30068271000140,6447,6447,"PF, PJ, GOV","PF, PJ, GOV",Arrojado,IBOV,Ações,RV - Ações,AÇÕES,1.5,,0.01,0.01,0.01,0.01,D+1 (du),D+1 (du),D+03 (du),17:00,Sim,Não,Não,Sim,"[""GOV"", ""Institucional"", ""Pessoa Física"", ""PJ Atacado"", ""PJ Varejo"", ""Private"", ""RPPS""]","[""GOV"", ""Institucional"", ""Pessoa Física"", ""PJ Atacado"", ""PJ Varejo"", ""Private"", ""RPPS""]",http://www.caixa.gov.br/fundos-investimento/fundos-de-acoes/Caixa-FI-Acoes-Banco-do-Brasil-Plus/Paginas/default.aspx,,https://www.caixa.gov.br/downloads/aplicacao-financeira-regulamentos/RG_6447.pdf,https://www.caixa.gov.br/Downloads/aplicacao-financeira-termos-adesao/TA_6447.pdf,,https://www.caixa.gov.br/Downloads/aplicacao-financeira-inf-com/FIC_6447.pdf,,"Pessoas Físicas, Pessoas Jurídicas e Regimes Próprios de Previdência Social (RPPS) que atendam aos critérios de qualificação definidos no Regulamento, residentes e/ou com sede no Brasil.",2026-08-11T00:00:00Z,FI657,CAIXA FIF ACOES BANCO DO BRASIL PLUS RESP LTDA,CAIXA BANCO DO BRASIL PLUS FUNDO DE INVESTIMENTO FINANCEIRO EM AÇÕES - RESPONSABILIDADE LIMITADA,CAIXA FIF ACOES BANCO DO BRASIL PLUS RESP LTDA 6447 30068271000140 30.068.271/0001-40,GERAL,17h00,Não,Não,100.0,AUTOMATICO,"PF, PJ PRIV, PJ PUB","FX, GC, GOV, GR, GV, INST, PJ Atacado, PJ Varejo, RPPS",,,,2019-10-23T00:00:00Z
ACOES,CAIXA FIF ACOES SEGURIDADE RESP LTDA,CAIXA FIF ACOES SEGURIDADE RESP LTDA,03/05/2021,"2,76966600","0,109","-9,70","14,33","42,23","443,781",PJ,PJ,https://www.caixa.gov.br/fundos-investimento/fundos-de-acoes/fia-caixa-seguridade/Paginas/default.aspx,Sim,nome_aproximado_1.00,30068049000147,6499,6499,"PF, PJ, GOV","PF, PJ, GOV",Arrojado,IBOV,Ações,RV - Ações,AÇÕES,0.2,,0.01,0.01,0.01,0.01,D+1 (du),D+1 (du),D+03 (du),17:00,Sim,Não,Não,Sim,"[""GOV"", ""Institucional"", ""Pessoa Física"", ""PJ Atacado"", ""PJ Varejo"", ""Private""]","[""GOV"", ""Institucional"", ""Pessoa Física"", ""PJ Atacado"", ""PJ Varejo"", ""Private""]",https://www.caixa.gov.br/fundos-investimento/fundos-de-acoes/fia-caixa-seguridade/Paginas/default.aspx,,https://www.caixa.gov.br/downloads/aplicacao-financeira-regulamentos/RG_6499.pdf,https://www.caixa.gov.br/Downloads/aplicacao-financeira-termos-adesao/TA_6499.pdf,,https://www.caixa.gov.br/Downloads/aplicacao-financeira-inf-com/FIC_6499.pdf,,"Canal de distribuição: Rede CAIXA, IBC. A reserva inicial, no âmbito da OFERTA, será feita por meio do Home Broker CAIXA. Resgates: Lock up de 45 dias. Inicio dia 30/04/2021 - Termino 13/06/2021. Liberado resgate a partir do dia 14/06/2021 (segunda-feira).",2026-08-11T00:00:00Z,FI657,CAIXA FIF ACOES CAIXA SEGURIDADE RESP LTDA,CAIXA SEGURIDADE FUNDO DE INVESTIMENTO FINANCEIRO EM AÇÕES - RESPONSABILIDADE LIMITADA,CAIXA FIF ACOES CAIXA SEGURIDADE RESP LTDA 6499 30068049000147 30.068.049/0001-47,GERAL,17h00,Não,Não,100.0,AUTOMATICO,"PF, PJ PRIV, PJ PUB","FX, GC, GR, INST, PJ Atacado, PJ Varejo",https://www.caixa.gov.br/Downloads/aplicacao-financeira-qdd/QDD_6499.pdf,,,2021-04-30T00:00:00Z
ACOES,CAIXA FIF AÇÕES VALE DO RIO DOCE RESP LTDA,CAIXA FIF ACOES VALE DO RIO DOCE RESP LTDA,20/02/2002,"34,63315300","0,141","-3,79","0,24","40,69","587,625",PJ,PJ,https://www.caixa.gov.br/fundos-investimento/fundos-de-acoes/fi-acoes-vale-rio-doce,Sim,nome_exato,04885820000169,5301,5301,"PF, PJ, GOV","PF, PJ, GOV",Arrojado,VALE3,Ações,RV - Ações,AÇÕES,2.0,2.0,0.01,0.01,0.01,0.01,D+1 (du),D+1 (du),D+03 (du),17:00,Sim,Não,Não,Sim,"[""GOV"", ""Institucional"", ""Pessoa Física"", ""PJ Atacado"", ""PJ Varejo"", ""Private"", ""RPPS""]","[""GOV"", ""Institucional"", ""Pessoa Física"", ""PJ Atacado"", ""PJ Varejo"", ""Private"", ""RPPS""]",http://www.caixa.gov.br/fundos-investimento/fundos-de-acoes/fi-acoes-vale-rio-doce,,http://www.caixa.gov.br/downloads/aplicacao-financeira-regulamentos/RG_5301.pdf,https://www.caixa.gov.br/Downloads/aplicacao-financeira-termos-adesao/TA_5301.pdf,https://www.caixa.gov.br/Downloads/aplicacao-financeira-comunicado-aos-cotistas/FR_5301.pdf,https://www.caixa.gov.br/Downloads/aplicacao-financeira-inf-com/FIC_5301.pdf,,"A contagem para conversão de cotas e pagamento do resgate é feita em dias úteis, conforme estabelecido no Regulamento do Fundo.",2026-08-11T00:00:00Z,FI657,CAIXA FIF ACOES VALE DO RIO DOCE RESP LTDA,CAIXA VALE DO RIO DOCE FUNDO DE INVESTIMENTO FINANCEIRO EM AÇÕES - RESPONSABILIDADE LIMITADA,CAIXA FIF ACOES VALE DO RIO DOCE RESP LTDA 5301 04885820000169 04.885.820/0001-69,GERAL,17h00,Não,Não,100.0,AUTOMATICO,"PF, PJ PRIV, PJ PUB","FX, GC, GOV, GR, GV, INST, PJ Atacado, PJ Varejo, RPPS",https://www.caixa.gov.br/Downloads/aplicacao-financeira-qdd/QDD_5301.pdf,,,2002-02-20T00:00:00Z
ACOES,CAIXA FIF AÇÕES IBRX ATIVO RESP LTDA,CAIXA FIF ACOES IBRX ATIVO RESP LTDA,12/09/2005,"4,62170900","0,068","-3,73","2,98","21,82","22,366",PJ,PJ,https://www.caixa.gov.br/fundos-investimento/fundos-de-acoes/fi-acoes-ibrx-ativo,Sim,nome_exato,05164370000188,5392,5392,"PF, PJ, GOV","PF, PJ, GOV",Arrojado,IBX,Ações,RV - Ações,AÇÕES,1.5,1.5,0.01,0.01,0.01,0.01,D+1 (du),D+1 (du),D+03 (du),17:00,Sim,Não,Não,Sim,"[""GOV"", ""Institucional"", ""Pessoa Física"", ""PJ Atacado"", ""PJ Varejo"", ""Private"", ""RPPS""]","[""GOV"", ""Institucional"", ""Pessoa Física"", ""PJ Atacado"", ""PJ Varejo"", ""Private"", ""RPPS""]",http://www.caixa.gov.br/fundos-investimento/fundos-de-acoes/fi-acoes-ibrx-ativo,,https://www.caixa.gov.br/downloads/aplicacao-financeira-regulamentos/RG_5392.pdf,https://www.caixa.gov.br/Downloads/aplicacao-financeira-termos-adesao/TA_5392.pdf,https://www.caixa.gov.br/Downloads/aplicacao-financeira-comunicado-aos-cotistas/FR_5392.pdf,https://www.caixa.gov.br/Downloads/aplicacao-financeira-inf-com/FIC_5392.pdf,,"A contagem para conversão de cotas e pagamento do resgate é feita em dias úteis, conforme estabelecido no Regulamento do Fundo. Este Fundo não está adaptado às normas vigentes para RPPS (Regimes Próprios de Previdência Social).",2026-08-11T00:00:00Z,FI657,CAIXA FIF ACOES IBrX ATIVO -RESP LTDA,CAIXA IBRX ATIVO FUNDO DE INVESTIMENTO FINANCEIRO EM AÇÕES - RESPONSABILIDADE LIMITADA,CAIXA FIF ACOES IBrX ATIVO -RESP LTDA 5392 05164370000188 05.164.370/0001-88,GERAL,17h00,Não,Não,100.0,AUTOMATICO,"PF, PJ PRIV, PJ PUB","FX, GC, GOV, GR, GV, INST, PJ Atacado, PJ Varejo, RPPS",,,,2005-09-12T00:00:00Z
ACOES,CAIXA FIC FIF ACOES DIVIDENDOS QUANTITATIVO RESP LTDA,CAIXA FIC FIF ACOES DIVIDENDOS QUANTITATIVO RESP LTDA,02/09/2021,"1,83396900","0,275","-5,12","-9,85","5,79","1,634",PJ,PJ,https://www.caixa.gov.br/fundos-investimento/fundos-de-acoes/fic-fia-dividendos-quantitativo/Paginas/default.aspx,Sim,nome_exato,42120405000103,6591,6591,"PF, PJ","PF, PJ",Arrojado,IDIV,Ações,RV - Ações,AÇÕES,2.0,2.0,0.01,0.01,0.01,0.01,D+1 (du),D+13 (du),D+15 (du),17:00,Sim,Não,Não,,"[""Pessoa Física"", ""PJ Atacado"", ""PJ Varejo"", ""Private""]","[""Pessoa Física"", ""PJ Atacado"", ""PJ Varejo"", ""Private""]",https://www.caixa.gov.br/fundos-investimento/fundos-de-acoes/fic-fia-dividendos-quantitativo/Paginas/default.aspx,,https://www.caixa.gov.br/downloads/aplicacao-financeira-regulamentos/RG_6591.pdf,https://www.caixa.gov.br/Downloads/aplicacao-financeira-termos-adesao/TA_6591.pdf,,https://www.caixa.gov.br/Downloads/aplicacao-financeira-inf-com/FIC_6591.pdf,,"
",2026-08-11T00:00:00Z,FI657,CAIXA FIC FIF ACOES DIVIDENDOS QUANTITATIVO RESP LTDA,CAIXA DIVIDENDOS QUANTITATIVO FUNDO DE INVESTIMENTO EM COTAS DE CLASSE DE FUNDO DE INVESTIMENTO FINANCEIRO EM AÇÕES - RESP LIMITADA,CAIXA FIC FIF ACOES DIVIDENDOS QUANTITATIVO RESP LTDA 6591 42120405000103 42.120.405/0001-03,GERAL,17h00,Não,Não,,NÃO SE APLICA,"PF, PJ PRIV","FX, GC, GR, GV, PJ Atacado, PJ Varejo",https://www.caixa.gov.br/Downloads/aplicacao-financeira-qdd/QDD_6591.pdf,,,2021-09-02T00:00:00Z
ACOES,CAIXA FIF ACOES INDEXA PIBB IBRX 50 RESP LTDA,CAIXA FIF ACOES INDEXA PIBB IBRX 50 RESP LTDA,12/09/2005,"5,61034400","0,026","-6,14","4,29","22,76","40,770",PJ,PJ,https://www.caixa.gov.br/fundos-investimento/fundos-de-acoes/fi-acoes-pibb-sem-opcao-de-venda,Sim,nome_exato,05164361000197,5393,5393,"PF, PJ","PF, PJ",Arrojado,PIBB11,Ações,RV - Ações,AÇÕES,0.8,0.8,0.01,0.01,0.01,0.01,D+1 (du),D+1 (du),D+03 (du),17:00,Sim,Não,Não,Sim,,,http://www.caixa.gov.br/fundos-investimento/fundos-de-acoes/fi-acoes-pibb-sem-opcao-de-venda,,https://www.caixa.gov.br/downloads/aplicacao-financeira-regulamentos/RG_5393.pdf,https://www.caixa.gov.br/Downloads/aplicacao-financeira-termos-adesao/TA_5393.pdf,,https://www.caixa.gov.br/Downloads/aplicacao-financeira-inf-com/FIC_5393.pdf,,"Pessoas Físicas e Pessoas Jurídicas que atendam aos critérios de qualificação definidos no Regulamento, residentes e/ou com sede no Brasil. A contagem para conversão de cotas e pagamento do resgate é feita em dias úteis, conforme estabelecido no Regulamento do Fundo. Este Fundo não está adaptado às normas vigentes para RPPS (Regimes Próprios de Previdência Social).",2026-08-11T00:00:00Z,FI657,CAIXA FIF ACOES INDEXA PIBB IBRX 50 RESP LTDA,CAIXA INDEXA PIBB IBRX-50 FUNDO DE INVESTIMENTO FINANCEIRO EM AÇÕES - RESPONSABILIDADE LIMITADA,CAIXA FIF ACOES INDEXA PIBB IBRX 50 RESP LTDA 5393 05164361000197 05.164.361/0001-97,GERAL,17h00,Não,Não,100.0,AUTOMATICO,"PF, PJ PRIV",,,,,2005-09-12T00:00:00Z
ACOES,CAIXA FIF ACOES IBOVESPA ATIVO RESP LTDA,CAIXA FIF ACOES IBOVESPA ATIVO RESP LTDA,01/02/2007,"2,08081400","0,177","-6,74","-0,82","16,29","31,879",PJ,PJ,https://www.caixa.gov.br/fundos-investimento/fundos-de-acoes/fi-acoes-ibovespa-ativo,Sim,nome_exato,08046355000123,5394,5394,"PF, PJ, GOV","PF, PJ, GOV",Arrojado,IBOV,Ações,RV - Ações,AÇÕES,2.0,2.0,0.01,0.01,0.01,0.01,D+1 (du),D+1 (du),D+03 (du),17:00,Sim,Não,Não,Sim,"[""GOV"", ""Institucional"", ""Pessoa Física"", ""PJ Atacado"", ""PJ Varejo"", ""Private"", ""RPPS""]","[""GOV"", ""Institucional"", ""Pessoa Física"", ""PJ Atacado"", ""PJ Varejo"", ""Private"", ""RPPS""]",http://www.caixa.gov.br/fundos-investimento/fundos-de-acoes/fi-acoes-ibovespa-ativo,,https://www.caixa.gov.br/downloads/aplicacao-financeira-regulamentos/RG_5394.pdf,https://www.caixa.gov.br/Downloads/aplicacao-financeira-termos-adesao/TA_5394.pdf,https://www.caixa.gov.br/Downloads/aplicacao-financeira-comunicado-aos-cotistas/FR_5394.pdf,https://www.caixa.gov.br/Downloads/aplicacao-financeira-inf-com/FIC_5394.pdf,,"A contagem para conversão de cotas e pagamento do resgate é feita em dias úteis, conforme estabelecido no Regulamento do Fundo. Este Fundo não está adaptado às normas vigentes para RPPS (Regimes Próprios de Previdência Social).",2026-08-11T00:00:00Z,FI657,CAIXA FIF ACOES IBOVESPA ATIVO RESP LTDA,CAIXA IBOVESPA ATIVO FUNDO DE INVESTIMENTO FINANCEIRO EM AÇÕES - RESPONSABILIDADE LIMITADA,CAIXA FIF ACOES IBOVESPA ATIVO RESP LTDA 5394 08046355000123 08.046.355/0001-23,GERAL,17h00,Não,Não,100.0,AUTOMATICO,"PF, PJ PRIV, PJ PUB","FX, GC, GOV, GR, GV, INST, PJ Atacado, PJ Varejo, RPPS",,,,2007-02-01T00:00:00Z
ACOES,CAIXA FIF ACOES ELETROBRAS RESP LTDA,CAIXA FIF ACOES ELETROBRAS RESP LTDA,30/05/2022,"1,70003000","0,699","-4,96","-1,10","51,74","255,495",PJ,PJ | RPPS,https://www.caixa.gov.br/fundos-investimento/fundos-de-acoes/fia-caixa-eletrobras/Paginas/default.aspx,Sim,nome_exato,45443475000190,6602,6602,"PF, PJ, GOV","PF, PJ, GOV",Arrojado,OUTROS,Ações,RV - Ações,AÇÕES,0.45,0.45,0.01,0.01,0.01,0.01,D+1 (du),D+1 (du),D+03 (du),17:00,Sim,Não,Não,Sim,"[""GOV"", ""Institucional"", ""Pessoa Física"", ""PJ Atacado"", ""PJ Varejo"", ""Private"", ""RPPS""]","[""GOV"", ""Institucional"", ""Pessoa Física"", ""PJ Atacado"", ""PJ Varejo"", ""Private"", ""RPPS""]",https://www.caixa.gov.br/fundos-investimento/fundos-de-acoes/fia-caixa-eletrobras/Paginas/default.aspx,,https://www.caixa.gov.br/downloads/aplicacao-financeira-regulamentos/RG_6602.pdf,https://www.caixa.gov.br/Downloads/aplicacao-financeira-termos-adesao/TA_6602.pdf,,https://www.caixa.gov.br/Downloads/aplicacao-financeira-inf-com/FIC_6602.pdf,,Prazo de carência: 14 de junho de 2022,2026-08-11T00:00:00Z,FI657,CAIXA FIF ACOES ELETROBRAS RESP LTDA,CAIXA ELETROBRAS FUNDO DE INVESTIMENTO FINANCEIRO EM AÇÕES - RESPONSABILIDADE LIMITADA,CAIXA FIF ACOES ELETROBRAS RESP LTDA 6602 45443475000190 45.443.475/0001-90,GERAL,17h00,Não,Não,100.0,AUTOMATICO,"PF, PJ PRIV, PJ PUB","FX, GC, GOV, GR, GV, INST, PJ Atacado, PJ Varejo, RPPS",https://www.caixa.gov.br/Downloads/aplicacao-financeira-qdd/QDD_6602.pdf,,,2022-05-30T00:00:00Z
ACOES,CAIXA FIF AÇÕES PETROBRÁS RESP LTDA,CAIXA FIF ACOES PETROBRAS RESP LTDA,10/07/2000,"43,01671100","1,314","-3,22","47,34","53,49","838,413",PJ,PJ,https://www.caixa.gov.br/fundos-investimento/fundos-de-acoes/fi-acoes-petrobras,Sim,nome_exato,03914671000156,0048,48,"PF, PJ, GOV","PF, PJ, GOV",Arrojado,PETR3,Ações,RV - Ações,AÇÕES,1.5,1.5,0.01,0.01,0.01,0.01,D+1 (du),D+1 (du),D+03 (du),17:00,Sim,Não,Não,Sim,"[""GOV"", ""Institucional"", ""Pessoa Física"", ""PJ Atacado"", ""PJ Varejo"", ""Private"", ""RPPS""]","[""GOV"", ""Institucional"", ""Pessoa Física"", ""PJ Atacado"", ""PJ Varejo"", ""Private"", ""RPPS""]",http://www.caixa.gov.br/fundos-investimento/fundos-de-acoes/fi-acoes-petrobras,,https://www.caixa.gov.br/downloads/aplicacao-financeira-regulamentos/RG_0048.pdf,https://www.caixa.gov.br/Downloads/aplicacao-financeira-termos-adesao/TA_0048.pdf,https://www.caixa.gov.br/Downloads/aplicacao-financeira-comunicado-aos-cotistas/FR_0048.pdf,https://www.caixa.gov.br/Downloads/aplicacao-financeira-inf-com/FIC_0048.pdf,,"A contagem para conversão de cotas e pagamento do resgate é feita em dias úteis, conforme estabelecido no Regulamento do Fundo.",2026-08-11T00:00:00Z,FI657,CAIXA FIF ACOES PETROBRAS RESP LTDA,CAIXA PETROBRAS FUNDO DE INVESTIMENTO FINANCEIRO EM AÇÕES - RESPONSABILIDADE LIMITADA,CAIXA FIF ACOES PETROBRAS RESP LTDA 0048 03914671000156 03.914.671/0001-56,GERAL,17h00,Não,Não,100.0,AUTOMATICO,"PF, PJ PRIV, PJ PUB","FX, GC, GOV, GR, GV, INST, PJ Atacado, PJ Varejo, RPPS",https://www.caixa.gov.br/Downloads/aplicacao-financeira-qdd/QDD_0048.pdf,,,2000-07-10T00:00:00Z
ACOES,CAIXA FIF ACOES INDEXA SETOR FINANCEIRO RESP LTDA,CAIXA FIF ACOES INDEXA SETOR FINANCEIRO RESP LTDA,26/01/2021,"1.421,33821200","-1,534","-10,29","-2,33","10,93","28,533",PJ,PJ | RPPS,https://www.caixa.gov.br/fundos-investimento/fundos-de-acoes/caixa-fia-indexa-setor-financeiro/Paginas/default.aspx,Sim,nome_exato,40209029000100,6530,6530,"PF, PJ, GOV","PF, PJ, GOV",Arrojado,IFNC,Ações,RV - Ações,AÇÕES,0.8,,0.01,0.01,0.01,0.01,D+1 (du),D+1 (du),D+03 (du),17:00,Sim,Não,Não,Sim,"[""GOV"", ""Institucional"", ""Pessoa Física"", ""PJ Atacado"", ""PJ Varejo"", ""Private"", ""RPPS""]","[""GOV"", ""Institucional"", ""Pessoa Física"", ""PJ Atacado"", ""PJ Varejo"", ""Private"", ""RPPS""]",https://www.caixa.gov.br/fundos-investimento/fundos-de-acoes/caixa-fia-indexa-setor-financeiro/Paginas/default.aspx,,https://www.caixa.gov.br/downloads/aplicacao-financeira-regulamentos/RG_6530.pdf,https://www.caixa.gov.br/Downloads/aplicacao-financeira-termos-adesao/TA_6530.pdf,,https://www.caixa.gov.br/Downloads/aplicacao-financeira-inf-com/FIC_6530.pdf,,Este Fundo está adaptado às normas vigentes para RPPS (Regimes Próprios de Previdência Social).,2026-08-11T00:00:00Z,FI657,CAIXA FIF ACOES INDEXA SETOR FINANCEIRO RESP LTDA,CAIXA INDEXA SETOR FINANCEIRO FUNDO DE INVESTIMENTO FINANCEIRO EM AÇÕES - RESPONSABILIDADE LIMITADA,CAIXA FIF ACOES INDEXA SETOR FINANCEIRO RESP LTDA 6530 40209029000100 40.209.029/0001-00,GERAL,17h00,Não,Não,100.0,AUTOMATICO,"PF, PJ PRIV, PJ PUB","FX, GC, GOV, GR, GV, INST, PJ Atacado, PJ Varejo, RPPS",https://www.caixa.gov.br/Downloads/aplicacao-financeira-qdd/QDD_6530.pdf,,,2021-01-27T00:00:00Z
ACOES,CAIXA FIF AÇÕES BDR NÍVEL I RESP LTDA,CAIXA FIF ACOES BDR NIVEL I RESP LTDA,24/06/2013,"10,58632800","-0,906","6,19","6,91","18,60","280,093",PJ,PJ,https://www.caixa.gov.br/fundos-investimento/fundos-de-acoes/fi-acoes-bdr-nivel-1,Sim,nome_exato,17503172000180,5928,5928,"PF, PJ","PF, PJ",Arrojado,BDRX11,Ações,RV - Ações,AÇÕES,1.5,1.5,0.01,0.01,0.01,0.01,D+1 (du),D+1 (du),D+03 (du),17:00,Sim,Não,Não,Sim,"[""Institucional"", ""Pessoa Física"", ""PJ Atacado"", ""PJ Varejo"", ""Private""]","[""Institucional"", ""Pessoa Física"", ""PJ Atacado"", ""PJ Varejo"", ""Private""]",http://www.caixa.gov.br/fundos-investimento/fundos-de-acoes/fi-acoes-bdr-nivel-1,,https://www.caixa.gov.br/downloads/aplicacao-financeira-regulamentos/RG_5928.pdf,https://www.caixa.gov.br/Downloads/aplicacao-financeira-termos-adesao/TA_5928.pdf,,https://www.caixa.gov.br/Downloads/aplicacao-financeira-inf-com/FIC_5928.pdf,,"A contagem para conversão de cotas e pagamento do resgate é feita em dias úteis, conforme estabelecido no Regulamento do Fundo. Este Fundo não está adaptado às normas vigentes para RPPS (Regimes Próprios de Previdência Social).",2026-08-11T00:00:00Z,FI657,CAIXA FIF ACOES BDR NIVEL I - RESP LTDA,CAIXA BDR NÍVEL I FUNDO DE INVESTIMENTO FINANCEIRO EM AÇÕES - RESPONSABILIDADE LIMITADA,CAIXA FIF ACOES BDR NIVEL I - RESP LTDA 5928 17503172000180 17.503.172/0001-80,GERAL,17h00,Não,Não,100.0,AUTOMATICO,"PF, PJ PRIV","FX, GC, GR, GV, INST, PJ Atacado, PJ Varejo",,,,2013-06-24T00:00:00Z
ACOES,CAIXA SEGURIDADE II FIF ACOES - RESP LTDA,CAIXA SEGURIDADE II FIF ACOES - RESP LTDA,24/03/2025,"1,36791200","0,108","-9,68","14,23","42,05","18,411",PJ,PJ,https://www.caixa.gov.br/fundos-investimento/fundos-de-acoes/fia-caixa-seguridade/Paginas/default.aspx,Sim,nome_exato,59815671000153,7971,7971,"PF, PJ, GOV","PF, PJ, GOV",Arrojado,NÃO SE APLICA,Ações,RV - Ações,AÇÕES,0.2,,0.01,0.01,0.01,0.01,D+0 (du),D+1 (du),D+03 (du),17:00,Não,Não,Não,Não,"[""GOV"", ""Pessoa Física"", ""PJ Atacado"", ""Private""]","[""GOV"", ""Pessoa Física"", ""PJ Atacado"", ""Private""]",,,http://www.caixa.gov.br/downloads/aplicacao-financeira-regulamentos/RG_7971.pdf,http://www.caixa.gov.br/Downloads/aplicacao-financeira-termos-adesao/TA_7971.pdf,http://www.caixa.gov.br/Downloads/aplicacao-financeira-comunicado-aos-cotistas/FR_7971.pdf,http://www.caixa.gov.br/Downloads/aplicacao-financeira-inf-com/FIC_7971.pdf,,Fundo ficará fechado para novas aplicações a partir do dia 13/05/2025 (inclusive).,2026-08-11T00:00:00Z,FI657,CAIXA SEGURIDADE II FIF AÇÕES - RESP LTDA,CAIXA SEGURIDADE II FUNDO DE INVESTIMENTO FINANCEIRO AÇÕES - RESPONSABILIDADE LIMITADA,CAIXA SEGURIDADE II FIF AÇÕES - RESP LTDA 7971 59815671000153 59.815.671/0001-53,GERAL,17h00,Não,Não,,NÃO SE APLICA,"PF, PJ PRIV, PJ PUB","FX, GC, GR, GV, PJ Atacado",,,,2025-03-24T00:00:00Z
ACOES,CAIXA FIF ACOES INDEXA IAGRO RESP LTDA,CAIXA FIF ACOES INDEXA IAGRO RESP LTDA,14/06/2022,"0,80100400","0,154","-6,06","-16,78","-15,60","2,517",PJ,PJ | RPPS,https://www.caixa.gov.br/fundos-investimento/fundos-de-acoes/fia-caixa-indexa-iagro/Paginas/default.aspx,Sim,nome_exato,45443601000107,6620,6620,"PF, PJ, GOV","PF, PJ, GOV",Arrojado,OUTROS,Ações,RV - Ações,AÇÕES,0.8,0.8,0.01,0.01,0.01,0.01,D+1 (du),D+1 (du),D+03 (du),17:00,Sim,Não,Não,Sim,"[""GOV"", ""Institucional"", ""Pessoa Física"", ""PJ Atacado"", ""PJ Varejo"", ""Private"", ""RPPS""]","[""GOV"", ""Institucional"", ""Pessoa Física"", ""PJ Atacado"", ""PJ Varejo"", ""Private"", ""RPPS""]",https://www.caixa.gov.br/fundos-investimento/fundos-de-acoes/fia-caixa-indexa-iagro/Paginas/default.aspx,,https://www.caixa.gov.br/downloads/aplicacao-financeira-regulamentos/RG_6620.pdf,https://www.caixa.gov.br/Downloads/aplicacao-financeira-termos-adesao/TA_6620.pdf,,https://www.caixa.gov.br/Downloads/aplicacao-financeira-inf-com/FIC_6620.pdf,,,2026-08-11T00:00:00Z,FI657,CAIXA FIF ACOES INDEXA IAGRO RESP LTDA,CAIXA INDEXA IAGRO FUNDO DE INVESTIMENTO FINANCEIRO EM AÇÕES - RESPONSABILIDADE LIMITADA,CAIXA FIF ACOES INDEXA IAGRO RESP LTDA 6620 45443601000107 45.443.601/0001-07,GERAL,17h00,Não,Não,100.0,AUTOMATICO,"PF, PJ PRIV, PJ PUB","FX, GC, GOV, GR, GV, INST, PJ Atacado, PJ Varejo, RPPS",https://www.caixa.gov.br/Downloads/aplicacao-financeira-qdd/QDD_6620.pdf,,,2022-06-14T00:00:00Z
ACOES,CAIXA FIC ACOES EXPERT VERDE AM LONG BIAS - RESP LTDA (1),CAIXA FIC ACOES EXPERT VERDE AM LONG BIAS - RESP LTDA (1),05/10/2020,-,-,-,-,-,-,PJ,PJ,https://www.caixa.gov.br/fundos-investimento/fundos-de-acoes/CAIXA-Expert-Verde-Am-Long-Bias-FIC-Acoes/Paginas/default.aspx,Sim,nome_aproximado_0.71,30068071000197,6994,6994,"PF, PJ","PF, PJ",Arrojado,IBOV,Ações,RV - Ações,AÇÕES,0.7,0.7,10000.0,100.0,1000.0,100.0,D+1 (du),D+22 (du),D+24 (du),13:00,Sim,Não,Não,Sim,"[""Institucional"", ""Pessoa Física"", ""PJ Atacado"", ""PJ Varejo"", ""Private""]","[""Institucional"", ""Pessoa Física"", ""PJ Atacado"", ""PJ Varejo"", ""Private""]",https://www.caixa.gov.br/fundos-investimento/fundos-de-acoes/CAIXA-Expert-Verde-Am-Long-Bias-FIC-Acoes/Paginas/default.aspx,,https://www.caixa.gov.br/downloads/aplicacao-financeira-regulamentos/RG_6994.pdf,https://www.caixa.gov.br/Downloads/aplicacao-financeira-termos-adesao/TA_6994.pdf,https://www.caixa.gov.br/Downloads/aplicacao-financeira-comunicado-aos-cotistas/FR_6994.pdf,https://www.caixa.gov.br/Downloads/aplicacao-financeira-inf-com/FIC_6994.pdf,,"Reaberto para novas aplicações a partir de 02/12/2025 (inclusive)

",2026-08-11T00:00:00Z,FI657,CAIXA EXPERT VERDE AM ACOES FIC FIF ACOES - RESP LTDA,CAIXA EXPERT VERDE AM AÇÕES FUNDO DE INVESTIMENTO EM COTAS DE CLASSE DE FUNDO DE INVESTIMENTO FINANCEIRO EM AÇÕES - RESPONSABILIDADE LIMITADA,CAIXA EXPERT VERDE AM ACOES FIC FIF ACOES - RESP LTDA 6994 30068071000197 30.068.071/0001-97,GERAL,13h00,Não,Não,100.0,AUTOMATICO,"PF, PJ PRIV","FX, GC, GR, GV, INST, PJ Atacado, PJ Varejo",,,,2020-10-05T00:00:00Z
ACOES,CAIXA EXPERT CLARITAS VALOR FIC FIF AÇÕES - RESP LTDA (1),CAIXA EXPERT CLARITAS VALOR FIC FIF ACOES - RESP LTDA (1),19/10/2020,-,-,-,-,-,-,PJ,PJ | RPPS,https://www.caixa.gov.br/fundos-investimento/fundos-de-acoes/caixa-expert-claritas-valor-fic-acoes/Paginas/default.aspx,Sim,nome_exato,30068060000107,6397,6397,"PF, PJ, GOV","PF, PJ, GOV",Arrojado,IBOV,Ações,RV - Ações,AÇÕES,0.6,,10000.0,100.0,1000.0,100.0,D+1 (du),D+23 (du),D+25 (du),13:00,Sim,Não,Não,Não,"[""GOV"", ""Institucional"", ""Pessoa Física"", ""PJ Atacado"", ""PJ Varejo"", ""Private"", ""RPPS""]","[""GOV"", ""Institucional"", ""Pessoa Física"", ""PJ Atacado"", ""PJ Varejo"", ""Private"", ""RPPS""]",https://www.caixa.gov.br/fundos-investimento/fundos-de-acoes/caixa-expert-claritas-valor-fic-acoes/Paginas/default.aspx,,https://www.caixa.gov.br/downloads/aplicacao-financeira-regulamentos/RG_6397.pdf,https://www.caixa.gov.br/Downloads/aplicacao-financeira-termos-adesao/TA_6397.pdf,,https://www.caixa.gov.br/Downloads/aplicacao-financeira-inf-com/FIC_6397.pdf,,"Este Fundo está adaptado às normas vigentes para RPPS                                                        ¹Condições excepcionais de estorno e movimentação retroativa estão descritas no TE099.

",2026-08-11T00:00:00Z,FI657,CAIXA EXPERT CLARITAS VALOR FIC FIF AÇÕES - RESP LTDA,CAIXA EXPERT CLARITAS VALOR FUNDO DE INVESTIMENTO EM COTAS DE CLASSE DE FUNDO DE INVESTIMENTO FINANCEIRO EM AÇÕES - RESPONSABILIDADE LIMITADA,CAIXA EXPERT CLARITAS VALOR FIC FIF AÇÕES - RESP LTDA 6397 30068060000107 30.068.060/0001-07,GERAL,13h00,Não,Não,,NÃO SE APLICA,"PF, PJ PRIV, PJ PUB","FX, GC, GOV, GR, GV, INST, PJ Atacado, PJ Varejo, RPPS",https://www.caixa.gov.br/Downloads/aplicacao-financeira-qdd/QDD_6397.pdf,,,2020-10-20T00:00:00Z
RENDA FIXA,CAIXA FIF BRASIL MATRIZ RF RESP LTDA,CAIXA FIF BRASIL MATRIZ RF RESP LTDA,17/12/2015,"2,67945800","0,053","0,59","8,80","14,68","8.925,970",RPPS,RPPS,https://www.caixa.gov.br/fundos-investimento/renda-fixa/fi-brasil-matriz-rf/Paginas/default.aspx,Sim,nome_exato,23215008000170,5982,5982,GOV,GOV,Conservador,CDI,Renda Fixa,RF até 49% Crédito Privado,LONGO PRAZO,0.2,0.2,0.01,0.01,0.01,0.01,D+0 (du),D+0 (du),D+00 (du),17:00,Sim,Não,Não,Sim,"[""GOV"", ""RPPS""]","[""GOV"", ""RPPS""]",http://www.caixa.gov.br/fundos-investimento/renda-fixa/fi-brasil-matriz-rf/,,https://www.caixa.gov.br/downloads/aplicacao-financeira-regulamentos/RG_5982.pdf,https://www.caixa.gov.br/Downloads/aplicacao-financeira-termos-adesao/TA_5982.pdf,,https://www.caixa.gov.br/Downloads/aplicacao-financeira-inf-com/FIC_5982.pdf,,Condições excepcionais de estorno e movimentação retroativa estão descritas no TE099.,2026-08-11T00:00:00Z,FI657,CAIXA BRASIL MATRIZ FIF RF - RESP LTDA,CAIXA BRASIL MATRIZ FUNDO DE INVESTIMENTO FINANCEIRO RENDA FIXA - RESPONSABILIDADE LIMITADA,CAIXA BRASIL MATRIZ FIF RF - RESP LTDA 5982 23215008000170 23.215.008/0001-70,GERAL,17h00,Não,Não,95.0,AUTOMATICO,PJ PUB,"GOV, RPPS",https://www.caixa.gov.br/Downloads/aplicacao-financeira-qdd/QDD_5982.pdf,https://web.microsoftstream.com/video/40583c46-21c1-4547-8443-856ee5a2beb3?channelId=772517ff-88ae-4298-88f2-3ed5a5893c3e,,2015-12-17T00:00:00Z
RENDA FIXA,CAIXA FIC FIF BRASIL GESTÃO ESTRATÉGICA RF RESP LTDA,CAIXA FIC FIF BRASIL GESTAO ESTRATEGICA RF RESP LTDA,04/11/2016,"2,45300400","0,084","0,38","6,51","11,64","3.359,504",RPPS,RPPS,https://www.caixa.gov.br/fundos-investimento/renda-fixa/caixa-fic-brasil-gestao-estrategica-rf,Sim,nome_exato,23215097000155,5993,5993,GOV,GOV,Moderado,IPCA,Renda Fixa,RF Ativo,LONGO PRAZO,0.4,0.4,0.01,0.01,0.01,0.01,D+0 (du),D+0 (du),D+00 (du),16:00,Sim,Não,Não,Sim,"[""GOV"", ""RPPS""]","[""GOV"", ""RPPS""]",http://www.caixa.gov.br/fundos-investimento/renda-fixa/caixa-fic-brasil-gestao-estrategica-rf,,https://www.caixa.gov.br/downloads/aplicacao-financeira-regulamentos/RG_5993.pdf,https://www.caixa.gov.br/Downloads/aplicacao-financeira-termos-adesao/TA_5993.pdf,,https://www.caixa.gov.br/Downloads/aplicacao-financeira-inf-com/FIC_5993.pdf,,"1. Para aplicação por meio de conta operação 1292, é necessário o cadastramento prévio de cotistas, conforme descrito no item Adesão, do FI612.
2. O procedimento de inclusão da conta deverá ser realizado sempre que houver qualquer aplicação por meio de conta operação 1292, mesmo para os clientes que já realizaram o cadastramento anteriormente.",2026-08-11T00:00:00Z,FI657,CAIXA BRASIL GESTAO ESTRATEGICA FIC FIF RF - RESP LTDA,CAIXA BRASIL GESTÃO ESTRATÉGICA FUNDO DE INVESTIMENTO EM COTAS DE CLASSE DE FUNDO DE INVESTIMENTO FINANCEIRO RENDA FIXA - RESPONSABILIDADE LIMITADA,CAIXA BRASIL GESTAO ESTRATEGICA FIC FIF RF - RESP LTDA 5993 23215097000155 23.215.097/0001-55,GERAL,16h00,Não,Não,90.0,AUTOMATICO,PJ PUB,RPPS,https://www.caixa.gov.br/Downloads/aplicacao-financeira-qdd/QDD_5993.pdf,https://web.microsoftstream.com/video/95da0d56-cc06-4781-a262-9d91a3e9b48d?channelId=772517ff-88ae-4298-88f2-3ed5a5893c3e,,2016-11-04T00:00:00Z
RENDA FIXA,CAIXA BRASIL INFLAÇÃO ATIVA FIF RF CRED PRIV RESP LTDA,CAIXA BRASIL INFLACAO ATIVA FIF RF CRED PRIV RESP LTDA,17/04/2015,"3,04606000","0,119","0,73","8,01","12,24","36,944",RPPS,RPPS,https://www.caixa.gov.br/fundos-investimento/renda-fixa/brasil-IPCA,Sim,nome_exato,21918896000162,5975,5975,GOV,GOV,Moderado,IPCA+6%,Renda Fixa,RF Índice de Preços,LONGO PRAZO,0.2,0.2,0.01,0.01,0.01,0.01,D+0 (du),D+0 (du),D+00 (du),17:00,Sim,Não,Não,Sim,"[""GOV"", ""RPPS""]","[""GOV"", ""RPPS""]",https://www.caixa.gov.br/fundos-investimento/renda-fixa/brasil-IPCA,,https://www.caixa.gov.br/downloads/aplicacao-financeira-regulamentos/RG_5975.pdf,https://www.caixa.gov.br/Downloads/aplicacao-financeira-termos-adesao/TA_5975.pdf,https://www.caixa.gov.br/Downloads/aplicacao-financeira-comunicado-aos-cotistas/FR_5975.pdf,https://www.caixa.gov.br/Downloads/aplicacao-financeira-inf-com/FIC_5975.pdf,,,2026-08-11T00:00:00Z,FI657,CAIXA BRASIL INFLAÇÃO ATIVA FIF RF CRED PRIV - RESP LTDA,CAIXA BRASIL INFLAÇÃO ATIVA FUNDO DE INVESTIMENTO FINANCEIRO RENDA FIXA CRÉDITO PRIVADO - RESPONSABILIDADE LIMITADA,CAIXA BRASIL INFLAÇÃO ATIVA FIF RF CRED PRIV - RESP LTDA 5975 21918896000162 21.918.896/0001-62,GERAL,17h00,Não,Não,90.0,AUTOMATICO,PJ PUB,RPPS,https://www.caixa.gov.br/Downloads/aplicacao-financeira-qdd/QDD_5975.pdf,,,2015-04-17T00:00:00Z
RENDA FIXA,CAIXA FIC FIF BRASIL RENDA FIXA ATIVA LP RESP LTDA,CAIXA FIC FIF BRASIL RENDA FIXA ATIVA LP RESP LTDA,15/04/2020,"1.681,49113500","0,057","0,54","7,14","12,23","466,249",RPPS,RPPS,https://www.caixa.gov.br/fundos-investimento/renda-fixa/brasil-IPCA/Paginas/default.aspx,Sim,nome_aproximado_0.83,35536532000122,6481,6481,GOV,GOV,Moderado,CDI,Renda Fixa,RF Ativo,LONGO PRAZO,0.4,,0.01,0.01,0.01,0.01,D+0 (du),D+0 (du),D+01 (du),16:00,Sim,Não,Não,Sim,"[""GOV"", ""RPPS""]","[""GOV"", ""RPPS""]",http://www.caixa.gov.br/fundos-investimento/renda-fixa/caixa-fic-brasil-renda-fixa-ativa-lp/Paginas/default.aspx,,https://www.caixa.gov.br/downloads/aplicacao-financeira-regulamentos/RG_6481.pdf,https://www.caixa.gov.br/Downloads/aplicacao-financeira-termos-adesao/TA_6481.pdf,,https://www.caixa.gov.br/Downloads/aplicacao-financeira-inf-com/FIC_6481.pdf,,¹Condições excepcionais de estorno e movimentação retroativa estão descritas no TE099.,2026-08-11T00:00:00Z,FI657,CAIXA BRASIL ATIVA FIC FIF RENDA FIXA LONGO PRAZO - RESP LTDA,CAIXA BRASIL ATIVA FUNDO DE INVESTIMENTO EM COTAS DE CLASSE DE FUNDO DE INVESTIMENTO FINANCEIRO RENDA FIXA LONGO PRAZO - RESPONSABILIDADE LIMITADA,CAIXA BRASIL ATIVA FIC FIF RENDA FIXA LONGO PRAZO - RESP LTDA 6481 35536532000122 35.536.532/0001-22,GERAL,16h00,Não,Não,100.0,AUTOMATICO,PJ PUB,RPPS,https://www.caixa.gov.br/Downloads/aplicacao-financeira-qdd/QDD_6481.pdf,,,2020-04-15T00:00:00Z
RENDA FIXA,CAIXA FI BRASIL IRF-M 1 TP RF,CAIXA FI BRASIL IRF-M 1 TP RF,28/05/2010,"4,60381100","0,056","0,54","8,50","14,23","11.413,505",RPPS,RPPS,https://www.caixa.gov.br/fundos-investimento/renda-fixa/fi-brasil-irfm-1-titulos-publicos-rf,Sim,nome_exato,10740670000106,5464,5464,GOV,GOV,Conservador,IRF-M 1,Renda Fixa,RF Prefixados,LONGO PRAZO,0.2,0.2,0.01,0.01,0.01,0.01,D+0 (du),D+0 (du),D+00 (du),17:00,Sim,Não,Não,Sim,"[""GOV"", ""RPPS""]","[""GOV"", ""RPPS""]",http://www.caixa.gov.br/fundos-investimento/renda-fixa/fi-brasil-irfm-1-titulos-publicos-rf,,https://www.caixa.gov.br/downloads/aplicacao-financeira-regulamentos/RG_5464.pdf,https://www.caixa.gov.br/Downloads/aplicacao-financeira-termos-adesao/TA_5464.pdf,,https://www.caixa.gov.br/Downloads/aplicacao-financeira-inf-com/FIC_5464.pdf,,"1.O Fundo tem como parâmetro de rentabilidade o Índice de Renda Fixa de Mercado 1 (IRF-M 1).
2.Para aplicação por meio de conta operação 1292, é necessário o cadastramento prévio de cotistas, conforme descrito no item Adesão, do FI612.
3.O procedimento de inclusão da conta deverá ser realizado sempre que houver qualquer aplicação por meio de conta operação 1292, mesmo para os clientes que já realizaram o cadastramento anteriormente.
¹Condições excepcionais de estorno e movimentação retroativa estão descritas no TE099.",2026-08-11T00:00:00Z,FI657,CAIXA BRASIL IRF-M 1 TP FIF RF - RESP LTDA,CAIXA BRASIL IRF-M 1 TÍTULOS PÚBLICOS FUNDO DE INVESTIMENTO FINANCEIRO RENDA FIXA - RESPONSABILIDADE LIMITADA,CAIXA BRASIL IRF-M 1 TP FIF RF - RESP LTDA 5464 10740670000106 10.740.670/0001-06,GERAL,17h00,Não,Não,95.0,AUTOMATICO,PJ PUB,RPPS,https://www.caixa.gov.br/Downloads/aplicacao-financeira-qdd/QDD_5464.pdf,https://web.microsoftstream.com/video/e092ed57-1ff7-4570-9897-57fc78b1a0c8?channelId=772517ff-88ae-4298-88f2-3ed5a5893c3e,,2010-05-28T00:00:00Z
RENDA FIXA,CAIXA FIF BRASIL IDKA IPCA 2A TIT PUB RF LP RESP LTDA,CAIXA FIF BRASIL IDKA IPCA 2A TIT PUB RF LP RESP LTDA,16/08/2012,"3,89431000","0,135","0,75","8,18","12,54","3.081,149",RPPS,RPPS,https://www.caixa.gov.br/fundos-investimento/renda-fixa/fi-brasil-idka-ipca-2a-rf-longo-prazo,Sim,nome_aproximado_0.67,14386926000171,5825,5825,GOV,GOV,Moderado,IDKA2,Renda Fixa,RF Prefixados,LONGO PRAZO,0.2,0.2,0.01,0.01,0.01,0.01,D+0 (du),D+0 (du),D+00 (du),16:00,Sim,Não,Não,Sim,"[""GOV"", ""RPPS""]","[""GOV"", ""RPPS""]",http://www.caixa.gov.br/fundos-investimento/renda-fixa/fi-brasil-idka-ipca-2a-rf-longo-prazo,,https://www.caixa.gov.br/downloads/aplicacao-financeira-regulamentos/RG_5825.pdf,https://www.caixa.gov.br/Downloads/aplicacao-financeira-termos-adesao/TA_5825.pdf,,https://www.caixa.gov.br/Downloads/aplicacao-financeira-inf-com/FIC_5825.pdf,,"1. O Fundo tem como parâmetro de rentabilidade o Índice de Duração Constante ANBIMA – segmento IPCA 2A (IDkA IPCA 2A).
2. Para aplicação por meio de conta operação 1292, é necessário o cadastramento prévio de cotistas, conforme descrito no item Adesão, do FI612.
3. O procedimento de inclusão da conta deverá ser realizado sempre que houver qualquer aplicação por meio de conta operação 1292, mesmo para os clientes que já realizaram o cadastramento anteriormente.
¹Condições excepcionais de estorno e movimentação retroativa estão descritas no TE099.",2026-08-11T00:00:00Z,FI657,CAIXA BRASIL IDKA IPCA 2A TP FIF RF LONGO PRAZO - RESP LTDA,CAIXA BRASIL IDKA IPCA 2A TÍTULOS PÚBLICOS FUNDO DE INVESTIMENTO FINANCEIRO RENDA FIXA LONGO PRAZO - RESPONSABILIDADE LIMITADA,CAIXA BRASIL IDKA IPCA 2A TP FIF RF LONGO PRAZO - RESP LTDA 5825 14386926000171 14.386.926/0001-71,GERAL,16h00,Não,Não,90.0,AUTOMATICO,PJ PUB,RPPS,https://www.caixa.gov.br/Downloads/aplicacao-financeira-qdd/QDD_5825.pdf,,,2012-08-16T00:00:00Z
RENDA FIXA,CAIXA FIF BRASIL IRF-M TP RF LP - RESP LTDA,CAIXA FIF BRASIL IRF-M TP RF LP - RESP LTDA,16/08/2012,"3,69793500","0,109","0,16","5,92","11,12","1.640,065",RPPS,RPPS,https://www.caixa.gov.br/fundos-investimento/renda-fixa/brasil-irf-m-titulos-publicos-renda-fixa-longo-prazo,Sim,nome_aproximado_0.83,10740670000106,5464,5464,GOV,GOV,Conservador,IRF-M 1,Renda Fixa,RF Prefixados,LONGO PRAZO,0.2,0.2,0.01,0.01,0.01,0.01,D+0 (du),D+0 (du),D+00 (du),17:00,Sim,Não,Não,Sim,"[""GOV"", ""RPPS""]","[""GOV"", ""RPPS""]",http://www.caixa.gov.br/fundos-investimento/renda-fixa/fi-brasil-irfm-1-titulos-publicos-rf,,https://www.caixa.gov.br/downloads/aplicacao-financeira-regulamentos/RG_5464.pdf,https://www.caixa.gov.br/Downloads/aplicacao-financeira-termos-adesao/TA_5464.pdf,,https://www.caixa.gov.br/Downloads/aplicacao-financeira-inf-com/FIC_5464.pdf,,"1.O Fundo tem como parâmetro de rentabilidade o Índice de Renda Fixa de Mercado 1 (IRF-M 1).
2.Para aplicação por meio de conta operação 1292, é necessário o cadastramento prévio de cotistas, conforme descrito no item Adesão, do FI612.
3.O procedimento de inclusão da conta deverá ser realizado sempre que houver qualquer aplicação por meio de conta operação 1292, mesmo para os clientes que já realizaram o cadastramento anteriormente.
¹Condições excepcionais de estorno e movimentação retroativa estão descritas no TE099.",2026-08-11T00:00:00Z,FI657,CAIXA BRASIL IRF-M 1 TP FIF RF - RESP LTDA,CAIXA BRASIL IRF-M 1 TÍTULOS PÚBLICOS FUNDO DE INVESTIMENTO FINANCEIRO RENDA FIXA - RESPONSABILIDADE LIMITADA,CAIXA BRASIL IRF-M 1 TP FIF RF - RESP LTDA 5464 10740670000106 10.740.670/0001-06,GERAL,17h00,Não,Não,95.0,AUTOMATICO,PJ PUB,RPPS,https://www.caixa.gov.br/Downloads/aplicacao-financeira-qdd/QDD_5464.pdf,https://web.microsoftstream.com/video/e092ed57-1ff7-4570-9897-57fc78b1a0c8?channelId=772517ff-88ae-4298-88f2-3ed5a5893c3e,,2010-05-28T00:00:00Z
RENDA FIXA,CAIXA FI BRASIL IMA-B TP RF LP,CAIXA FI BRASIL IMA-B TP RF LP,08/03/2010,"5,21097600","0,373","1,01","5,97","9,67","2.294,644",RPPS,RPPS,https://www.caixa.gov.br/fundos-investimento/renda-fixa/fi-brasil-ima-b-titulos-rf-longo-prazo,Sim,nome_aproximado_0.83,10740658000193,5184,5184,GOV,GOV,Moderado,IMA-B TOTAL,Renda Fixa,RF Índice de Preços,LONGO PRAZO,0.2,0.2,0.01,0.01,0.01,0.01,D+0 (du),D+0 (du),D+00 (du),16:00,Sim,Não,Não,Sim,"[""GOV"", ""RPPS""]","[""GOV"", ""RPPS""]",http://www.caixa.gov.br/fundos-investimento/renda-fixa/fi-brasil-ima-b-titulos-rf-longo-prazo,,https://www.caixa.gov.br/downloads/aplicacao-financeira-regulamentos/RG_5184.pdf,https://www.caixa.gov.br/Downloads/aplicacao-financeira-termos-adesao/TA_5184.pdf,,https://www.caixa.gov.br/Downloads/aplicacao-financeira-inf-com/FIC_5184.pdf,,"1. O Fundo tem como parâmetro de rentabilidade o Índice de Mercado ANBIMA série B (IMA-B).
2. Para aplicação por meio de conta operação 1292, é necessário o cadastramento prévio de cotistas, conforme descrito no item Adesão, do FI612.
3. O procedimento de inclusão da conta deverá ser realizado sempre que houver qualquer aplicação por meio de conta operação 1292, mesmo para os clientes que já realizaram o cadastramento anteriormente.
",2026-08-11T00:00:00Z,FI657,CAIXA BRASIL IMA-B TP FIF RF LONGO PRAZO - RESP LTDA,CAIXA BRASIL IMA-B TÍTULOS PÚBLICOS FUNDO DE INVESTIMENTO FINANCEIRO RENDA FIXA LONGO PRAZO - RESPONSABILIDADE LIMITADA,CAIXA BRASIL IMA-B TP FIF RF LONGO PRAZO - RESP LTDA 5184 10740658000193 10.740.658/0001-93,GERAL,16h00,Não,Não,90.0,AUTOMATICO,PJ PUB,RPPS,https://www.caixa.gov.br/Downloads/aplicacao-financeira-qdd/QDD_5184.pdf,,,2010-03-08T00:00:00Z
RENDA FIXA,CAIXA FIF BRASIL IMA-B 5 TP RF LP - RESP LTDA,CAIXA FIF BRASIL IMA-B 5 TP RF LP - RESP LTDA,09/07/2010,"5,29330000","0,123","0,76","8,42","12,64","5.604,657",RPPS,RPPS,https://www.caixa.gov.br/fundos-investimento/renda-fixa/fi-brasil-ima-b-5-titulos-publicos-rf-longo-prazo,Sim,nome_aproximado_0.71,11060913000110,5187,5187,GOV,GOV,Moderado,IMA-B 5,Renda Fixa,RF Índice de Preços,LONGO PRAZO,0.2,0.2,0.01,0.01,0.01,0.01,D+0 (du),D+0 (du),D+00 (du),16:00,Sim,Não,Não,Sim,"[""GOV"", ""RPPS""]","[""GOV"", ""RPPS""]",http://www.caixa.gov.br/fundos-investimento/renda-fixa/fi-brasil-ima-b-5-titulos-publicos-rf-longo-prazo,,https://www.caixa.gov.br/downloads/aplicacao-financeira-regulamentos/RG_5187.pdf,https://www.caixa.gov.br/Downloads/aplicacao-financeira-termos-adesao/TA_5187.pdf,,https://www.caixa.gov.br/Downloads/aplicacao-financeira-inf-com/FIC_5187.pdf,,,2026-08-11T00:00:00Z,FI657,CAIXA BRASIL IMA B 5 TP FIF RF LONGO PRAZO - RESP LTDA,CAIXA BRASIL IMA-B 5 TÍTULOS PÚBLICOS FUNDO DE INVESTIMENTO FINANCEIRO RENDA FIXA LONGO PRAZO - RESPONSABILIDADE LIMITADA,CAIXA BRASIL IMA B 5 TP FIF RF LONGO PRAZO - RESP LTDA 5187 11060913000110 11.060.913/0001-10,GERAL,16h00,Não,Não,90.0,AUTOMATICO,PJ PUB,RPPS,https://www.caixa.gov.br/Downloads/aplicacao-financeira-qdd/QDD_5187.pdf,,,2010-07-09T00:00:00Z
RENDA FIXA,CAIXA FIF BRASIL IMA GERAL TP RF LP - RESP LTDA,CAIXA FIF BRASIL IMA GERAL TP RF LP - RESP LTDA,08/07/2010,"4,84989100","0,140","0,59","7,44","12,62","477,722",RPPS,RPPS,https://www.caixa.gov.br/fundos-investimento/renda-fixa/fi-brasil-ima-geral-tp-rf-longo-prazo,Sim,nome_aproximado_0.86,11061217000128,5188,5188,GOV,GOV,Moderado,IMA-GERAL TOTAL,Renda Fixa,RF Índice de Preços,LONGO PRAZO,0.2,0.2,0.01,0.01,0.01,0.01,D+0 (du),D+0 (du),D+00 (du),16:00,Sim,Não,Não,Sim,"[""GOV"", ""RPPS""]","[""GOV"", ""RPPS""]",http://www.caixa.gov.br/fundos-investimento/renda-fixa/fi-brasil-ima-geral-tp-rf-longo-prazo,,https://www.caixa.gov.br/downloads/aplicacao-financeira-regulamentos/RG_5188.pdf,https://www.caixa.gov.br/Downloads/aplicacao-financeira-termos-adesao/TA_5188.pdf,,https://www.caixa.gov.br/Downloads/aplicacao-financeira-inf-com/FIC_5188.pdf,,"1. Para aplicação por meio de conta operação 1292, é necessário o cadastramento prévio de cotistas, conforme descrito no item Adesão, do FI612.
2. O procedimento de inclusão da conta deverá ser realizado sempre que houver qualquer aplicação por meio de conta operação 1292, mesmo para os clientes que já realizaram o cadastramento anteriormente.
¹Condições excepcionais de estorno e movimentação retroativa estão descritas no TE099.",2026-08-11T00:00:00Z,FI657,CAIXA BRASIL IMA GERAL TP FIF RF LONGO PRAZO - RESP LTDA,CAIXA BRASIL IMA GERAL TÍTULOS PÚBLICOS FUNDO DE INVESTIMENTO FINANCEIRO RENDA FIXA LONGO PRAZO - RESPONSABILIDADE LIMITADA,CAIXA BRASIL IMA GERAL TP FIF RF LONGO PRAZO - RESP LTDA 5188 11061217000128 11.061.217/0001-28,GERAL,16h00,Não,Não,90.0,AUTOMATICO,PJ PUB,RPPS,https://www.caixa.gov.br/Downloads/aplicacao-financeira-qdd/QDD_5188.pdf,,,2010-07-08T00:00:00Z
RENDA FIXA,CAIXA FIF RS TITULOS PUBLICOS RF LP - RESP LTDA,CAIXA FIF RS TITULOS PUBLICOS RF LP - RESP LTDA,18/07/2005,"8,16113500","0,055","0,57","8,61","14,40","163,651",RPPS,RPPS,https://www.caixa.gov.br/fundos-investimento/renda-fixa/fi-rs-titulos-publicos-rf-longo-prazo,Sim,nome_aproximado_0.67,05164358000173,5461,5461,GOV,GOV,Conservador,CDI,Renda Fixa,RF 100% TPF - Curto Prazo,CURTO PRAZO,0.2,0.2,0.01,0.01,0.01,0.01,D+0 (du),D+0 (du),D+00 (du),17:00,Sim,Não,Não,Sim,"[""GOV"", ""RPPS""]","[""GOV"", ""RPPS""]",http://www.caixa.gov.br/fundos-investimento/renda-fixa/fic-alianca-rf,,https://www.caixa.gov.br/downloads/aplicacao-financeira-regulamentos/RG_5461.pdf,https://www.caixa.gov.br/Downloads/aplicacao-financeira-termos-adesao/TA_5461.pdf,,https://www.caixa.gov.br/Downloads/aplicacao-financeira-inf-com/FIC_5461.pdf,,¹Condições excepcionais de estorno e movimentação retroativa estão descritas no TE099.,2026-08-11T00:00:00Z,FI657,CAIXA FIF ALIANCA TITULOS PUBLICOS RF CURTO PRAZO - RESP LTDA,CAIXA ALIANÇA TÍTULOS PÚBLICOS FUNDO DE INVESTIMENTO FINANCEIRO RENDA FIXA CURTO PRAZO - RESPONSABILIDADE LIMITADA,CAIXA FIF ALIANCA TITULOS PUBLICOS RF CURTO PRAZO - RESP LTDA 5461 05164358000173 05.164.358/0001-73,GERAL,17h00,Não,Não,95.0,AUTOMATICO,PJ PUB,"GOV, RPPS",https://www.caixa.gov.br/Downloads/aplicacao-financeira-qdd/QDD_5461.pdf,,,2005-11-01T00:00:00Z
RENDA FIXA,CAIXA FIF BRASIL IMA-B 5+ TP RF LP - RESP LTDA,CAIXA FIF BRASIL IMA-B 5+ TP RF LP - RESP LTDA,18/04/2012,"3,47206400","0,580","1,22","4,06","7,38","693,806",RPPS,RPPS,https://www.caixa.gov.br/fundos-investimento/renda-fixa/fi-brasil-ima-b-5_mais-titulos-publicos-rf-lp/Paginas/default.aspx,Sim,nome_aproximado_0.86,10577503000188,5568,5568,GOV,GOV,Moderado,IMA-B 5+,Renda Fixa,RF Índice de Preços,LONGO PRAZO,0.2,0.2,0.01,0.01,0.01,0.01,D+0 (du),D+0 (du),D+00 (du),16:00,Sim,Não,Não,Sim,"[""GOV"", ""RPPS""]","[""GOV"", ""RPPS""]",http://www.caixa.gov.br/fundos-investimento/renda-fixa/fi-brasil-ima-b-5_mais-titulos-publicos-rf-lp/Paginas/default.aspx,,https://www.caixa.gov.br/downloads/aplicacao-financeira-regulamentos/RG_5568.pdf,https://www.caixa.gov.br/Downloads/aplicacao-financeira-termos-adesao/TA_5568.pdf,,https://www.caixa.gov.br/Downloads/aplicacao-financeira-inf-com/FIC_5568.pdf,,"1. O Fundo tem como parâmetro de rentabilidade o Índice de Mercado da ANBIMA B 5 (IMA-B 5).
2. Para aplicação por meio de conta operação 1292, é necessário o cadastramento prévio de cotistas, conforme descrito no item Adesão, do FI612.
3. O procedimento de inclusão da conta deverá ser realizado sempre que houver qualquer aplicação por meio de conta operação 1292, mesmo para os clientes que já realizaram o cadastramento anteriormente.",2026-08-11T00:00:00Z,FI657,CAIXA BRASIL IMA-B 5+ TP FIF RF LONGO PRAZO - RESP LTDA,CAIXA BRASIL IMA B 5+ TITULOS PÚBLICOS FUNDO DE INVESTIMENTO FINANCEIRO RENDA FIXA LONGO PRAZO - RESPONSABILIDADE LIMITADA,CAIXA BRASIL IMA-B 5+ TP FIF RF LONGO PRAZO - RESP LTDA 5568 10577503000188 10.577.503/0001-88,GERAL,16h00,Não,Não,90.0,AUTOMATICO,PJ PUB,RPPS,https://www.caixa.gov.br/Downloads/aplicacao-financeira-qdd/QDD_5568.pdf,,,2012-04-18T00:00:00Z
RENDA FIXA,CAIXA FI BRASIL IRF-M 1+ TP RF LP,CAIXA FI BRASIL IRF-M 1+ TP RF LP,11/05/2012,"3,82016300","0,127","0,04","5,05","10,01","622,762",RPPS,RPPS,https://www.caixa.gov.br/fundos-investimento/renda-fixa/fi-brasil-irfm-1-titulos-publicos-rf-longo-prazo/,Sim,nome_aproximado_0.71,10740670000106,5464,5464,GOV,GOV,Conservador,IRF-M 1,Renda Fixa,RF Prefixados,LONGO PRAZO,0.2,0.2,0.01,0.01,0.01,0.01,D+0 (du),D+0 (du),D+00 (du),17:00,Sim,Não,Não,Sim,"[""GOV"", ""RPPS""]","[""GOV"", ""RPPS""]",http://www.caixa.gov.br/fundos-investimento/renda-fixa/fi-brasil-irfm-1-titulos-publicos-rf,,https://www.caixa.gov.br/downloads/aplicacao-financeira-regulamentos/RG_5464.pdf,https://www.caixa.gov.br/Downloads/aplicacao-financeira-termos-adesao/TA_5464.pdf,,https://www.caixa.gov.br/Downloads/aplicacao-financeira-inf-com/FIC_5464.pdf,,"1.O Fundo tem como parâmetro de rentabilidade o Índice de Renda Fixa de Mercado 1 (IRF-M 1).
2.Para aplicação por meio de conta operação 1292, é necessário o cadastramento prévio de cotistas, conforme descrito no item Adesão, do FI612.
3.O procedimento de inclusão da conta deverá ser realizado sempre que houver qualquer aplicação por meio de conta operação 1292, mesmo para os clientes que já realizaram o cadastramento anteriormente.
¹Condições excepcionais de estorno e movimentação retroativa estão descritas no TE099.",2026-08-11T00:00:00Z,FI657,CAIXA BRASIL IRF-M 1 TP FIF RF - RESP LTDA,CAIXA BRASIL IRF-M 1 TÍTULOS PÚBLICOS FUNDO DE INVESTIMENTO FINANCEIRO RENDA FIXA - RESPONSABILIDADE LIMITADA,CAIXA BRASIL IRF-M 1 TP FIF RF - RESP LTDA 5464 10740670000106 10.740.670/0001-06,GERAL,17h00,Não,Não,95.0,AUTOMATICO,PJ PUB,RPPS,https://www.caixa.gov.br/Downloads/aplicacao-financeira-qdd/QDD_5464.pdf,https://web.microsoftstream.com/video/e092ed57-1ff7-4570-9897-57fc78b1a0c8?channelId=772517ff-88ae-4298-88f2-3ed5a5893c3e,,2010-05-28T00:00:00Z
RENDA FIXA,CAIXA FIF BRASIL TITULOS PUBLICOS RF LP - RESP LTDA,CAIXA FIF BRASIL TITULOS PUBLICOS RF LP - RESP LTDA,10/02/2006,"7,36732000","0,055","0,57","8,66","14,47","12.639,587",RPPS,RPPS,https://www.caixa.gov.br/fundos-investimento/renda-fixa/fi-brasil-titulos-publicos-rf-longo-prazo,Sim,nome_aproximado_0.67,05164358000173,5461,5461,GOV,GOV,Conservador,CDI,Renda Fixa,RF 100% TPF - Curto Prazo,CURTO PRAZO,0.2,0.2,0.01,0.01,0.01,0.01,D+0 (du),D+0 (du),D+00 (du),17:00,Sim,Não,Não,Sim,"[""GOV"", ""RPPS""]","[""GOV"", ""RPPS""]",http://www.caixa.gov.br/fundos-investimento/renda-fixa/fic-alianca-rf,,https://www.caixa.gov.br/downloads/aplicacao-financeira-regulamentos/RG_5461.pdf,https://www.caixa.gov.br/Downloads/aplicacao-financeira-termos-adesao/TA_5461.pdf,,https://www.caixa.gov.br/Downloads/aplicacao-financeira-inf-com/FIC_5461.pdf,,¹Condições excepcionais de estorno e movimentação retroativa estão descritas no TE099.,2026-08-11T00:00:00Z,FI657,CAIXA FIF ALIANCA TITULOS PUBLICOS RF CURTO PRAZO - RESP LTDA,CAIXA ALIANÇA TÍTULOS PÚBLICOS FUNDO DE INVESTIMENTO FINANCEIRO RENDA FIXA CURTO PRAZO - RESPONSABILIDADE LIMITADA,CAIXA FIF ALIANCA TITULOS PUBLICOS RF CURTO PRAZO - RESP LTDA 5461 05164358000173 05.164.358/0001-73,GERAL,17h00,Não,Não,95.0,AUTOMATICO,PJ PUB,"GOV, RPPS",https://www.caixa.gov.br/Downloads/aplicacao-financeira-qdd/QDD_5461.pdf,,,2005-11-01T00:00:00Z
RENDA FIXA,CAIXA FIF ALIANÇA TP RF CURTO PRAZO - RESP LTDA,CAIXA FIF ALIANCA TP RF CURTO PRAZO - RESP LTDA,01/11/2005,"7,69460300","0,050","0,56","8,61","14,41","3.784,003",RPPS,RPPS,https://www.caixa.gov.br/fundos-investimento/renda-fixa/fic-alianca-rf,Sim,nome_aproximado_0.83,05164358000173,5461,5461,GOV,GOV,Conservador,CDI,Renda Fixa,RF 100% TPF - Curto Prazo,CURTO PRAZO,0.2,0.2,0.01,0.01,0.01,0.01,D+0 (du),D+0 (du),D+00 (du),17:00,Sim,Não,Não,Sim,"[""GOV"", ""RPPS""]","[""GOV"", ""RPPS""]",http://www.caixa.gov.br/fundos-investimento/renda-fixa/fic-alianca-rf,,https://www.caixa.gov.br/downloads/aplicacao-financeira-regulamentos/RG_5461.pdf,https://www.caixa.gov.br/Downloads/aplicacao-financeira-termos-adesao/TA_5461.pdf,,https://www.caixa.gov.br/Downloads/aplicacao-financeira-inf-com/FIC_5461.pdf,,¹Condições excepcionais de estorno e movimentação retroativa estão descritas no TE099.,2026-08-11T00:00:00Z,FI657,CAIXA FIF ALIANCA TITULOS PUBLICOS RF CURTO PRAZO - RESP LTDA,CAIXA ALIANÇA TÍTULOS PÚBLICOS FUNDO DE INVESTIMENTO FINANCEIRO RENDA FIXA CURTO PRAZO - RESPONSABILIDADE LIMITADA,CAIXA FIF ALIANCA TITULOS PUBLICOS RF CURTO PRAZO - RESP LTDA 5461 05164358000173 05.164.358/0001-73,GERAL,17h00,Não,Não,95.0,AUTOMATICO,PJ PUB,"GOV, RPPS",https://www.caixa.gov.br/Downloads/aplicacao-financeira-qdd/QDD_5461.pdf,,,2005-11-01T00:00:00Z
RENDA FIXA,CAIXA FIC FIF BRASIL IDKA PRE 2A RF LP RESP LTDA,CAIXA FIC FIF BRASIL IDKA PRE 2A RF LP RESP LTDA,21/09/2022,"1,47953200","0,116","0,17","6,10","11,23","159,221",RPPS,RPPS,https://www.caixa.gov.br/fundos-investimento/renda-fixa/fic-caixa-brasil-idka-pre2a-rf-lp/Paginas/default.aspx,Sim,nome_exato,45163710000170,6634,6634,GOV,GOV,Moderado,IDKA PRÉ 2A,Renda Fixa,RF Prefixados,LONGO PRAZO,0.2,0.2,0.01,0.01,0.01,0.01,D+0 (du),D+0 (du),D+00 (du),16:00,Sim,Não,Não,Sim,"[""GOV"", ""RPPS""]","[""GOV"", ""RPPS""]",https://www.caixa.gov.br/fundos-investimento/renda-fixa/fic-caixa-brasil-idka-pre2a-rf-lp/Paginas/default.aspx,,https://www.caixa.gov.br/downloads/aplicacao-financeira-regulamentos/RG_6634.pdf,https://www.caixa.gov.br/Downloads/aplicacao-financeira-termos-adesao/TA_6634.pdf,,https://www.caixa.gov.br/Downloads/aplicacao-financeira-inf-com/FIC_6634.pdf,,,2026-08-11T00:00:00Z,FI657,CAIXA FIC FIF BRASIL IDKA PRE 2A RF LP - RESP LTDA,CAIXA BRASIL IDKA PRE 2A FUNDO DE INVESTIMENTO EM COTAS DE CLASSE DE FUNDO DE INVESTIMENTO FINANCEIRO RENDA FIXA LONGO PRAZO - RESP LIMITADA,CAIXA FIC FIF BRASIL IDKA PRE 2A RF LP - RESP LTDA 6634 45163710000170 45.163.710/0001-70,GERAL,16h00,Não,Não,90.0,AUTOMATICO,PJ PUB,RPPS,https://www.caixa.gov.br/Downloads/aplicacao-financeira-qdd/QDD_6634.pdf,,,2022-09-21T00:00:00Z
RENDA FIXA,CAIXA FIC FIF BRASIL DISPONIBILIDADES SIMPLES RF RESP LTDA,CAIXA FIC FIF BRASIL DISPONIBILIDADES SIMPLES RF RESP LTDA,30/08/2012,"3,21983000","0,048","0,53","8,16","13,58","1.609,925",RPPS,RPPS,https://www.caixa.gov.br/fundos-investimento/renda-fixa/brasil-disponibilidades,Sim,nome_aproximado_1.00,14508643000155,5826,5826,GOV,GOV,Conservador,CDI,Renda Fixa,RF 100% TPF,LONGO PRAZO,0.8,0.8,100.0,10.0,0.01,0.01,D+0 (du),D+0 (du),D+00 (du),18:00,Sim,Não,Sim,Não,"[""GOV"", ""RPPS""]","[""GOV"", ""RPPS""]",http://www.caixa.gov.br/fundos-investimento/renda-fixa/brasil-disponibilidades,,https://www.caixa.gov.br/downloads/aplicacao-financeira-regulamentos/RG_5826.pdf,https://www.caixa.gov.br/Downloads/aplicacao-financeira-termos-adesao/TA_5826.pdf,,https://www.caixa.gov.br/Downloads/aplicacao-financeira-inf-com/FIC_5826.pdf,,"O Fundo exige cadastramento prévio da conta, para orientações consultar o FI657 - Anexo IV

OBS: O Fundo possui a funcionalidade de Aplicação e Resgate Automáticos em caso de adesão pelo cotista, o gerente deverá proceder à contratação no SIART. Para ativar a funcionalidade de Aplicação e Resgate Automáticos, acessar o SIART -> Movimentação Automática -> Marcar

As regras da funcionalidade de Movimentação Automática estão descritas no MN TE099. O fundo não possui adiantamento de resgate, os resgates efetuados ficarão disponíveis no processamento noturno.",2026-08-11T00:00:00Z,FI657,CAIXA BRASIL DISPONIBILIDADES FIC FIF RF SIMPLES - RESP LTDA,CAIXA BRASIL DISPONIBILIDADES FUNDO DE INVESTIMENTO EM COTAS DE CLASSE DE FUNDO DE INVESTIMENTO FINANCEIRO RENDA FIXA SIMPLES - RESP LIMITADA,CAIXA BRASIL DISPONIBILIDADES FIC FIF RF SIMPLES - RESP LTDA 5826 14508643000155 14.508.643/0001-55,GERAL,18h00,Não,Não,,NÃO SE APLICA,PJ PUB,RPPS,https://www.caixa.gov.br/Downloads/aplicacao-financeira-qdd/QDD_5826.pdf,,,2012-08-30T00:00:00Z
RENDA FIXA REFERENCIADO,CAIXA FIC FIF BRASIL RF REFER DI LONGO PRAZO RESP LTDA,CAIXA FIC FIF BRASIL RF REFER DI LONGO PRAZO RESP LTDA,05/07/2006,"6,90726700","0,051","0,59","8,83","14,75","22.720,371",RPPS,RPPS | TODOS,https://www.caixa.gov.br/fundos-investimento/referenciados/fi-brasil-ref-di-longo-prazo,Sim,nome_aproximado_0.86,03737206000197,5404,5404,GOV,GOV,Conservador,CDI,Renda Fixa,RF DI até 49% Crédito Privado,LONGO PRAZO,0.2,0.2,0.01,0.01,0.01,0.01,D+0 (du),D+0 (du),D+00 (du),17:00,Sim,Não,Não,Sim,"[""GOV"", ""RPPS""]","[""GOV"", ""RPPS""]",http://www.caixa.gov.br/fundos-investimento/referenciados/fi-brasil-ref-di-longo-prazo,,https://www.caixa.gov.br/downloads/aplicacao-financeira-regulamentos/RG_5404.pdf,https://www.caixa.gov.br/Downloads/aplicacao-financeira-termos-adesao/TA_5404.pdf,,https://www.caixa.gov.br/Downloads/aplicacao-financeira-inf-com/FIC_5404.pdf,,"1. Para aplicação por meio de conta operação 003, é necessário o cadastramento prévio de cotistas, conforme descrito no item Adesão, do FI612.

2. O procedimento de inclusão da conta deverá ser realizado sempre que houver qualquer aplicação por meio de conta operação 003, mesmo para os clientes que já realizaram o cadastramento anteriormente.",2026-08-11T00:00:00Z,FI657,CAIXA BRASIL FIC FIF RF REFERENCIADO DI LONGO PRAZO - RESP LTDA,CAIXA BRASIL FUNDO DE INVESTIMENTO EM COTAS DE CLASSE DE FUNDO DE INVESTIMENTO FINANCEIRO RENDA FIXA REFERENCIADO DI LONGO PRAZO - RESP LIMITADA,CAIXA BRASIL FIC FIF RF REFERENCIADO DI LONGO PRAZO - RESP LTDA 5404 03737206000197 03.737.206/0001-97,GERAL,17h00,Não,Não,95.0,AUTOMATICO,PJ PUB,"GOV, RPPS",https://www.caixa.gov.br/Downloads/aplicacao-financeira-qdd/QDD_5404.pdf,https://web.microsoftstream.com/video/f88f1fc7-aac3-44df-a2a5-ce3ac05edfb3?channelId=772517ff-88ae-4298-88f2-3ed5a5893c3e,,2006-07-05T00:00:00Z
RENDA FIXA REFERENCIADO,CAIXA FIC FIF NOVO BRASIL RF IMA-B LP RESP LTDA,CAIXA FIC FIF NOVO BRASIL RF IMA-B LP RESP LTDA,27/10/2009,"5,58632500","0,374","1,03","6,28","10,10","586,515",RPPS,RPPS | TODOS,https://www.caixa.gov.br/fundos-investimento/renda-fixa/fic-novo-brasil-ima-b-rf-longo-prazo,Sim,nome_aproximado_0.83,10646895000190,5168,5168,GOV,GOV,Moderado,IMA-B 5,Renda Fixa,RF Índice de Preços,LONGO PRAZO,0.2,0.2,0.01,0.01,0.01,0.01,D+0 (du),D+0 (du),D+00 (du),17:00,Sim,Não,Não,Sim,"[""GOV"", ""RPPS""]","[""GOV"", ""RPPS""]",http://www.caixa.gov.br/fundos-investimento/renda-fixa/fic-novo-brasil-ima-b-rf-longo-prazo,,https://www.caixa.gov.br/downloads/aplicacao-financeira-regulamentos/RG_5168.pdf,https://www.caixa.gov.br/Downloads/aplicacao-financeira-termos-adesao/TA_5168.pdf,,https://www.caixa.gov.br/Downloads/aplicacao-financeira-inf-com/FIC_5168.pdf,,"1. Para aplicação por meio de conta operação 1292, é necessário o cadastramento prévio de cotistas, conforme descrito no item no item Adesão, do FI612.
2. O procedimento de inclusão da conta deverá ser realizado sempre que houver qualquer aplicação por meio de conta operação 1292, mesmo para os clientes que já realizaram o cadastramento anteriormente.",2026-08-11T00:00:00Z,FI657,CAIXA NOVO BRASIL IMA-B FIC FIF RF LONGO PRAZO - RESP LTDA,CAIXA NOVO BRASIL IMA-B FUNDO DE INVESTIMENTO EM COTAS DE CLASSE DE FUNDO DE INVESTIMENTO FINANCEIRO RENDA FIXA LONGO PRAZO - RESP LIMITADA,CAIXA NOVO BRASIL IMA-B FIC FIF RF LONGO PRAZO - RESP LTDA 5168 10646895000190 10.646.895/0001-90,GERAL,17h00,Não,Não,90.0,AUTOMATICO,PJ PUB,RPPS,https://www.caixa.gov.br/Downloads/aplicacao-financeira-qdd/QDD_5168.pdf,,,2009-10-27T00:00:00Z
MULTIMERCADO,CAIXA FIF INDEXA OURO MULTIMERCADO LP RESP LTDA,CAIXA FIF INDEXA OURO MULTIMERCADO LP RESP LTDA,15/02/2013,"4,70499000","0,830","9,56","5,89","40,06","550,132",RPPS,RPPS,https://www.caixa.gov.br/fundos-investimento/multimercado/fi-ouro-multimercado-longo-prazo,Sim,nome_exato,16916060000199,5902,5902,"PF, PJ","PF, PJ",Moderado,NÃO SE APLICA,Multimercado,Multimercado,LONGO PRAZO,0.8,0.8,0.01,0.01,0.01,0.01,D+0 (du),D+1 (du),D+02 (du),16:00,Sim,Não,Não,Sim,"[""Institucional"", ""Pessoa Física"", ""PJ Atacado"", ""PJ Varejo"", ""Private""]","[""Institucional"", ""Pessoa Física"", ""PJ Atacado"", ""PJ Varejo"", ""Private""]",http://www.caixa.gov.br/fundos-investimento/multimercado/fi-ouro-multimercado-longo-prazo,,https://www.caixa.gov.br/downloads/aplicacao-financeira-regulamentos/RG_5902.pdf,https://www.caixa.gov.br/Downloads/aplicacao-financeira-termos-adesao/TA_5902.pdf,,https://www.caixa.gov.br/Downloads/aplicacao-financeira-inf-com/FIC_5902.pdf,,"Pessoas físicas e jurídicas, na forma da regulamentação aplicável. A contagem para conversão de cotas e pagamento do resgate é feita em dias úteis, conforme estabelecido no Regulamento do Fundo.",2026-08-11T00:00:00Z,FI657,CAIXA FIF INDEXA OURO MULTIMERCADO LP - RESP LTDA,CAIXA INDEXA OURO FUNDO DE INVESTIMENTO FINANCEIRO MULTIMERCADO LONGO PRAZO - RESPONSABILIDADE LIMITADA,CAIXA FIF INDEXA OURO MULTIMERCADO LP - RESP LTDA 5902 16916060000199 16.916.060/0001-99,GERAL,16h00,Não,Não,100.0,AUTOMATICO,"PF, PJ PRIV","FX, GC, GR, GV, INST, PJ Atacado, PJ Varejo",,,,2013-02-15T00:00:00Z
MULTIMERCADO,CAIXA FIC FIF BRASIL ESTRATÉGIA LIVRE MM LP RESP LTDA (1),CAIXA FIC FIF BRASIL ESTRATEGIA LIVRE MM LP RESP LTDA (1),21/10/2019,-,-,-,-,-,-,RPPS,RPPS,https://www.caixa.gov.br/fundos-investimento/multimercado/estrategia-livre-mm-lp/Paginas/default.aspx,Sim,nome_aproximado_0.83,34660276000118,6439,6439,GOV,GOV,Moderado,CDI,Multimercado,Multimercado,LONGO PRAZO,1.5,,0.01,0.01,0.01,0.01,D+1 (du),D+13 (du),D+15 (du),14:30,Sim,Não,Não,Não,"[""GOV"", ""RPPS""]","[""GOV"", ""RPPS""]",https://www.caixa.gov.br/fundos-investimento/rpps/brasil-estrategia-livre-mm-lp,,https://www.caixa.gov.br/downloads/aplicacao-financeira-regulamentos/RG_6439.pdf,https://www.caixa.gov.br/Downloads/aplicacao-financeira-termos-adesao/TA_6439.pdf,,https://www.caixa.gov.br/Downloads/aplicacao-financeira-inf-com/FIC_6439.pdf,,,2026-08-11T00:00:00Z,FI657,CAIXA BRASIL ESTRATEGIA LIVRE FIC FIF MM LONGO PRAZO - RESP LTDA,CAIXA BRASIL ESTRATÉGIA LIVRE FUNDO DE INVESTIMENTO EM COTAS DE CLASSE DE FUNDO DE INVESTIMENTO FINANCEIRO MULTIMERCADO LONGO PRAZO - RESPONSABILIDADE,CAIXA BRASIL ESTRATEGIA LIVRE FIC FIF MM LONGO PRAZO - RESP LTDA 6439 34660276000118 34.660.276/0001-18,GERAL,14h30,Não,Não,,NÃO SE APLICA,PJ PUB,RPPS,https://www.caixa.gov.br/Downloads/aplicacao-financeira-qdd/QDD_6439.pdf,,,2019-10-23T00:00:00Z
ACOES,CAIXA FIF AÇOES BRASIL IBOVESPA RESP LTDA,CAIXA FIF ACOES BRASIL IBOVESPA RESP LTDA,29/07/2011,"3,74385300","-0,088","-6,17","3,40","21,91","274,593",RPPS,RPPS,https://www.caixa.gov.br/fundos-investimento/fundos-de-acoes/fi-acoes-brasil-ibovespa/Paginas/default.aspx,Sim,nome_aproximado_1.00,13058816000118,5445,5445,"PJ, GOV","PJ, GOV",Arrojado,IBOV,Ações,RV - Ações,AÇÕES,0.5,0.5,0.01,0.01,0.01,0.01,D+1 (du),D+1 (du),D+03 (du),17:00,Sim,Não,Não,Sim,"[""GOV"", ""RPPS""]","[""GOV"", ""RPPS""]",http://www.caixa.gov.br/fundos-investimento/fundos-de-acoes/fi-acoes-brasil-ibovespa/Paginas/default.aspx,,http://www.caixa.gov.br/downloads/aplicacao-financeira-regulamentos/RG_5445.pdf,https://www.caixa.gov.br/Downloads/aplicacao-financeira-termos-adesao/TA_5445.pdf,https://www.caixa.gov.br/Downloads/aplicacao-financeira-comunicado-aos-cotistas/FR_5445.pdf,https://www.caixa.gov.br/Downloads/aplicacao-financeira-inf-com/FIC_5445.pdf,,,2026-08-11T00:00:00Z,FI657,CAIXA BRASIL INDEXA IBOVESPA FIF ACOES - RESP LTDA,CAIXA BRASIL INDEXA IBOVESPA FUNDO DE INVESTIMENTO FINANCEIRO EM AÇÕES - RESPONSABILIDADE LIMITADA,CAIXA BRASIL INDEXA IBOVESPA FIF ACOES - RESP LTDA 5445 13058816000118 13.058.816/0001-18,GERAL,17h00,Não,Não,100.0,AUTOMATICO,"PJ PRIV, PJ PUB",RPPS,https://www.caixa.gov.br/Downloads/aplicacao-financeira-qdd/QDD_5445.pdf,,,2011-07-29T00:00:00Z
ACOES,CAIXA FIF AÇÕES BRASIL ETF IBOVESPA RESP LTDA,CAIXA FIF ACOES BRASIL ETF IBOVESPA RESP LTDA,27/11/2012,"3,44880900","0,035","-5,91","3,44","21,71","7,189",RPPS,RPPS,https://www.caixa.gov.br/fundos-investimento/fundos-de-acoes/fi-acoes-brasil-etf-bovespa,Sim,nome_aproximado_1.00,15154236000150,5842,5842,GOV,GOV,Arrojado,IBOV,Ações,RV - Ações,AÇÕES,0.5,0.5,0.01,0.01,0.01,0.01,D+1 (du),D+1 (du),D+03 (du),17:00,Não,Não,Não,Sim,"[""GOV"", ""RPPS""]","[""GOV"", ""RPPS""]",http://www.caixa.gov.br/fundos-investimento/fundos-de-acoes/fi-acoes-brasil-etf-bovespa,,http://www.caixa.gov.br/downloads/aplicacao-financeira-regulamentos/RG_5842.pdf,http://www.caixa.gov.br/Downloads/aplicacao-financeira-termos-adesao/TA_5842.pdf,http://www.caixa.gov.br/Downloads/aplicacao-financeira-comunicado-aos-cotistas/FR_5842.pdf,http://www.caixa.gov.br/Downloads/aplicacao-financeira-inf-com/FIC_5842.pdf,,"Fundo fechado para novas aplicações, a novos investidores e cotistas atuais a partir de 03/04/2023 (inclusive)	",2026-08-11T00:00:00Z,FI657,CAIXA BRASIL ETF IBOVESPA FIF ACOES - RESP LTDA,CAIXA BRASIL ETF IBOVESPA FUNDO DE INVESTIMENTO FINANCEIRO EM AÇÕES - RESPONSABILIDADE LIMITADA,CAIXA BRASIL ETF IBOVESPA FIF ACOES - RESP LTDA 5842 15154236000150 15.154.236/0001-50,GERAL,17h00,Não,Não,100.0,AUTOMATICO,PJ PUB,"GOV, RPPS",http://www.caixa.gov.br/Downloads/aplicacao-financeira-qdd/QDD_5842.pdf,,,2012-11-27T00:00:00Z
ACOES,CAIXA FIF AÇÕES INSTITUCIONAL BDR NIVEL I RESP LTDA,CAIXA FIF ACOES INSTITUCIONAL BDR NIVEL I RESP LTDA,24/06/2013,"11,88710600","-0,905","6,24","7,41","19,56","2.394,918",RPPS,RPPS,https://www.caixa.gov.br/fundos-investimento/fundos-de-acoes/FIA-Institucional-BDR-nivel-I/Paginas/default.aspx,Sim,nome_aproximado_1.00,17502937000168,5929,5929,"PJ, GOV","PJ, GOV",Arrojado,BDRX11,Ações,RV - Ações,AÇÕES,0.7,0.7,0.01,0.01,0.01,0.01,D+1 (du),D+1 (du),D+03 (du),17:00,Sim,Não,Não,,"[""GOV""]","[""GOV""]",https://www.caixa.gov.br/fundos-investimento/fundos-de-acoes/FIA-Institucional-BDR-nivel-I/Paginas/default.aspx,,https://www.caixa.gov.br/downloads/aplicacao-financeira-regulamentos/RG_5929.pdf,https://www.caixa.gov.br/Downloads/aplicacao-financeira-termos-adesao/TA_5929.pdf,,https://www.caixa.gov.br/Downloads/aplicacao-financeira-inf-com/FIC_5929.pdf,,"Este Fundo está adaptado às normas vigentes para RPPS (Regimes Próprios de Previdência Social). As movimentações devem ser solicitadas por meio do Boleta Fundos: https://caixa.sharepoint.com/sites/5419/SitePages/Boleta-Fundos.aspx. Para orientações, verficar o FI657.",2026-08-11T00:00:00Z,FI657,CAIXA INSTITUCIONAL BDR NIVEL I FIF ACOES - RESP LTDA,CAIXA INSTITUCIONAL BDR NÍVEL I FUNDO DE INVESTIMENTO FINANCEIRO EM AÇÕES - RESPONSABILIDADE LIMITADA,CAIXA INSTITUCIONAL BDR NIVEL I FIF ACOES - RESP LTDA 5929 17502937000168 17.502.937/0001-68,GERAL,17h00,Não,Não,,NÃO SE APLICA,"PJ PRIV, PJ PUB",,https://www.caixa.gov.br/Downloads/aplicacao-financeira-qdd/QDD_5929.pdf,https://web.microsoftstream.com/video/d81cd129-394e-4fda-99cf-dd88633d940f?channelId=772517ff-88ae-4298-88f2-3ed5a5893c3e,,2013-06-24T00:00:00Z
ACOES,CAIXA FIF ACOES BRASIL IBX-50 RESP LTDA,CAIXA FIF ACOES BRASIL IBX-50 RESP LTDA,18/02/2008,"1,92026400","-0,066","-5,86","1,31","17,99","187,641",RPPS,RPPS,https://www.caixa.gov.br/fundos-investimento/fundos-de-acoes/fi-acoes-brasil-ibx-50,Sim,nome_aproximado_1.00,03737217000177,5396,5396,GOV,GOV,Arrojado,IBX50,Ações,RV - Ações,AÇÕES,0.7,0.7,0.01,0.01,0.01,0.01,D+1 (du),D+1 (du),D+03 (du),17:00,Sim,Não,Não,Sim,"[""GOV"", ""RPPS""]","[""GOV"", ""RPPS""]",http://www.caixa.gov.br/fundos-investimento/fundos-de-acoes/fi-acoes-brasil-ibx-50,,http://www.caixa.gov.br/downloads/aplicacao-financeira-regulamentos/RG_5396.pdf,https://www.caixa.gov.br/Downloads/aplicacao-financeira-termos-adesao/TA_5396.pdf,https://www.caixa.gov.br/Downloads/aplicacao-financeira-comunicado-aos-cotistas/FR_5396.pdf,https://www.caixa.gov.br/Downloads/aplicacao-financeira-inf-com/FIC_5396.pdf,,,2026-08-11T00:00:00Z,FI657,CAIXA BRASIL IBX-50 FIF ACOES - RESP LTDA,CAIXA BRASIL IBX-50 FUNDO DE INVESTIMENTO FINANCEIRO EM AÇÕES - RESPONSABILIDADE LIMITADA,CAIXA BRASIL IBX-50 FIF ACOES - RESP LTDA 5396 03737217000177 03.737.217/0001-77,GERAL,17h00,Não,Não,100.0,AUTOMATICO,PJ PUB,RPPS,https://www.caixa.gov.br/Downloads/aplicacao-financeira-qdd/QDD_5396.pdf,,,2008-02-18T00:00:00Z
ACOES,CAIXA ATENA FIC FIF AÇÕES BRASIL LIVRE QUANT RESP LTDA,CAIXA ATENA FIC FIF ACOES BRASIL LIVRE QUANT RESP LTDA,31/07/2019,"1,82003700","-0,274","-6,83","-12,21","4,27","672,515",RPPS,RPPS,http://www.caixa.gov.br/fundos-investimento/fundos-de-acoes/FIC-FIA-Brasil-Acoes-Livres/Paginas/default.aspx,Sim,nome_aproximado_1.00,30068169000144,6425,6425,GOV,GOV,Arrojado,NÃO SE APLICA,Ações,RV - Ações,AÇÕES,2.0,,0.01,0.01,0.01,0.01,D+1 (du),D+13 (du),D+15 (du),17:00,Não,Não,Não,Sim,"[""GOV"", ""RPPS""]","[""GOV"", ""RPPS""]",http://www.caixa.gov.br/fundos-investimento/fundos-de-acoes/FIC-FIA-Brasil-Acoes-Livres/Paginas/default.aspx,,https://www.caixa.gov.br/downloads/aplicacao-financeira-regulamentos/RG_6425.pdf,https://www.caixa.gov.br/Downloads/aplicacao-financeira-termos-adesao/TA_6425.pdf,https://www.caixa.gov.br/Downloads/aplicacao-financeira-comunicado-aos-cotistas/FR_6425.pdf,https://www.caixa.gov.br/Downloads/aplicacao-financeira-inf-com/FIC_6425.pdf,,Fundo fechado para novas aplicações a partir de 05/02/2026 inclusive,2026-08-11T00:00:00Z,FI657,CAIXA ATENA BRASIL ACOES LIVRE QUANT FIC FIF ACOES - RESP LTDA,CAIXA ATENA BRASIL AÇÕES LIVRE QUANT FUNDO DE INVESTIMENTO EM COTAS DE CLASSE DE FUNDO DE INVESTIMENTO FINANCEIRO EM AÇÕES - RESPONSABILIDADE LIMITADA,CAIXA ATENA BRASIL ACOES LIVRE QUANT FIC FIF ACOES - RESP LTDA 6425 30068169000144 30.068.169/0001-44,GERAL,17h00,Não,Não,100.0,AUTOMATICO,PJ PUB,RPPS,https://www.caixa.gov.br/Downloads/aplicacao-financeira-qdd/QDD_6425.pdf,,,2019-07-31T00:00:00Z
ACOES,CAIXA FIC ACOES EXPERT VINCI VALOR DIVIDENDOS RPPS RESP LTDA,CAIXA FIC ACOES EXPERT VINCI VALOR DIVIDENDOS RPPS RESP LTDA,23/08/2012,"3,30480800","-0,189","-6,22","1,58","15,57","1.252,662",RPPS,RPPS,https://www.caixa.gov.br/fundos-investimento/rpps/caixa-fic-acoes-vinci-valor-dividendos-rpps,Sim,nome_aproximado_1.00,15154441000115,6160,6160,RPPS²,RPPS²,Arrojado,IBOV,Ações,RV - Ações,AÇÕES,,0.96,10000.0,100.0,1000.0,100.0,D+1 (du),D+30 (du),D+32 (du),13:00,Sim,Não,Não,Não,"[""RPPS""]","[""RPPS""]",https://www.caixa.gov.br/fundos-investimento/rpps/caixa-fic-acoes-vinci-valor-dividendos-rpps,,https://www.caixa.gov.br/downloads/aplicacao-financeira-regulamentos/RG_6160.pdf,https://www.caixa.gov.br/Downloads/aplicacao-financeira-termos-adesao/TA_6160.pdf,https://www.caixa.gov.br/Downloads/aplicacao-financeira-comunicado-aos-cotistas/FR_6160.pdf,https://www.caixa.gov.br/Downloads/aplicacao-financeira-inf-com/FIC_6160.pdf,,"As movimentações devem ser solicitadas por meio do Boleta Fundos: https://caixa.sharepoint.com/sites/5419/SitePages/Boleta-Fundos.aspx. Para orientações, verificar o FI657.",2026-08-11T00:00:00Z,FI657,CAIXA EXPERT VINCI VALOR DIVIDENDOS RPPS FIC FIF ACOES - RESP LTDA,CAIXA EXPERT VINCI VALOR DIVIDENDOS RPPS FUNDO DE INVESTIMENTO EM COTAS DE CLASSE DE FUNDO DE INVESTIMENTO FINANCEIRO EM AÇÕES - RESP LIMITADA,CAIXA EXPERT VINCI VALOR DIVIDENDOS RPPS FIC FIF ACOES - RESP LTDA 6160 15154441000115 15.154.441/0001-15,GERAL,13h00,Não,Não,,NÃO SE APLICA,PJ PUB,RPPS,https://www.caixa.gov.br/Downloads/aplicacao-financeira-qdd/QDD_6160.pdf,,,2012-08-23T00:00:00Z
ACOES,CAIXA FIC ACOES EXPERT VINCI VALOR RPPS RESP LTDA,CAIXA FIC ACOES EXPERT VINCI VALOR RPPS RESP LTDA,12/12/2011,"2,36313500","-0,093","-6,33","-0,01","15,53","722,387",RPPS,RPPS,https://www.caixa.gov.br/fundos-investimento/rpps/caixa-fic-acoes-vinci-valor-rpps,Sim,nome_aproximado_1.00,14507699000195,5563,5563,RPPS²,RPPS²,Arrojado,IBOV,Ações,RV - Ações,AÇÕES,,0.96,10000.0,100.0,1000.0,100.0,D+1 (du),D+21 (du),D+23 (du),13:00,Sim,Não,Não,Não,"[""RPPS""]","[""RPPS""]",https://www.caixa.gov.br/fundos-investimento/rpps/caixa-fic-acoes-vinci-valor-rpps,,https://www.caixa.gov.br/downloads/aplicacao-financeira-regulamentos/RG_5563.pdf,https://www.caixa.gov.br/Downloads/aplicacao-financeira-termos-adesao/TA_5563.pdf,,https://www.caixa.gov.br/Downloads/aplicacao-financeira-inf-com/FIC_5563.pdf,,"As movimentações devem ser solicitadas por meio do Boleta Fundos: https://caixa.sharepoint.com/sites/5419/SitePages/Boleta-Fundos.aspx. Para orientações, verificar o FI657.",2026-08-11T00:00:00Z,FI657,CAIXA EXPERT VINCI VALOR RPPS FIC FIF ACOES - RESP LTDA,CAIXA EXPERT VINCI VALOR RPPS FUNDO DE INVESTIMENTO EM COTAS DE CLASSE DE FUNDO DE INVESTIMENTO FINANCEIRO EM AÇÕES - RESPONSABILIDADE LIMITADA,CAIXA EXPERT VINCI VALOR RPPS FIC FIF ACOES - RESP LTDA 5563 14507699000195 14.507.699/0001-95,GERAL,13h00,Não,Não,,NÃO SE APLICA,PJ PUB,RPPS,https://www.caixa.gov.br/Downloads/aplicacao-financeira-qdd/QDD_5563.pdf,,,2011-12-12T00:00:00Z
RENDA FIXA CURTO PRAZO,CAIXA FIC FIF PRÁTICO RF CURTO PRAZO RESP LTDA,CAIXA FIC FIF PRATICO RF CURTO PRAZO RESP LTDA,02/10/1995,"9,62882100","0,044","0,49","7,57","12,55","2.733,218",TODOS,TODOS,https://www.caixa.gov.br/fundos-investimento/curto-prazo/fic-pratico-curto-prazo,Sim,nome_exato,00834074000123,0055,55,GOV,GOV,Conservador,CDI,Renda Fixa,RF 100% TPF - Curto Prazo,CURTO PRAZO,1.7,1.7,0.01,0.01,0.01,0.01,D+0 (du),D+0 (du),D+00 (du),18:00,Não,Não,Sim,Não,"[""GOV""]","[""GOV""]",http://www.caixa.gov.br/fundos-investimento/curto-prazo/fic-pratico-curto-prazo,,https://www.caixa.gov.br/downloads/aplicacao-financeira-regulamentos/RG_0055.pdf,https://www.caixa.gov.br/Downloads/aplicacao-financeira-termos-adesao/TA_0055.pdf,https://www.caixa.gov.br/Downloads/aplicacao-financeira-comunicado-aos-cotistas/FR_0055.pdf,https://www.caixa.gov.br/Downloads/aplicacao-financeira-inf-com/FIC_0055.pdf,,"Movimentações: O FUNDO oferece mecanismo resgate automático.

Para ativar a funcionalidade de Resgate Automático, acessar o SIART -> Movimentação Automática -> Marcar

As regras da funcionalidade de Movimentação Automática estão descritas no MN TE099.

**Esse fundo não possui adiantamento de resgate, os resgates efetuados ficarão disponíveis no processamento noturno.",2026-08-11T00:00:00Z,FI657,CAIXA PRATICO FIC FIF RF CURTO PRAZO - RESP LTDA,CAIXA PRÁTICO FUNDO DE INVESTIMENTO EM COTAS DE CLASSE DE FUNDO DE INVESTIMENTO FINANCEIRO RENDA FIXA CURTO PRAZO - RESPONSABILIDADE LIMITADA,CAIXA PRATICO FIC FIF RF CURTO PRAZO - RESP LTDA 0055 00834074000123 00.834.074/0001-23,GERAL,18h00,Não,Não,,NÃO SE APLICA,PJ PUB,GOV,,,,1995-10-02T00:00:00Z
RENDA FIXA CURTO PRAZO,CAIXA FIC FIF TRANSFERÊNCIA VOLUNTÁRIA RF CP RESP LTDA,CAIXA FIC FIF TRANSFERENCIA VOLUNTARIA RF CP RESP LTDA,16/10/2012,"2,53572200","0,044","0,49","7,56","12,53","18.215,462",TODOS,TODOS,https://www.caixa.gov.br/fundos-investimento/curto-prazo/fic-transferencias-voluntarias-curto-prazo,Não,sem_match,,,,,,,,,,,,,,,,,,,,,,,,,,,,,,,,,,,,,,,,,,,,,,,,,,,
